VEHICLE_ID,MODEL_YEAR,MAKE,MODEL,VEHICLE_TYPE,DRIVELINE,FUEL_TYPE,CURRENT_ODOM,IN_SERVICE_DATE,FUEL_CAPACITY
02AC3DF683985F904330715D795F964A,2018,TOYOTA,TACOMA,PICKUP TRUCK,RWD,GASOLINE,354,2018-08-17,21.1
BCC25C366809712DDD6F94A47D2CACE3,2018,TOYOTA,TACOMA,PICKUP TRUCK,RWD,GASOLINE,1421,2018-09-27,21.1
6C9263186A44202581F21AAB7241BC83,2018,TOYOTA,TACOMA,PICKUP TRUCK,RWD,GASOLINE,2800,2018-08-29,21.1
D9F818D3D3B2AC94BD93746741866D47,2018,TOYOTA,TACOMA,PICKUP TRUCK,RWD,GASOLINE,9299,2018-08-30,21.1
501621034B5C54F219DCACE11A6D3807,2018,TOYOTA,TACOMA,PICKUP TRUCK,RWD,GASOLINE,2002,2018-09-14,21.1
2226EE08E5A4DD1349DB0428D4B6B98B,2018,TOYOTA,TACOMA,PICKUP TRUCK,RWD,GASOLINE,6051,2018-09-05,21.1
F7B5EF033AFE97B098583843F0024F01,2018,TOYOTA,TACOMA,PICKUP TRUCK,RWD,GASOLINE,3727,2018-08-23,21.1
0CF6A788369782A31B862E15729EF8DA,2018,TOYOTA,TACOMA,PICKUP TRUCK,RWD,GASOLINE,2420,2018-09-11,21.1
D5F1AD075D9E3FFA93BAEA962CCCE670,2018,TOYOTA,TACOMA,PICKUP TRUCK,RWD,GASOLINE,3540,2018-08-13,21.1
354515BD1E9FF29536973C45CB7A7FDE,2018,TOYOTA,TACOMA,PICKUP TRUCK,RWD,GASOLINE,124,2018-10-12,21.1
5556652C8A9FEACC24712BACECAAB6DA,2018,TOYOTA,TACOMA,PICKUP TRUCK,4WD,GASOLINE,1180,2018-09-18,21.1
BDBAB4BAD06ED87C10309567911665DA,2018,TOYOTA,TACOMA,PICKUP TRUCK,RWD,GASOLINE,571,2018-10-19,21.1
1397E4631F859A26B5129C5DBDDCD3F3,2018,TOYOTA,TACOMA,PICKUP TRUCK,RWD,GASOLINE,,2018-10-03,21.1
1CEFF32A7CA12B54D5F697C53B60A5D0,2018,TOYOTA,CAMRY,PASSENGER CAR,FWD,GASOLINE,6346,2018-07-09,14.5
1014CA7012EB42F3996149414EAECA37,2017,FORD,F-150,PICKUP TRUCK,RWD,GASOLINE,25150,2017-04-06,23
95128E6C5238DC44C0A74B1499B76F0A,2017,FORD,F-150,PICKUP TRUCK,RWD,GASOLINE,18438,2017-03-31,23
0FA303F5D5CC8B3EB42222B208A75AC8,2017,FORD,F-150,PICKUP TRUCK,RWD,GASOLINE,55432,2017-03-28,23
0F4A53D6060E8D0B84D2BC8F439790D2,2017,FORD,F-150,PICKUP TRUCK,RWD,GASOLINE,37400,2017-03-20,23
249DDC03CCFF8F86AB1EFCEC56BB7150,2017,FORD,F-150,PICKUP TRUCK,RWD,GASOLINE,37054,2017-04-11,23
A69A9574B32749366516C85512929CC4,2017,FORD,F-150,PICKUP TRUCK,RWD,GASOLINE,50206,2017-03-27,23
1EC59E81C19D06B756368B7B123E4578,2017,FORD,F-150,PICKUP TRUCK,RWD,GASOLINE,44404,2017-04-06,23
24F76D33DFE5787A1A60E78165EB1913,2017,FORD,F-150,PICKUP TRUCK,RWD,GASOLINE,19065,2017-03-24,23
9B9DEC2BA7AE7AADF8BE12C6E9D3161D,2017,FORD,F-150,PICKUP TRUCK,RWD,GASOLINE,53253,2017-04-25,23
411E8CEB7273DC27DCAE4726E793D9A3,2017,FORD,F-150,PICKUP TRUCK,RWD,GASOLINE,27769,2017-07-06,23
BB43024DCE34F436B300C4B43524A1D6,2017,FORD,F-150,PICKUP TRUCK,RWD,GASOLINE,36261,2017-04-25,23
8A56CBB35829FCB4A2BFB4A5540A9C5F,2017,FORD,F-150,PICKUP TRUCK,RWD,GASOLINE,41443,2017-05-24,23
98479BD2A4DE465F57070E25F86ECA6F,2017,FORD,F-150,PICKUP TRUCK,RWD,GASOLINE,26135,2017-11-27,23
7BCF6EF82CDEB1AD0BBC5B33BDB04D1F,2017,FORD,F-150,PICKUP TRUCK,RWD,GASOLINE,53244,2017-04-14,23
068953A84E127F893AEA45162FC83D2F,2017,FORD,F-150,PICKUP TRUCK,RWD,GASOLINE,15591,2017-07-25,23
2F6F8FFA28F8820924498EAC2D65AFE7,2017,FORD,F-150,PICKUP TRUCK,RWD,GASOLINE,22540,2017-07-10,23
8BFF98785BFD1E6EE95707C3CB02A719,2017,FORD,F-150,PICKUP TRUCK,RWD,GASOLINE,38683,2017-04-20,23
3F1ED9CA20FBC1BD9AF9098A1C513608,2016,FORD,FOCUS,PASSENGER CAR,FWD,GASOLINE/E85,105233,2015-10-28,12.4
1EB18A3988C20461FC535D3BE8965CDE,2016,FORD,FOCUS,PASSENGER CAR,FWD,GASOLINE/E85,47554,2015-10-19,12.4
42AF2FD0CC91240D88A8E4774A058227,2016,FORD,EXPLORER,MULTIPURPOSE VEHICLE (MPV),FWD,GASOLINE,95595,2015-10-24,18.6
B31A1EA5B71EAE99671421AA99F5AD8D,2017,FORD,F-150,PICKUP TRUCK,RWD,GASOLINE,16476,2018-02-14,23
D9699E32CD03C146795023C6537AF34F,2017,FORD,F-150,PICKUP TRUCK,RWD,GASOLINE,14078,2018-01-09,23
D60CD7DA2E634AFB4621BEEC624E1DDF,2017,FORD,F-150,PICKUP TRUCK,RWD,GASOLINE,16207,2018-01-19,23
1920E220551E552FA8D30EF0557150AD,2017,FORD,F-150,PICKUP TRUCK,RWD,GASOLINE,40895,2017-04-13,23
D8A1932E198739EA7F3120F6AD3D811E,2018,TOYOTA,TACOMA,PICKUP TRUCK,RWD,GASOLINE,,2018-08-16,21.1
CECE8EBE96A9205C8AEA2BCAC230EF39,2018,TOYOTA,TACOMA,PICKUP TRUCK,RWD,GASOLINE,6988,2018-06-28,21.1
7CD764023FBA0093FEBEFE62509C76C3,2018,TOYOTA,TACOMA,PICKUP TRUCK,RWD,GASOLINE,4500,2018-06-25,21.1
A9C784AD385A05A68E5E8156E57C8E03,2018,TOYOTA,TACOMA,PICKUP TRUCK,RWD,GASOLINE,3110,2018-06-28,21.1
D593984C587236AA0B611848C5093E44,2018,TOYOTA,TACOMA,PICKUP TRUCK,RWD,GASOLINE,5070,2018-06-28,21.1
997EDC7DD9F0A16DDBACCD17E6E9888D,2018,TOYOTA,TACOMA,PICKUP TRUCK,RWD,GASOLINE,606,2018-06-14,21.1
16C54F7382F15B4A561086CD3CAB7EB3,2018,TOYOTA,TACOMA,PICKUP TRUCK,RWD,GASOLINE,6295,2018-07-27,21.1
5CD2133BC838446CD9EB0EF40D470D83,2018,TOYOTA,TACOMA,PICKUP TRUCK,RWD,GASOLINE,4785,2018-06-28,21.1
07CF2F30A6F1B6D35BEB3CF9716D0F1B,2018,TOYOTA,TACOMA,PICKUP TRUCK,RWD,GASOLINE,7541,2018-06-15,21.1
9D3D2ABDE7DA799A0CB5836472F4298B,2018,TOYOTA,TACOMA,PICKUP TRUCK,RWD,GASOLINE,12804,2018-05-25,21.1
338FAB7352BDD868CE70728D883C80EB,2018,TOYOTA,TACOMA,PICKUP TRUCK,RWD,GASOLINE,9384,2018-06-15,21.1
90A39714B3954A7B9BFFC17C0167D27D,2018,TOYOTA,TACOMA,PICKUP TRUCK,RWD,GASOLINE,5120,2018-06-25,21.1
EC440D777403E3BFEA46D45DFCC1C96D,2018,TOYOTA,TACOMA,PICKUP TRUCK,RWD,GASOLINE,7100,2018-07-20,21.1
35F0F3C26A9C0F5B797E7E8CA928D548,2018,TOYOTA,TACOMA,PICKUP TRUCK,4WD,GASOLINE,11136,2018-05-23,21.1
97E996C7F1E17E71AAFF73ED468C7C94,2018,TOYOTA,RAV4,MULTIPURPOSE VEHICLE (MPV),4WD,GASOLINE,20370,2018-05-18,15.9
569972846FDB68D49474F38CFC1C94AC,2018,TOYOTA,RAV4,MULTIPURPOSE VEHICLE (MPV),4WD,GASOLINE,20317,2018-05-18,15.9
2803729AB0E439F1B553F69904270D3B,2018,TOYOTA,TACOMA,PICKUP TRUCK,4WD,GASOLINE,7856,2018-05-18,21.1
18FD19B54B2485FB3099E3B5F4D09334,2018,TOYOTA,TACOMA,PICKUP TRUCK,RWD,GASOLINE,2405,2018-08-23,21.1
41238EA01061B56C229A68F076CCE5C1,2018,TOYOTA,TACOMA,PICKUP TRUCK,RWD,GASOLINE,6566,2018-06-14,21.1
F1247F0A88E7D29BA51A8B8ADCE06691,2018,TOYOTA,TUNDRA,PICKUP TRUCK,4WD,GASOLINE,5844,2018-08-03,26.4
F68829808B9A2F072E263FCE703A1C55,2018,TOYOTA,TACOMA,PICKUP TRUCK,RWD,GASOLINE,5488,2018-06-14,21.1
927473EA81C102A6DD9CF189B066D92F,2018,TOYOTA,RAV4,MULTIPURPOSE VEHICLE (MPV),4WD,GASOLINE,14168,2018-05-18,15.9
2C30A3F81905CD19E9421B543F09E0A7,2018,TOYOTA,TUNDRA,PICKUP TRUCK,4WD,GASOLINE,1180,2018-07-11,26.4
DE7244B76796770797913FA7E2DA56D2,2018,TOYOTA,RAV4,MULTIPURPOSE VEHICLE (MPV),4WD,GASOLINE,18902,2018-05-18,15.9
F1C4523893EC8FFAE0374F01C7AF8AF0,2018,TOYOTA,TUNDRA,PICKUP TRUCK,4WD,GASOLINE,7056,2018-08-03,26.4
62404AA4E0F8C2FE352FD1D5B4492F63,2018,TOYOTA,RAV4,MULTIPURPOSE VEHICLE (MPV),4WD,GASOLINE,6863,2018-05-18,15.9
8B87C4129CA45A45C42F3D73035C1705,2018,TOYOTA,TUNDRA,PICKUP TRUCK,4WD,GASOLINE,3416,2018-07-23,26.4
C2670DA3027C1F387B93C745459DD14B,2018,TOYOTA,TUNDRA,PICKUP TRUCK,4WD,GASOLINE,8818,2018-07-11,26.4
1A8C0073CB804300EE83106E850DEA7C,2018,TOYOTA,TUNDRA,PICKUP TRUCK,4WD,GASOLINE,16351,2018-06-18,26.4
9C38EB6CDB4CF6F848DB942AEFAD6A20,2018,TOYOTA,TACOMA,PICKUP TRUCK,RWD,GASOLINE,4538,2018-06-25,21.1
36850BFBDAA2A945CCBE79826115DBDF,2018,TOYOTA,TACOMA,PICKUP TRUCK,RWD,GASOLINE,4568,2018-06-28,21.1
8C9724B2BEA169DC5583C0BACEA8FE5F,2018,TOYOTA,TACOMA,PICKUP TRUCK,RWD,GASOLINE,5123,2018-07-20,21.1
77570F84748EAEE7164193445BAD5922,2018,TOYOTA,TACOMA,PICKUP TRUCK,RWD,GASOLINE,9134,2018-07-27,21.1
B68C2D3FA7FDE329593CB08F58650855,2018,TOYOTA,TACOMA,PICKUP TRUCK,4WD,GASOLINE,14217,2018-05-23,21.1
0F852BE01DB8BBEF4671822768C5CAB8,2018,TOYOTA,TUNDRA,PICKUP TRUCK,4WD,GASOLINE,4332,2018-07-23,26.4
0418C0A15466FFF0AA820686F953E95A,2018,TOYOTA,TACOMA,PICKUP TRUCK,4WD,GASOLINE,10003,2018-05-18,21.1
E5C6E69D8188F38FB63C7A3570BCA17F,2018,TOYOTA,RAV4,MULTIPURPOSE VEHICLE (MPV),4WD,GASOLINE,19481,2018-05-18,15.9
CD934EC99C1F14A2192D52EE3DB6F2B6,2016,CHEVROLET,SILVERADO,PICKUP TRUCK,RWD,GASOLINE/E85,53960,2016-04-29,34
80E1F8078E9EEFDFC5920CDE7254B15E,2016,CHEVROLET,SILVERADO,PICKUP TRUCK,RWD,GASOLINE/E85,53728,2016-05-19,34
6C332E124C3DC73E8B4C10E94578B934,2016,CHEVROLET,SILVERADO,PICKUP TRUCK,RWD,GASOLINE/E85,38893,2016-05-10,34
F3A760FEAB4F5B166441C9C784E7268C,2016,CHEVROLET,SILVERADO,PICKUP TRUCK,RWD,GASOLINE/E85,94550,2016-04-22,34
F58B7467D15B8BB58CC275CD5BD5AEB8,2016,CHEVROLET,SILVERADO,PICKUP TRUCK,RWD,GASOLINE/E85,70448,2016-05-20,34
99BC6243B05B55FD38E34F1685EA006E,2016,CHEVROLET,SILVERADO,PICKUP TRUCK,RWD,GASOLINE/E85,53588,2016-05-12,34
639B23514BB57F24CC6755338C95A1F4,2016,CHEVROLET,SILVERADO,PICKUP TRUCK,RWD,GASOLINE/E85,65966,2016-05-03,34
4206464D7399451CB71B143342969A49,2016,CHEVROLET,SILVERADO,PICKUP TRUCK,RWD,GASOLINE/E85,45330,2016-05-20,34
70CF3B7BB875CFD1EB981880F189D9B3,2016,CHEVROLET,SILVERADO,PICKUP TRUCK,RWD,GASOLINE/E85,129268,2016-05-20,34
0870366AEEFE69DBF00A43DE7D872C16,2016,CHEVROLET,SILVERADO,PICKUP TRUCK,RWD,GASOLINE/E85,83767,2016-04-21,34
D229F1C6B931604B1A8DD48C54E2E0C9,2016,CHEVROLET,SILVERADO,PICKUP TRUCK,RWD,GASOLINE/E85,43856,2016-06-08,34
CFCA00A6F71C036B80519AE02B1B89F3,2016,CHEVROLET,SILVERADO,PICKUP TRUCK,RWD,GASOLINE/E85,34976,2016-06-01,34
CA59C72E7A2625F4681B8A82F46F1983,2016,CHEVROLET,SILVERADO,PICKUP TRUCK,RWD,GASOLINE/E85,51610,2016-06-22,34
0382E124DE2FE034F5CE089B53EA8EE8,2016,CHEVROLET,SILVERADO,PICKUP TRUCK,RWD,GASOLINE/E85,19438,2016-06-08,34
A3205553A1D80BE85919B26CB36D4950,2016,CHEVROLET,SILVERADO,PICKUP TRUCK,RWD,GASOLINE/E85,39508,2016-05-10,34
DE37B315FDD87B174949E3C9DA5D79FA,2016,CHEVROLET,SILVERADO,PICKUP TRUCK,RWD,GASOLINE/E85,28998,2016-06-01,34
7A4EF974AA5E3DA30B82B64000FD3F1E,2016,CHEVROLET,SILVERADO,PICKUP TRUCK,RWD,GASOLINE/E85,52762,2016-06-15,34
264CB5D1084FF51185897A77CAF29494,2016,CHEVROLET,SILVERADO,PICKUP TRUCK,RWD,GASOLINE/E85,77238,2016-06-15,34
04CA24D6281A666DE2985C1CDD74D8B1,2016,CHEVROLET,SILVERADO,PICKUP TRUCK,RWD,GASOLINE/E85,49944,2016-05-23,34
68B16FC07AE5DFAC026A782832241168,2016,CHEVROLET,SILVERADO,PICKUP TRUCK,RWD,GASOLINE/E85,56900,2016-06-01,34
F1FB800D2D37AF97DBE347B362E24E36,2016,CHEVROLET,SILVERADO,PICKUP TRUCK,RWD,GASOLINE/E85,71555,2016-06-03,34
736991445DEC42E1ECFF0902E3CA96DE,2016,CHEVROLET,SILVERADO,PICKUP TRUCK,RWD,GASOLINE/E85,77597,2016-05-17,34
3C3EBD603DEB478D5CA5C83395628792,2016,CHEVROLET,SILVERADO,PICKUP TRUCK,RWD,GASOLINE/E85,70679,2016-06-01,34
39CBC6F7A1C183468A33DF81ADB922A3,2016,CHEVROLET,SILVERADO,PICKUP TRUCK,RWD,GASOLINE/E85,67212,2016-06-10,34
59B600B67AD6004E1AAAD3780C6A9C96,2016,CHEVROLET,SILVERADO,PICKUP TRUCK,RWD,GASOLINE/E85,78122,2016-05-26,34
561323C467850ED012D1C570BF0F153A,2016,CHEVROLET,SILVERADO,PICKUP TRUCK,RWD,GASOLINE/E85,68795,2016-06-06,34
17A51347617D6E07280C5CCE0238D2FF,2016,CHEVROLET,SILVERADO,PICKUP TRUCK,RWD,GASOLINE/E85,57870,2016-05-19,34
C557CF8F401EE0212CD31F068674DB9F,2016,CHEVROLET,SILVERADO,PICKUP TRUCK,RWD,GASOLINE/E85,46099,2016-05-26,34
CC8EAD11258576CD4580AA4BF68BB3B6,2016,CHEVROLET,SILVERADO,PICKUP TRUCK,RWD,GASOLINE/E85,77363,2016-05-24,34
EB18746C7C27A57421D7EB18D5DDD65F,2016,CHEVROLET,SILVERADO,PICKUP TRUCK,RWD,GASOLINE/E85,81879,2016-06-02,34
3CD0BD84285EC49CA8259230BB471821,2016,CHEVROLET,SILVERADO,PICKUP TRUCK,RWD,GASOLINE/E85,77990,2016-05-31,34
E2377498BD1F925F7205ABA3A70036A9,2016,CHEVROLET,SILVERADO,PICKUP TRUCK,RWD,GASOLINE/E85,92260,2016-05-24,34
17876ABEDCC0CA57B4DC49849C8D9F50,2016,CHEVROLET,SILVERADO,PICKUP TRUCK,RWD,GASOLINE/E85,85933,2016-05-20,34
0959B97234D2B5369C39121022401EC2,2016,CHEVROLET,SILVERADO,PICKUP TRUCK,RWD,GASOLINE/E85,71491,2016-05-11,34
3EE13F8B96B624121943857A0E42FD15,2016,CHEVROLET,SILVERADO,PICKUP TRUCK,RWD,GASOLINE/E85,72865,2016-05-12,34
E78D8BA391CB2317F01F73F585C99240,2016,CHEVROLET,SILVERADO,PICKUP TRUCK,RWD,GASOLINE/E85,58094,2016-06-06,34
80856519CF076F4511A213324AEEC7CF,2016,CHEVROLET,SILVERADO,PICKUP TRUCK,RWD,GASOLINE/E85,49579,2016-05-11,34
52471140723F2732DA3B2525C3606B46,2016,CHEVROLET,SILVERADO,PICKUP TRUCK,RWD,GASOLINE/E85,39289,2016-05-25,34
13A90A24EC1EACD5CE05DD2EBE49D4E9,2016,CHEVROLET,SILVERADO,PICKUP TRUCK,RWD,GASOLINE/E85,55820,2016-05-25,34
C314AB1886BDBAED5AC18A7B3060CC83,2016,CHEVROLET,SILVERADO,PICKUP TRUCK,RWD,GASOLINE/E85,39432,2016-07-08,34
8C0B228EE3B9356332536E3627BE9ED3,2016,CHEVROLET,SILVERADO,PICKUP TRUCK,RWD,GASOLINE/E85,88874,2016-06-10,34
DF779A1561BCB0A77A26B5B82A4A4726,2016,CHEVROLET,SILVERADO,PICKUP TRUCK,RWD,GASOLINE/E85,106481,2016-06-07,34
E7964E8B1890D1CAAC1E8B8BFDB76FFD,2016,CHEVROLET,SILVERADO,PICKUP TRUCK,RWD,GASOLINE/E85,75847,2016-06-08,34
EE0B3A66C48A4BE9CD07CFF05D1D253B,2016,CHEVROLET,SILVERADO,PICKUP TRUCK,RWD,GASOLINE/E85,51109,2016-06-08,34
2386EFEB6477D33615D2F80368526D13,2016,CHEVROLET,SILVERADO,PICKUP TRUCK,RWD,GASOLINE/E85,77801,2016-06-03,34
932552404FA68091BC7FA02D6FF18E21,2016,CHEVROLET,SILVERADO,PICKUP TRUCK,RWD,GASOLINE/E85,94174,2016-05-13,34
230858F704E755FB97F6008FA6188E47,2016,CHEVROLET,SILVERADO,PICKUP TRUCK,RWD,GASOLINE/E85,58102,2016-06-27,34
6ADA649410746EC9DF814179138D0F24,2018,TOYOTA,TUNDRA,PICKUP TRUCK,RWD,GASOLINE,8420,2018-07-13,38
C4EAFC5C78600536E54F9ECBF7C89E74,2018,TOYOTA,TUNDRA,PICKUP TRUCK,RWD,GASOLINE,3578,2018-08-23,26.4
6F38802966071E8257B64B4E1CEE00F1,2018,TOYOTA,TUNDRA,PICKUP TRUCK,RWD,GASOLINE,1654,2018-08-17,26.4
80071A544DBC1A4E92A47B67E5B50A81,2018,TOYOTA,TUNDRA,PICKUP TRUCK,4WD,GASOLINE/E85,1641,2018-10-02,26.4
8C004A19F18153FE9A0BFA54A0CE8EFE,2018,TOYOTA,TUNDRA,PICKUP TRUCK,RWD,GASOLINE,3096,2018-09-14,26.4
361780BB9586A350777AF4E9F84F7FC9,2018,TOYOTA,TUNDRA,PICKUP TRUCK,RWD,GASOLINE,2674,2018-08-28,26.4
7DB80E3F632835695C263DE3F2F91969,2018,TOYOTA,TUNDRA,PICKUP TRUCK,4WD,GASOLINE,2320,2018-08-24,38
A07536971559E83C37D96A9CAF24B7EC,2018,TOYOTA,TUNDRA,PICKUP TRUCK,RWD,GASOLINE,6168,2018-08-23,26.4
29E51CB9667CF2441BA49C8B923414DB,2018,TOYOTA,TACOMA,PICKUP TRUCK,RWD,GASOLINE,3201,2018-08-29,21.1
3798B1E4DEEEB38C33DD20EEF4867B42,2018,TOYOTA,TUNDRA,PICKUP TRUCK,RWD,GASOLINE,6041,2018-09-29,26.4
16F693FBBAF3A46DE9E6AC52C16352E6,2018,TOYOTA,TUNDRA,PICKUP TRUCK,RWD,GASOLINE,757,2018-08-22,26.4
B3C468F8C7140D9D1F8F686DDDC5756C,2018,TOYOTA,TUNDRA,PICKUP TRUCK,RWD,GASOLINE,7436,2018-08-16,26.4
7A123B2F02BADF93EB3A31FA2068C26D,2018,TOYOTA,TUNDRA,PICKUP TRUCK,RWD,GASOLINE,4303,2018-09-05,26.4
DB3F4F3BBC5F59D125E5B056CA17B695,2018,TOYOTA,TACOMA,PICKUP TRUCK,RWD,GASOLINE,7378,2018-07-19,21.1
14B47D0D2168BAA47300C6B1C63C825C,2018,TOYOTA,TACOMA,PICKUP TRUCK,RWD,GASOLINE,7369,2018-07-30,21.1
9CEF0F050114AB71BA5EAF464D90E210,2018,TOYOTA,TUNDRA,PICKUP TRUCK,RWD,GASOLINE,294,2018-10-04,26.4
CA8B092CCB001ABC02DA99A2ACF7DF2F,2018,TOYOTA,CAMRY,PASSENGER CAR,FWD,GASOLINE,15660,2018-06-22,16
D809B16F4231B9954528B90F7F73C8C6,2018,TOYOTA,TUNDRA,PICKUP TRUCK,RWD,GASOLINE,4779,2018-09-20,26.4
26F8A6EC020DB2E64F6BA395FCB4E6D3,2018,TOYOTA,TACOMA,PICKUP TRUCK,RWD,GASOLINE,6054,2018-08-01,21.1
F3E17CD2E1024C7AEB91521671A989CE,2018,TOYOTA,TUNDRA,PICKUP TRUCK,RWD,GASOLINE,2660,2018-08-29,26.4
7B1AD9E12282F28B8AA4D39F2086EAEC,2018,TOYOTA,TUNDRA,PICKUP TRUCK,RWD,GASOLINE,3459,2018-10-01,26.4
21308DACE2C852ED1E4EBCA7CB2CE77D,2018,TOYOTA,TUNDRA,PICKUP TRUCK,RWD,GASOLINE,3762,2018-09-19,26.4
C11F31B5A032BD335CF50FF7C4F8A179,2018,TOYOTA,TUNDRA,PICKUP TRUCK,RWD,GASOLINE,4141,2018-09-14,26.4
5F586357299B33FFF0A802DCB47B6A55,2018,TOYOTA,TUNDRA,PICKUP TRUCK,RWD,GASOLINE,4669,2018-08-01,26.4
482F707E5D987D713160B017222939A1,2018,TOYOTA,TUNDRA,PICKUP TRUCK,RWD,GASOLINE,351,2018-10-25,26.4
F93AB36C9E14D69526E7EC11FBC93991,2018,TOYOTA,TACOMA,PICKUP TRUCK,RWD,GASOLINE,5962,2018-07-23,21.1
B2A28D5F3F393F0534CBE4D7A0458841,2018,TOYOTA,TUNDRA,PICKUP TRUCK,RWD,GASOLINE,1356,2018-10-02,26.4
DB6061DBA613A022F6E8DD09D2E17956,2018,TOYOTA,TACOMA,PICKUP TRUCK,RWD,GASOLINE,3104,2018-07-30,21.1
08CA52A858A452FC20CA00A816CE521F,2018,TOYOTA,TACOMA,PICKUP TRUCK,RWD,GASOLINE,3693,2018-08-13,21.1
FAC5C6508F8A083502F9B0B729F7E4C9,2018,TOYOTA,TACOMA,PICKUP TRUCK,RWD,GASOLINE,7236,2018-07-26,21.1
649841297F0755B5C0214A694D5AA4EB,2017,FORD,F-150,PICKUP TRUCK,RWD,GASOLINE,25291,2017-11-10,23
CC1246C2FB65CA7A9F35F6E0F2DB7229,2017,FORD,F-150,PICKUP TRUCK,RWD,GASOLINE,36726,2017-11-03,23
CA303DE70F69DAD9A44C83DD4D83035C,2017,FORD,F-150,PICKUP TRUCK,RWD,GASOLINE,25258,2017-11-17,23
98929351961FADE0034EC9C1ADB6E3F5,2017,FORD,F-150,PICKUP TRUCK,RWD,GASOLINE,22020,2017-09-18,23
F53E6B9F3400A89007E3CA9698E85C64,2018,TOYOTA,TUNDRA,PICKUP TRUCK,RWD,GASOLINE,10140,2018-07-07,26.4
52BEF58F3768F5F0DCEDEAA743BA805F,2018,TOYOTA,TACOMA,PICKUP TRUCK,RWD,GASOLINE,12132,2018-08-06,21.1
73213836A5B839BEB1E03948D8F2F202,2018,TOYOTA,TACOMA,PICKUP TRUCK,RWD,GASOLINE,12715,2018-07-12,21.1
072089ADE3B0A1AA1C807725BE546EED,2018,TOYOTA,TUNDRA,PICKUP TRUCK,RWD,GASOLINE,739,2018-09-07,26.4
94D2A6EC5849C2576D07C89FF4FEE18A,2018,TOYOTA,TUNDRA,PICKUP TRUCK,RWD,GASOLINE,90,2018-09-06,26.4
6356087B26A57573E79D17477EB49706,2018,TOYOTA,TUNDRA,PICKUP TRUCK,RWD,GASOLINE,6240,2018-08-14,26.4
E1074BA8293AC164D095EF1B99B16D75,2018,TOYOTA,TUNDRA,PICKUP TRUCK,RWD,GASOLINE,2708,2018-08-23,26.4
BED350557F59C4D1C83915E1C7217CBD,2018,TOYOTA,TUNDRA,PICKUP TRUCK,4WD,GASOLINE/E85,5757,2018-07-20,26.4
2A4CF3A5A9257742444E1F298295C5BC,2017,FORD,F-150,PICKUP TRUCK,RWD,GASOLINE/E85,31324,2017-09-05,36
BCF1BFA3ABEAF7E901757684A4F3F9F2,2017,FORD,F-150,PICKUP TRUCK,RWD,GASOLINE/E85,20116,2018-01-26,36
44AD4D9293D664C68856CCC20F2DF628,2017,FORD,TRANSIT VAN,VAN,RWD,GASOLINE/E85,13511,2017-11-06,25
EB39A9DEBC2FB18D0D100CA83C2A0816,2017,FORD,TRANSIT VAN,VAN,RWD,GASOLINE/E85,15459,2018-01-05,25
D0DE7BEBAEB573577F273667B1B58A72,2017,FORD,TRANSIT VAN,VAN,RWD,GASOLINE/E85,8879,2017-11-01,25
8DF2D541D11ACCDAFE2EF43F75AE3C27,2017,FORD,TRANSIT VAN,VAN,RWD,GASOLINE/E85,27354,2017-10-24,25
12FC6837973968CD58DDC774887419DE,2017,FORD,F-150,PICKUP TRUCK,RWD,GASOLINE/E85,19512,2017-09-14,36
4AEA8C9BFEE5333B5387494B77E0A22E,2017,FORD,F-150,PICKUP TRUCK,RWD,GASOLINE/E85,19635,2018-03-16,36
56200268A3C2A5542CA4706930282FCA,2017,FORD,F-150,PICKUP TRUCK,RWD,GASOLINE/E85,15716,2018-04-25,36
BAE7BF4EEC87FDA17902ACB0A5EDD83A,2017,FORD,F-150,PICKUP TRUCK,RWD,GASOLINE/E85,18803,2018-01-16,36
A25B005F1D7BBB1E526C21E39E993392,2017,FORD,F-150,PICKUP TRUCK,RWD,GASOLINE/E85,25806,2017-11-06,36
1E8A5BF9C96E299A54C720CF9A56635B,2017,FORD,F-150,PICKUP TRUCK,RWD,GASOLINE/E85,8790,2017-11-30,36
A75398CF7B1D81F491F1F9668BE20888,2017,FORD,F-150,PICKUP TRUCK,RWD,GASOLINE/E85,25129,2018-01-23,36
B2D32FCA05317B753D0754243F377D47,2017,FORD,TRANSIT VAN,VAN,RWD,GASOLINE/E85,19140,2017-11-06,25
D567D33909A0CF2797A8CB758F67489E,2017,FORD,F-150,PICKUP TRUCK,RWD,GASOLINE,9936,2018-02-23,23
CEBA28EDEB851116BD60ABD2AE284E9C,2016,FORD,F-150,PICKUP TRUCK,RWD,GASOLINE/E85,54168,2017-01-20,23
6F7F921D437C5B61AAB813141E2BBCEB,2016,FORD,F-150,PICKUP TRUCK,RWD,GASOLINE/E85,72711,2016-12-08,23
C7DE0DB8A45227118B33E1A2639490BC,2018,TOYOTA,TACOMA,PICKUP TRUCK,RWD,GASOLINE,4033,2018-08-14,21.1
2A975D66C2B52475C558C89EAC1D214A,2018,TOYOTA,TACOMA,PICKUP TRUCK,RWD,GASOLINE,4654,2018-08-29,21.1
21FB3B9AE207F02DDFEFEFE0ED5719D9,2018,TOYOTA,TACOMA,PICKUP TRUCK,RWD,GASOLINE,1614,2018-09-10,21.1
19E1602F44373611FC34C103D359CE5B,2018,TOYOTA,TACOMA,PICKUP TRUCK,RWD,GASOLINE,10,2018-10-22,21.1
469CFA7D2199187DE5DAE47790979D86,2018,TOYOTA,TACOMA,PICKUP TRUCK,RWD,GASOLINE,826,2018-09-28,21.1
19D6EBBDE3C4489AA18D927DC1AB97F2,2018,TOYOTA,TACOMA,PICKUP TRUCK,RWD,GASOLINE,807,2018-10-18,21.1
A1C2ACD7307B9E698FCDD1659F74FD59,2018,TOYOTA,TACOMA,PICKUP TRUCK,RWD,GASOLINE,868,2018-10-17,21.1
D24CAAADDB64392D2A82C220FBAB8154,2018,TOYOTA,TACOMA,PICKUP TRUCK,RWD,GASOLINE,1280,2018-10-15,21.1
9E9FB6CEFBAAF6A3636F98BBDDDF79DB,2018,TOYOTA,TACOMA,PICKUP TRUCK,RWD,GASOLINE,,2018-10-19,21.1
8E0D31F80310D74E996A00DE0A38B9C8,2018,TOYOTA,TACOMA,PICKUP TRUCK,RWD,GASOLINE,,2018-10-24,21.1
DAED98791AF2FCFE2C8B43C093268BFC,2018,TOYOTA,TACOMA,PICKUP TRUCK,RWD,GASOLINE,1256,2018-09-18,21.1
CBDE250E3C19794EADCF262B11E0126F,2018,TOYOTA,TACOMA,PICKUP TRUCK,RWD,GASOLINE,2726,2018-09-13,21.1
F62D30E0330972FE32CF0C10040E52FF,2018,TOYOTA,TACOMA,PICKUP TRUCK,RWD,GASOLINE,272,2018-10-29,21.1
1D3ECEA7859BE7599E8782870843DC0E,2018,TOYOTA,TACOMA,PICKUP TRUCK,RWD,GASOLINE,,2018-10-29,21.1
64D07250CF53CF6379BF3E7BA13C01C8,2018,TOYOTA,TACOMA,PICKUP TRUCK,RWD,GASOLINE,737,2018-10-01,21.1
82F2FE3BCEAE34980F26D47A9DFCA0A0,2018,TOYOTA,TACOMA,PICKUP TRUCK,RWD,GASOLINE,180,2018-10-11,21.1
99A58C0D9E44BBAE850DEA8F97D82179,2018,TOYOTA,TACOMA,PICKUP TRUCK,RWD,GASOLINE,1555,2018-09-26,21.1
7BDCE48A3689B7A5930CAE4959D8F41B,2018,TOYOTA,TACOMA,PICKUP TRUCK,RWD,GASOLINE,1092,2018-08-30,21.1
C1B8C14E46F736781AF21DB58186D7F5,2018,TOYOTA,TACOMA,PICKUP TRUCK,RWD,GASOLINE,490,2018-10-15,21.1
B198DF62CA75C8DBE7A2CEF8A8AFE0B2,2018,TOYOTA,TACOMA,PICKUP TRUCK,RWD,GASOLINE,,2018-09-20,21.1
D066C0709FE841E221EA6A39F67E840F,2018,TOYOTA,TACOMA,PICKUP TRUCK,RWD,GASOLINE,4,2018-09-10,21.1
4A3A430E4DA4471C9A86ED43E1BB6354,2018,TOYOTA,TACOMA,PICKUP TRUCK,RWD,GASOLINE,2369,2018-09-27,21.1
013151ECA3625CCE02EB822B432820C4,2018,TOYOTA,TACOMA,PICKUP TRUCK,RWD,GASOLINE,5623,2018-09-10,21.1
63DACD35EC105D6A48E1EEE3DC354DC2,2018,TOYOTA,TACOMA,PICKUP TRUCK,RWD,GASOLINE,661,2018-10-08,21.1
D471BECBDD6FB2A0493B7759ECC27384,2018,TOYOTA,TACOMA,PICKUP TRUCK,RWD,GASOLINE,1323,2018-09-21,21.1
4413540CDF9AA08E001B9245DB71C1EF,2018,TOYOTA,TACOMA,PICKUP TRUCK,RWD,GASOLINE,5,2018-09-11,21.1
24685B833A2D3C4A18E821E737281BB8,2018,TOYOTA,TACOMA,PICKUP TRUCK,RWD,GASOLINE,597,2018-10-18,21.1
EF075FE87F21B2A206C290E0621391E2,2018,TOYOTA,TACOMA,PICKUP TRUCK,RWD,GASOLINE,8167,2018-08-13,21.1
BF9D03CDA3F6CD9E8FA377969924B848,2018,TOYOTA,TACOMA,PICKUP TRUCK,RWD,GASOLINE,2249,2018-08-29,21.1
11078986922525F96CBB786EFC3AA730,2018,TOYOTA,TACOMA,PICKUP TRUCK,RWD,GASOLINE,573,2018-10-26,21.1
52ED22BACA6DF0FBFDACB13C04E5D9C9,2018,TOYOTA,TACOMA,PICKUP TRUCK,RWD,GASOLINE,843,2018-10-04,21.1
10BC54A07CC6A81D5BF8A5A777138647,2018,TOYOTA,TACOMA,PICKUP TRUCK,RWD,GASOLINE,1982,2018-10-16,21.1
6715D9E4D68F7A3A8F125FEDF278439F,2015,FORD,F-150,PICKUP TRUCK,4WD,GASOLINE,24726,2016-02-06,23
D9BFD7D108BB0064667764EDFABAEDE1,2016,FORD,TRANSIT VAN,VAN,RWD,GASOLINE/E85,130118,2016-07-30,25
DC4586BB49FB3E9D5C47AB31DB317181,2016,FORD,TRANSIT VAN,VAN,RWD,GASOLINE/E85,87670,2016-08-19,25
FB78D7D2FB805DD64139523D8822FF44,2016,FORD,TRANSIT VAN,VAN,RWD,GASOLINE/E85,86292,2016-08-04,25
9A857A72036820E071875AFE8488F989,2016,FORD,TRANSIT VAN,VAN,RWD,GASOLINE/E85,14509,2016-08-04,25
5CE7D38EBA9BD52B7865557BBE30F178,2016,FORD,TRANSIT VAN,VAN,RWD,GASOLINE/E85,45920,2016-08-17,25
4DFEDEF779846E3DFB6952F6BF80282E,2016,FORD,TRANSIT VAN,VAN,RWD,GASOLINE/E85,31288,2016-07-20,25
CEB46367DEB8A82E1C1FC2E3CC9E19E4,2016,FORD,TRANSIT VAN,VAN,RWD,GASOLINE/E85,39432,2016-07-15,25
93813388634F5D006BC2C035ACD0C00E,2016,FORD,TRANSIT VAN,VAN,RWD,GASOLINE/E85,53620,2016-07-11,25
0015590625D5520C1BC3E07DDFAD39AF,2016,FORD,TRANSIT VAN,VAN,RWD,GASOLINE/E85,48335,2016-07-28,25
75618189C35762AC413A635CE7363DF5,2016,FORD,TRANSIT VAN,VAN,RWD,GASOLINE/E85,54331,2016-07-21,25
64E88BC0920E9E1A153A68E6105511A0,2016,FORD,FOCUS,PASSENGER CAR,FWD,GASOLINE/E85,67220,2016-12-19,12.4
195DB41B7F6C4C184659A33403D30556,2016,FORD,FOCUS,PASSENGER CAR,FWD,GASOLINE/E85,48449,2016-12-12,12.4
506BEA231E42DFC773D7D20276D3E642,2016,FORD,FOCUS,PASSENGER CAR,FWD,GASOLINE/E85,48400,2016-12-06,12.4
713029693A380404F7F83404AB345448,2017,CHEVROLET,SILVERADO,PICKUP TRUCK,RWD,GASOLINE/E85,36646,2016-12-07,26
4F93C9B3E1D8AC736F5402706F008027,2016,FORD,FOCUS,PASSENGER CAR,FWD,GASOLINE/E85,35434,2016-12-12,12.4
AF9757EFBAB9567AB432E2F9E77674E8,2017,FORD,F-150,PICKUP TRUCK,RWD,GASOLINE/E85,24677,2017-09-29,36
FDFDA6DB32F4D8E9B935F52D2F64832B,2017,FORD,F-150,PICKUP TRUCK,RWD,GASOLINE/E85,36250,2017-08-29,36
F22EFFBA0E16F3CAA8BBDD87F0F5B897,2017,FORD,F-150,PICKUP TRUCK,RWD,GASOLINE/E85,34019,2017-10-25,36
0D1DD97719ABA5D696F293AAA1F88593,2017,FORD,F-150,PICKUP TRUCK,RWD,GASOLINE/E85,12319,2018-01-08,36
3D2162D07A87B9FC072AAB305AA8F51B,2017,FORD,F-150,PICKUP TRUCK,RWD,GASOLINE/E85,27496,2018-01-03,36
E78BB0D7C5B23C61929BAA205A54A742,2017,FORD,F-150,PICKUP TRUCK,RWD,GASOLINE/E85,18796,2017-12-01,36
5AFB9B75187F1F149B5F97AB72B553B2,2017,FORD,F-150,PICKUP TRUCK,RWD,GASOLINE/E85,1433,2018-01-22,36
C655219C6C4115EAD01F3722D1624E9D,2017,FORD,F-150,PICKUP TRUCK,RWD,GASOLINE/E85,37589,2017-08-31,36
7E1F98DE0FE49DCED4E24F5942D907F2,2017,FORD,F-150,PICKUP TRUCK,RWD,GASOLINE,26783,2018-01-05,23
E15AD2089DFF47544C786D97C3E47F22,2017,FORD,F-150,PICKUP TRUCK,RWD,GASOLINE,33100,2017-10-31,23
715E7152DD655C7B373D879BFA0CB807,2017,FORD,F-150,PICKUP TRUCK,RWD,GASOLINE,34785,2018-01-31,23
DBCAC32D1E36DE648043F7C698270F49,2017,FORD,F-150,PICKUP TRUCK,RWD,GASOLINE,17241,2017-09-19,23
B9A9BE71EA9ACC0660868D39A7BBAC7F,2017,FORD,F-150,PICKUP TRUCK,RWD,GASOLINE,33756,2017-11-07,23
661AE88202F6A66EFF809535E869C962,2017,FORD,F-150,PICKUP TRUCK,RWD,GASOLINE,15077,2018-01-30,23
6EC62585812BE9E2AAA9F45C8AF911C2,2017,FORD,F-150,PICKUP TRUCK,RWD,GASOLINE/E85,20059,2018-02-24,36
E62400BF534367C397CB3A0951DC2588,2017,FORD,F-150,PICKUP TRUCK,RWD,GASOLINE/E85,20844,2017-10-11,36
2D03B74AE04CC764CAE13321DE892733,2017,FORD,F-150,PICKUP TRUCK,RWD,GASOLINE/E85,26986,2017-11-06,36
21765D28E35DC50533B908B8E81FCE36,2017,FORD,F-150,PICKUP TRUCK,RWD,GASOLINE/E85,21482,2018-04-03,36
72942C1144542D8E93AD2ED4453AA1DF,2017,FORD,F-150,PICKUP TRUCK,RWD,GASOLINE/E85,1613,2018-01-05,36
E192EA5FC6001C503DC78C256372FAB7,2017,FORD,F-150,PICKUP TRUCK,RWD,GASOLINE/E85,18280,2017-12-13,36
C23CFB8BF67D08250B710A1427916743,2017,FORD,F-150,PICKUP TRUCK,RWD,GASOLINE/E85,20548,2017-09-19,36
26386F2A7729773A264A046E455458EC,2017,FORD,F-150,PICKUP TRUCK,RWD,GASOLINE/E85,29033,2017-09-14,36
2F766C2CBDAE2DED13127C1B5C1673BC,2017,FORD,F-150,PICKUP TRUCK,RWD,GASOLINE/E85,24571,2017-09-22,36
17EE69EB84B0FD146BF1704AA41729D4,2017,FORD,F-150,PICKUP TRUCK,RWD,GASOLINE/E85,35035,2017-08-18,36
C476FD025CC963322AB85EE4D678DAFF,2017,FORD,F-150,PICKUP TRUCK,RWD,GASOLINE/E85,24514,2017-09-19,36
7F380CA714DEE1B2BF709FB704489968,2017,FORD,F-150,PICKUP TRUCK,RWD,GASOLINE/E85,32293,2018-01-02,36
B37C18B338E759AA72B92E2EFA6D9885,2017,FORD,F-150,PICKUP TRUCK,RWD,GASOLINE/E85,29125,2018-02-26,36
9B54537E1BCE655A7984784BDA7A01A2,2017,FORD,F-150,PICKUP TRUCK,RWD,GASOLINE/E85,34247,2018-01-02,36
5D490239C853C5E701224838B24CAFE4,2017,FORD,F-150,PICKUP TRUCK,RWD,GASOLINE/E85,32089,2017-12-29,36
5D5C84909E933DD1A10E766520403769,2018,FORD,EXPLORER,MULTIPURPOSE VEHICLE (MPV),4WD,GASOLINE,12049,2018-06-08,18.6
6153DB5562B84A9592178BF851D00454,2018,TOYOTA,TACOMA,PICKUP TRUCK,RWD,GASOLINE,5398,2018-08-28,21.1
DBEFD48B32CA3CB535055B9C271597A7,2018,TOYOTA,TACOMA,PICKUP TRUCK,RWD,GASOLINE,5044,2018-09-17,21.1
89355DEF62628D08B6AA495C227649E5,2018,TOYOTA,TACOMA,PICKUP TRUCK,RWD,GASOLINE,5664,2018-09-07,21.1
16FE8CDDD9ACEE2598AC085C502A0DAC,2018,TOYOTA,TACOMA,PICKUP TRUCK,RWD,GASOLINE,,2018-09-17,21.1
8A9D2C2C42FECA5CF3ABA3BFC1B4D16C,2018,FORD,ESCAPE,MULTIPURPOSE VEHICLE (MPV),FWD,GASOLINE,2131,2018-05-14,15.7
A5961D79063779B69C310195C769CC9B,2018,TOYOTA,TACOMA,PICKUP TRUCK,RWD,GASOLINE,1170,2018-10-18,21.1
EBFB5944B800D4BCBA812421EB325DDC,2018,TOYOTA,TACOMA,PICKUP TRUCK,RWD,GASOLINE,2315,2018-09-11,21.1
F192BEBAE2148E66652658DD15525CF2,2018,TOYOTA,TACOMA,PICKUP TRUCK,RWD,GASOLINE,4301,2018-08-30,21.1
15C9062F8DE9422ADC9DF1BD9D00FE88,2018,TOYOTA,TACOMA,PICKUP TRUCK,RWD,GASOLINE,1026,2018-09-20,21.1
610C3A4F49BFDBE3E35A02464CFB13F2,2018,TOYOTA,TACOMA,PICKUP TRUCK,RWD,GASOLINE,3050,2018-08-17,21.1
E4E8957F835753B4459F0CE1CFA3EB5E,2018,TOYOTA,TACOMA,PICKUP TRUCK,RWD,GASOLINE,1176,2018-10-10,21.1
DD1A4CC27A6B79D9C39361E57B599677,2018,TOYOTA,TACOMA,PICKUP TRUCK,RWD,GASOLINE,360,2018-10-10,21.1
4482EC7ADAE62D9BDB4D644DA3E73B8F,2018,TOYOTA,TACOMA,PICKUP TRUCK,RWD,GASOLINE,273,2018-10-23,21.1
E5631EC6319445A1BD2E52F2784C0F7F,2018,TOYOTA,TACOMA,PICKUP TRUCK,RWD,GASOLINE,797,2018-08-10,21.1
A6A3F82661E1AC8CB6E1958A3BC09467,2018,TOYOTA,TACOMA,PICKUP TRUCK,RWD,GASOLINE,1146,2018-07-31,21.1
2E689553BFB7DAB35BBA8AB5F39C1372,2018,TOYOTA,TACOMA,PICKUP TRUCK,RWD,GASOLINE,3893,2018-08-28,21.1
E3E5F31A1C30F7B5AA6D2A48B453C51A,2018,TOYOTA,TACOMA,PICKUP TRUCK,RWD,GASOLINE,7126,2018-08-17,21.1
F3B5491E434715367849B8D689696AB0,2018,TOYOTA,TACOMA,PICKUP TRUCK,RWD,GASOLINE,1280,2018-10-09,21.1
434D8824414673A73DA3C29EC446BDAB,2018,TOYOTA,TACOMA,PICKUP TRUCK,RWD,GASOLINE,377,2018-08-21,21.1
057401A47FD2781BA03C7F69082CA6B6,2018,TOYOTA,TACOMA,PICKUP TRUCK,RWD,GASOLINE,,2018-10-18,21.1
6AFF8517D2BF4EE56EF0162526243C21,2018,TOYOTA,TACOMA,PICKUP TRUCK,RWD,GASOLINE,,2018-08-31,21.1
7D2AD3F8C780766E19CA1713FA017F2C,2017,FORD,F-150,PICKUP TRUCK,RWD,GASOLINE,31599,2017-05-04,23
19CBFE0A2680D79BA5866C26FCA3DA5E,2017,FORD,F-150,PICKUP TRUCK,RWD,GASOLINE,31916,2017-04-24,23
C088BEE3C88FE6612DAF6E388BCCC945,2017,FORD,F-150,PICKUP TRUCK,RWD,GASOLINE,23814,2017-06-13,23
595B1D4A9552CB073EA3BB4D2BC36EF3,2017,FORD,F-150,PICKUP TRUCK,RWD,GASOLINE,42835,2017-05-25,23
44D58A1CD44B9CB700BB01D64AFDAB84,2017,FORD,F-150,PICKUP TRUCK,RWD,GASOLINE,55160,2017-08-08,23
A2D44D22F727D8DBF084B2FBC5593284,2017,FORD,F-150,PICKUP TRUCK,RWD,GASOLINE,34197,2017-05-16,23
0DAE819811CB5F1D3C0D5FB4738917E7,2017,FORD,F-150,PICKUP TRUCK,RWD,GASOLINE,48688,2017-05-16,23
6DB2F73CBC72A0532C75BC40E7D18CE0,2017,FORD,F-150,PICKUP TRUCK,RWD,GASOLINE,41135,2017-08-07,23
C950B8DBB9C8E433BE6A9C32A2E0D2C8,2017,FORD,F-150,PICKUP TRUCK,RWD,GASOLINE,12618,2017-08-02,23
98A775C5138CF84CE0E2E0B11F540162,2017,FORD,F-150,PICKUP TRUCK,RWD,GASOLINE,69990,2017-06-01,23
6106B7488DEDBC2F070E1188D59F675A,2018,TOYOTA,TACOMA,PICKUP TRUCK,RWD,GASOLINE,,2018-09-27,21.1
63DF7E2C0BE8EF1FFF666EAD7378E403,2018,TOYOTA,TACOMA,PICKUP TRUCK,RWD,GASOLINE,7556,2018-08-20,21.1
CDB9C916032C0158A0934AE1200AD476,2018,TOYOTA,TACOMA,PICKUP TRUCK,RWD,GASOLINE,2637,2018-08-24,21.1
3F175A190CC918CB8BB292AD1AB19E48,2018,TOYOTA,TACOMA,PICKUP TRUCK,RWD,GASOLINE,1258,2018-10-10,21.1
6EABD2BD0D544AFF2756C831463096D9,2018,TOYOTA,TACOMA,PICKUP TRUCK,RWD,GASOLINE,9476,2018-07-24,21.1
812B5EDB5D497E2524402E3252EB1E60,2018,TOYOTA,TACOMA,PICKUP TRUCK,RWD,GASOLINE,1783,2018-10-01,21.1
1E9CDCC2B45454564D4DD441BC884A9F,2018,TOYOTA,TACOMA,PICKUP TRUCK,RWD,GASOLINE,9515,2018-07-20,21.1
64EB175D32DF91A5812C2798A475080E,2018,TOYOTA,TACOMA,PICKUP TRUCK,RWD,GASOLINE,1142,2018-09-27,21.1
6FB8113598061125C6A9F9020678BCE6,2018,TOYOTA,TACOMA,PICKUP TRUCK,RWD,GASOLINE,2537,2018-08-09,21.1
BEF0B8BCE71149F0FBC2327BD93F1028,2018,TOYOTA,TACOMA,PICKUP TRUCK,RWD,GASOLINE,5314,2018-09-13,21.1
2F32E78E16DBDADB3F47B82EEE6CD588,2018,TOYOTA,TACOMA,PICKUP TRUCK,RWD,GASOLINE,5423,2018-08-22,21.1
EF22B65540F1CA4D8783E3E7EADF646A,2018,TOYOTA,TACOMA,PICKUP TRUCK,RWD,GASOLINE,3093,2018-10-04,21.1
EA3F803D4D96BB5616CAD3028695E150,2018,TOYOTA,TACOMA,PICKUP TRUCK,RWD,GASOLINE,5317,2018-07-20,21.1
56E7319D1446D25E5AA4C78A42D97916,2018,TOYOTA,TACOMA,PICKUP TRUCK,RWD,GASOLINE,3056,2018-08-31,21.1
C9C39DB4280A8923BD15FE31E9927E96,2018,TOYOTA,TACOMA,PICKUP TRUCK,RWD,GASOLINE,5445,2018-08-29,21.1
45044D249FC0D6E781010911DBE49F11,2018,TOYOTA,TACOMA,PICKUP TRUCK,RWD,GASOLINE,3573,2018-09-13,21.1
D2C88E73256CB61C91702EADD49867FA,2018,TOYOTA,TACOMA,PICKUP TRUCK,RWD,GASOLINE,4919,2018-08-31,21.1
20E01F5EE8BA4F7209E00325A32A4C29,2018,TOYOTA,TACOMA,PICKUP TRUCK,RWD,GASOLINE,5634,2018-08-24,21.1
92087C9DAA5DB02653C802DFF5E4EFB2,2018,TOYOTA,TACOMA,PICKUP TRUCK,RWD,GASOLINE,4925,2018-08-23,21.1
B61188B1D64C5F3E09BE016FE8C6BB20,2018,TOYOTA,TACOMA,PICKUP TRUCK,RWD,GASOLINE,5479,2018-09-19,21.1
BFAE25A90E4E2064100BFF38E254FF74,2018,TOYOTA,TACOMA,PICKUP TRUCK,RWD,GASOLINE,867,2018-08-28,21.1
390502B9A5978AC96286D8E343C2FD48,2018,TOYOTA,TACOMA,PICKUP TRUCK,RWD,GASOLINE,180,2018-10-12,21.1
47119FEC30584CDA1580DB00CEA19E2D,2018,TOYOTA,TACOMA,PICKUP TRUCK,RWD,GASOLINE,8964,2018-08-21,21.1
259AEFC4B2995D276635979C068A1C67,2018,TOYOTA,TACOMA,PICKUP TRUCK,RWD,GASOLINE,13918,2018-07-24,21.1
76F07E979BAEE263A8B35DD5ADEF01CD,2018,TOYOTA,TACOMA,PICKUP TRUCK,RWD,GASOLINE,1243,2018-08-22,21.1
D94085DD6BF3966D8D51D27D6A522501,2018,TOYOTA,TACOMA,PICKUP TRUCK,RWD,GASOLINE,2275,2018-08-10,21.1
4CAC71B20A833C196C375316C2964AE0,2018,TOYOTA,TACOMA,PICKUP TRUCK,RWD,GASOLINE,4697,2018-08-24,21.1
246721ACE1C1012D7EE6E856969FE437,2018,TOYOTA,TACOMA,PICKUP TRUCK,RWD,GASOLINE,1880,2018-09-14,21.1
938E0E6ABDB0B6FCFB79BA7B272E5C41,2018,TOYOTA,TACOMA,PICKUP TRUCK,RWD,GASOLINE,2029,2018-09-14,21.1
3D5C30080A462D6CC46A165968E912E7,2018,TOYOTA,TACOMA,PICKUP TRUCK,RWD,GASOLINE,4133,2018-09-14,21.1
41F4F389B0D7A97D126AA8F86CA9451C,2018,TOYOTA,TACOMA,PICKUP TRUCK,RWD,GASOLINE,,2018-09-24,21.1
BC68EB0B8F5A795E3FDA568316D7FA1F,2018,TOYOTA,TACOMA,PICKUP TRUCK,RWD,GASOLINE,6293,2018-08-17,21.1
4C117C3363E972A4FAEE65A928878E6B,2018,TOYOTA,TACOMA,PICKUP TRUCK,RWD,GASOLINE,1125,2018-09-14,21.1
21DCB0F2673B8F65AD0D625EEBEF8AB0,2018,TOYOTA,TACOMA,PICKUP TRUCK,RWD,GASOLINE,2994,2018-09-07,21.1
CCBAF1989C19D8B9128ACC09E4754DCD,2018,TOYOTA,TACOMA,PICKUP TRUCK,RWD,GASOLINE,123,2018-10-12,21.1
AB10D2C3C92C6EB7AE8A238480CADA6C,2018,TOYOTA,TACOMA,PICKUP TRUCK,RWD,GASOLINE,5859,2018-09-07,21.1
6C29C41598A90AC85F16F3305039A7DD,2018,TOYOTA,TACOMA,PICKUP TRUCK,RWD,GASOLINE,9306,2018-08-14,21.1
6C21DFF5517A244D84850F55911DE43A,2018,TOYOTA,TACOMA,PICKUP TRUCK,RWD,GASOLINE,2502,2018-08-15,21.1
4066D5865E4096475EC2866ECB4550ED,2018,TOYOTA,TACOMA,PICKUP TRUCK,RWD,GASOLINE,,2018-10-15,21.1
B6C256588892F96E6551480E9ECDF8DE,2018,TOYOTA,TACOMA,PICKUP TRUCK,RWD,GASOLINE,1664,2018-10-17,21.1
CD81CFAE716CFE205709DBF83A111346,2018,TOYOTA,TACOMA,PICKUP TRUCK,RWD,GASOLINE,2681,2018-10-08,21.1
2F11946591CDB92CB56D64ABD484283A,2018,TOYOTA,TACOMA,PICKUP TRUCK,RWD,GASOLINE,,2018-07-23,21.1
09876F32F81419287D24153C87BFD63C,2018,TOYOTA,TACOMA,PICKUP TRUCK,RWD,GASOLINE,2303,2018-08-24,21.1
050CF84ED6792BEEB10BA9B5EB46D3F8,2018,TOYOTA,TACOMA,PICKUP TRUCK,RWD,GASOLINE,5891,2018-08-22,21.1
EBF3B6A18BB7DE4E3305255B3C91EE8A,2018,TOYOTA,TACOMA,PICKUP TRUCK,RWD,GASOLINE,4305,2018-10-03,21.1
BC990C937A8FFD70C53007A8A144BE84,2018,TOYOTA,TACOMA,PICKUP TRUCK,RWD,GASOLINE,1968,2018-08-24,21.1
C7E5EB8C0DC8849ABAE32B61769CA86D,2018,TOYOTA,TACOMA,PICKUP TRUCK,RWD,GASOLINE,6683,2018-08-06,21.1
A79B4DB60FF6AB7CFFF8D61CF8E2C01C,2018,TOYOTA,TACOMA,PICKUP TRUCK,RWD,GASOLINE,5157,2018-08-21,21.1
116BA9BC3EC15D921D35824365BD82BB,2018,TOYOTA,TACOMA,PICKUP TRUCK,RWD,GASOLINE,1382,2018-08-10,21.1
00E3550B1B274507A24B8C4B8B2F7D6D,2018,TOYOTA,TACOMA,PICKUP TRUCK,RWD,GASOLINE,,2018-10-04,21.1
571149B97D9518A44965F3FB9AFF9168,2018,TOYOTA,TACOMA,PICKUP TRUCK,RWD,GASOLINE,9562,2018-08-15,21.1
608BC5D500981948AA410F48827A28C9,2018,TOYOTA,TACOMA,PICKUP TRUCK,4WD,GASOLINE,8033,2018-07-25,21.1
D440FCDC15CE6DAEFC50DA6D48646584,2018,TOYOTA,TACOMA,PICKUP TRUCK,RWD,GASOLINE,4040,2018-08-09,21.1
E565D6238C88FEBE757B9769B0EE3F86,2018,TOYOTA,TACOMA,PICKUP TRUCK,RWD,GASOLINE,2940,2018-09-14,21.1
D9419A1509D44887701E1AF416C0FDA8,2018,TOYOTA,TACOMA,PICKUP TRUCK,RWD,GASOLINE,5425,2018-09-14,21.1
596B3EA89E9B26BB7E73046A1EE3DBB5,2018,TOYOTA,TACOMA,PICKUP TRUCK,RWD,GASOLINE,952,2018-09-14,21.1
09EA86E80FACC6615143054D1E1DF4C7,2018,TOYOTA,TACOMA,PICKUP TRUCK,RWD,GASOLINE,2870,2018-09-26,21.1
8EF9C860AE42F87514B809DCCD9984A2,2017,FORD,F-150,PICKUP TRUCK,RWD,GASOLINE,43930,2017-04-12,23
FF74693BFAE880372AC448C935EB7069,2017,FORD,F-150,PICKUP TRUCK,RWD,GASOLINE,52267,2017-06-23,23
2FBF8E76C3B43A5A7410B6FCEACAD7EE,2017,FORD,F-150,PICKUP TRUCK,RWD,GASOLINE,17879,2017-07-25,23
FD6142072CC3BF6EF6070BBF862F3B7B,2017,FORD,F-150,PICKUP TRUCK,RWD,GASOLINE,50176,2017-06-29,23
EAEBC2D43273833FE53DFD26C92C3FBB,2017,FORD,F-150,PICKUP TRUCK,RWD,GASOLINE,50022,2017-05-16,23
F9BEE6DCEC14F020139CF5EDBB0703B8,2017,FORD,F-150,PICKUP TRUCK,RWD,GASOLINE,43803,2017-06-27,23
0B0934E43BF9FAB0270793354ECB6E4B,2016,FORD,F-350,PICKUP TRUCK,4WD; DUAL REAR WHEELS,GASOLINE/E85,51792,2016-12-23,40
C01E3049CF80CCC847F7A9493BDB7E77,2016,FORD,F-350,PICKUP TRUCK,4WD; DUAL REAR WHEELS,GASOLINE/E85,54081,2016-12-23,40
1091E6B2A8DDC3443087C3E68C9D57A9,2017,FORD,F-150,PICKUP TRUCK,RWD,GASOLINE,39821,2017-04-17,23
90BB1F65B9EAC5AF943542CB07A1A89B,2017,FORD,F-150,PICKUP TRUCK,RWD,GASOLINE,46321,2017-07-28,23
99D27621536713A8DFF3F0ACC8F9976A,2017,FORD,F-150,PICKUP TRUCK,RWD,GASOLINE,24466,2017-06-09,23
B0629F79637D17923BBD60C1959DBFE9,2017,FORD,F-150,PICKUP TRUCK,RWD,GASOLINE,62491,2017-06-01,23
FB08E29BC28ED74757C4467E02A55236,2016,FORD,F-350,PICKUP TRUCK,4WD; DUAL REAR WHEELS,GASOLINE/E85,35128,2017-01-16,40
EE207906D731CC28AB903E07DE6E5822,2017,FORD,F-150,PICKUP TRUCK,RWD,GASOLINE/E85,24247,2017-08-22,36
C3FCC907DB0776ACB7055BDF74A3FCFB,2017,FORD,F-150,PICKUP TRUCK,RWD,GASOLINE/E85,22117,2017-08-29,36
A1C85E5EE0B14A361858EF900D1C17B5,2017,FORD,TRANSIT VAN,VAN,RWD,GASOLINE/E85,32716,2017-11-09,25
58EB1B14D268E3A02A1F767F1ED61E03,2017,FORD,F-150,PICKUP TRUCK,RWD,GASOLINE/E85,24300,2017-12-06,36
A135C7C77C804348EF23686DB9077D41,2017,FORD,F-150,PICKUP TRUCK,RWD,GASOLINE/E85,14232,2018-01-04,36
56A54E0F7C00A1B2767A9D8FB82CE392,2017,FORD,TRANSIT VAN,VAN,RWD,GASOLINE/E85,54843,2017-11-07,25
C2644910422F324F47922714503CEFBF,2017,FORD,F-150,PICKUP TRUCK,RWD,GASOLINE/E85,42725,2017-09-22,36
F666CA90E1CBE95D7DB3939107976B6A,2017,FORD,F-150,PICKUP TRUCK,RWD,GASOLINE/E85,76986,2017-07-31,36
81D8368F6C06AF853AA9977ED085838E,2017,FORD,F-150,PICKUP TRUCK,RWD,GASOLINE/E85,31069,2017-08-24,36
B2D491DDB891A85656EF21656F5E0118,2017,FORD,F-150,PICKUP TRUCK,RWD,GASOLINE/E85,60951,2017-04-18,36
FFE6773CAD73DF73946915BBACBD04BD,2017,FORD,F-150,PICKUP TRUCK,RWD,GASOLINE/E85,58035,2017-05-09,36
E64738710C6A5FAFF26AB5F968159D3A,2017,FORD,F-150,PICKUP TRUCK,RWD,GASOLINE/E85,22662,2017-06-17,36
3D1C859275C676EB04015F063758E7BC,2017,FORD,F-150,PICKUP TRUCK,RWD,GASOLINE/E85,43123,2017-10-11,36
188B38BE380D9AB1485ED59E9D3306CB,2017,FORD,TRANSIT VAN,VAN,RWD,GASOLINE/E85,5597,2017-10-31,25
9C68377A87EB5D55902E344DBEA84415,2017,FORD,TRANSIT VAN,VAN,RWD,GASOLINE/E85,17146,2017-10-25,25
438021A195362BBB115A5523FE0B8547,2017,CHEVROLET,COLORADO,PICKUP TRUCK,RWD,GASOLINE/E85,24271,2017-09-13,21
70D5F709F11F506AF54417D444CF8157,2017,CHEVROLET,COLORADO,PICKUP TRUCK,RWD,GASOLINE/E85,15734,2017-10-06,21
E4086F5CBE7016E5ED301F41651901EB,2017,CHEVROLET,COLORADO,PICKUP TRUCK,RWD,GASOLINE/E85,10188,2017-07-20,21
D1FE7E6C045813BFD7D23B6F206928E1,2017,FORD,TRANSIT VAN,VAN,RWD,GASOLINE/E85,5505,2018-01-03,25
F9BAE88F39E4646A2092607E5B9C62EB,2017,FORD,TRANSIT VAN,VAN,RWD,GASOLINE/E85,25200,2017-12-07,25
06BD7BF442747E7928E92E9463B869A9,2018,TOYOTA,TACOMA,PICKUP TRUCK,RWD,GASOLINE,4567,2018-09-17,21.1
051276D810A3DE6BD19B50FB5CA77169,2018,TOYOTA,TACOMA,PICKUP TRUCK,RWD,GASOLINE,1996,2018-09-19,21.1
EE122AC77A3F88FCA375106A7693FE2B,2018,TOYOTA,TACOMA,PICKUP TRUCK,RWD,GASOLINE,,2018-09-05,21.1
CA165E072741B332B26EB50BECE6CA54,2018,TOYOTA,TACOMA,PICKUP TRUCK,RWD,GASOLINE,9871,2018-08-16,21.1
3637470E8AEC5C9B6C04771DE9299A5A,2018,TOYOTA,TACOMA,PICKUP TRUCK,RWD,GASOLINE,5180,2018-09-12,21.1
0BE8972420D621FBBDBF82AF163CEDB3,2018,TOYOTA,TACOMA,PICKUP TRUCK,RWD,GASOLINE,3517,2018-08-01,21.1
3583207925DAE4F24AF8209ECC68ED31,2018,TOYOTA,TACOMA,PICKUP TRUCK,RWD,GASOLINE,2500,2018-09-11,21.1
4C4FCF32EBBECD315D5F8AE3025C9F7E,2018,TOYOTA,TACOMA,PICKUP TRUCK,RWD,GASOLINE,1532,2018-09-19,21.1
0745E147AAC5DB7E56B6D54FE660BD95,2018,TOYOTA,TACOMA,PICKUP TRUCK,RWD,GASOLINE,,2018-09-24,21.1
D3369EF4B35BDAE1D8F21C541EC2EC08,2018,TOYOTA,TACOMA,PICKUP TRUCK,RWD,GASOLINE,3559,2018-09-21,21.1
3C8B9ECD07FFE5EEC84534D45F8DBD70,2018,TOYOTA,TACOMA,PICKUP TRUCK,RWD,GASOLINE,31,2018-10-16,21.1
DF4AABCDD8B620EEFC3C015B14C685C4,2018,TOYOTA,TACOMA,PICKUP TRUCK,RWD,GASOLINE,5891,2018-08-23,21.1
A540D9A3477E3B7DCE0EAE82530DE398,2018,TOYOTA,TACOMA,PICKUP TRUCK,RWD,GASOLINE,7050,2018-09-17,21.1
CA666ADCE18AD76303B929C01553F65D,2018,TOYOTA,TACOMA,PICKUP TRUCK,RWD,GASOLINE,3353,2018-09-18,21.1
48A3E98101B9B0F681E71E1CC1E1EBD9,2018,TOYOTA,TACOMA,PICKUP TRUCK,RWD,GASOLINE,3152,2018-08-30,21.1
0EBF77DBE42B10A0E24EBDEDD63BC271,2018,TOYOTA,TACOMA,PICKUP TRUCK,RWD,GASOLINE,7117,2018-08-27,21.1
FD1A14035193F91C1D463DBF538B1D45,2018,TOYOTA,TACOMA,PICKUP TRUCK,RWD,GASOLINE,2920,2018-08-29,21.1
E5D6A53A29BFD7B057449AA3B1F37AC8,2018,TOYOTA,TACOMA,PICKUP TRUCK,RWD,GASOLINE,4951,2018-08-15,21.1
46D9E97EC0F5185CE9B6E620D3849A7B,2018,TOYOTA,TACOMA,PICKUP TRUCK,RWD,GASOLINE,1708,2018-10-05,21.1
16100718F33CA41544C0848231F7E5BD,2018,TOYOTA,TACOMA,PICKUP TRUCK,RWD,GASOLINE,1501,2018-10-01,21.1
7425CECE46DF07F310009FA78A7C9BF5,2018,TOYOTA,TACOMA,PICKUP TRUCK,RWD,GASOLINE,3473,2018-09-17,21.1
239220587903EB91B465C0824EA9FE21,2018,TOYOTA,CAMRY,PASSENGER CAR,FWD,GASOLINE,2335,2018-09-06,14.5
24F50698F2AB77B9DEC4676433C8B351,2018,TOYOTA,TACOMA,PICKUP TRUCK,RWD,GASOLINE,1769,2018-10-05,21.1
922EA111E0DB14D53A20B1975B05BD8E,2018,TOYOTA,TACOMA,PICKUP TRUCK,RWD,GASOLINE,,2018-11-01,21.1
5441254E86ED31D8A407A7493237D7C3,2018,TOYOTA,TACOMA,PICKUP TRUCK,RWD,GASOLINE,2841,2018-09-12,21.1
BD35578FB5B2D6259BBF7F9B70190C9A,2018,TOYOTA,TACOMA,PICKUP TRUCK,RWD,GASOLINE,559,2018-09-17,21.1
CB05622440DE241DB4ABF17A2441C749,2018,TOYOTA,TACOMA,PICKUP TRUCK,RWD,GASOLINE,717,2018-08-24,21.1
822B50E50E9CEE44881DD45DE21A2C0F,2018,TOYOTA,TACOMA,PICKUP TRUCK,RWD,GASOLINE,2074,2018-09-20,21.1
D7456B7BDC2C4DC62890CD0970FEAD86,2018,TOYOTA,TACOMA,PICKUP TRUCK,RWD,GASOLINE,3059,2018-08-28,21.1
65A6D02E307E603388303B3261A3164B,2018,TOYOTA,TACOMA,PICKUP TRUCK,RWD,GASOLINE,4246,2018-09-07,21.1
705A3CCF0DC6A69C83F7204C64CBA4F1,2018,TOYOTA,TACOMA,PICKUP TRUCK,RWD,GASOLINE,6418,2018-09-07,21.1
1CFDF46E3B7AB6AA780D46229E5FA30F,2018,TOYOTA,TACOMA,PICKUP TRUCK,RWD,GASOLINE,,2018-09-05,21.1
73CDF2C550F38EF9C47EE984E56D9F40,2018,TOYOTA,TACOMA,PICKUP TRUCK,RWD,GASOLINE,450,2018-08-17,21.1
3183F77DA3EFC26D185FCD1AB67AE055,2018,TOYOTA,TACOMA,PICKUP TRUCK,RWD,GASOLINE,2253,2018-10-08,21.1
C72E4B55050B3199F2133A9C61F29ECA,2018,TOYOTA,TACOMA,PICKUP TRUCK,RWD,GASOLINE,5285,2018-08-23,21.1
33160662781C4774BA50815EC15C2339,2018,TOYOTA,TACOMA,PICKUP TRUCK,RWD,GASOLINE,3265,2018-09-13,21.1
1342B244EB5A45732E7DD49F3ECCB6A5,2018,TOYOTA,TACOMA,PICKUP TRUCK,RWD,GASOLINE,2413,2018-09-20,21.1
A307EBBE0451B9C5F43B119CAAB25EE0,2018,TOYOTA,TACOMA,PICKUP TRUCK,RWD,GASOLINE,3116,2018-09-14,21.1
6DE9D251E82BC10663405035C1C71F01,2018,TOYOTA,TACOMA,PICKUP TRUCK,RWD,GASOLINE,3159,2018-09-12,21.1
19FA579EFB08653B434A0D359EA89191,2018,TOYOTA,TACOMA,PICKUP TRUCK,RWD,GASOLINE,1858,2018-09-07,21.1
51254CE2ED172EFD7213F3854B3794DF,2018,TOYOTA,TACOMA,PICKUP TRUCK,RWD,GASOLINE,874,2018-08-24,21.1
10D539710D7D63A1B6557D7238055B80,2018,TOYOTA,TACOMA,PICKUP TRUCK,RWD,GASOLINE,,2018-10-25,21.1
38F485DAB38424EE5247A313E3525DD7,2018,TOYOTA,TACOMA,PICKUP TRUCK,RWD,GASOLINE,2797,2018-09-17,21.1
51C2D82473EBDFEEABBB61D4DE4DD594,2018,TOYOTA,TACOMA,PICKUP TRUCK,RWD,GASOLINE,1133,2018-09-19,21.1
C2FC69BBD174AE979E5824FFBC1630B7,2018,TOYOTA,TACOMA,PICKUP TRUCK,RWD,GASOLINE,5600,2018-09-11,21.1
56C57F9D73300B49C5E37BC1FF43E643,2018,TOYOTA,TACOMA,PICKUP TRUCK,RWD,GASOLINE,6351,2018-09-11,21.1
E56FC0250930D87476B92662A86471D2,2018,TOYOTA,TACOMA,PICKUP TRUCK,RWD,GASOLINE,949,2018-10-03,21.1
89A77D74C42FF8BC1A2523A88F70A2F9,2018,TOYOTA,TACOMA,PICKUP TRUCK,RWD,GASOLINE,4290,2018-09-20,21.1
D4042F1B32AE81C27EE2B30A327EFC69,2018,TOYOTA,TACOMA,PICKUP TRUCK,RWD,GASOLINE,2135,2018-09-14,21.1
9F414E735412534E1560C5775C8BC890,2018,TOYOTA,TACOMA,PICKUP TRUCK,RWD,GASOLINE,1531,2018-10-10,21.1
90D3A59B05304AC2425A45B407D52541,2018,TOYOTA,TACOMA,PICKUP TRUCK,RWD,GASOLINE,21,2018-08-28,21.1
495B0FC349B90591F9A7368B604CB2BF,2018,TOYOTA,TACOMA,PICKUP TRUCK,RWD,GASOLINE,2727,2018-09-01,21.1
4B379615790CFEFCAEF4BE1387990B28,2018,TOYOTA,TACOMA,PICKUP TRUCK,RWD,GASOLINE,,2018-09-20,21.1
D112F36FDA13D93E194E681683B80361,2018,TOYOTA,TACOMA,PICKUP TRUCK,RWD,GASOLINE,,2018-09-24,21.1
741E2518FE842AF6C86AE1A7C3047C36,2018,TOYOTA,CAMRY,PASSENGER CAR,FWD,GASOLINE,7781,2018-06-21,14.5
D1F3E02C37C7FFC60ED4239E254B31F7,2018,TOYOTA,TACOMA,PICKUP TRUCK,RWD,GASOLINE,2247,2018-09-13,21.1
2A70589F7E885B176D9DE04802EF7710,2018,TOYOTA,TACOMA,PICKUP TRUCK,RWD,GASOLINE,1490,2018-10-18,21.1
125846930600BD873C0A9E7404B99129,2018,TOYOTA,TACOMA,PICKUP TRUCK,RWD,GASOLINE,2716,2018-09-10,21.1
DEDDA274720F0FCBD56348F192394EB7,2017,FORD,F-150,PICKUP TRUCK,RWD,GASOLINE,64621,2017-02-27,23
B9D203E7DA636E71E5BAA7473D1B7BDC,2017,FORD,F-150,PICKUP TRUCK,RWD,GASOLINE,75229,2017-03-30,23
2DB5B2CFBDD1667EEF81DE638A8500B0,2017,FORD,F-150,PICKUP TRUCK,RWD,GASOLINE,24597,2017-03-29,23
FA50CA23FCD41655B93AB3ED48B9F637,2017,FORD,F-150,PICKUP TRUCK,RWD,GASOLINE,50006,2017-03-23,23
C989F80D257C01B7126A2B4F3269B69B,2017,FORD,F-150,PICKUP TRUCK,RWD,GASOLINE,25064,2017-03-10,23
047EBA01ABC592265A8843880E7FA0F5,2017,FORD,F-150,PICKUP TRUCK,RWD,GASOLINE,63000,2017-04-05,23
57E87A3DA62F7E71344F46AD953E2FB9,2017,FORD,F-150,PICKUP TRUCK,RWD,GASOLINE,5461,2017-05-03,23
101B32EB0B0AE2810F96063230B14459,2017,FORD,F-150,PICKUP TRUCK,RWD,GASOLINE,25402,2017-03-27,23
0F22561CE5E53EB6DCA05261BED88C08,2017,FORD,F-150,PICKUP TRUCK,RWD,GASOLINE,33143,2017-03-24,23
4F4A2E43F8EEDB6D7BFB6B191ABA52C2,2017,FORD,F-150,PICKUP TRUCK,RWD,GASOLINE,60497,2017-03-31,23
46E256D542D9232F1E50B6B5F7270E5E,2017,FORD,F-150,PICKUP TRUCK,RWD,GASOLINE,43461,2017-03-17,23
5FECE65090BA76A1D924A245E8ACAEEB,2017,FORD,F-150,PICKUP TRUCK,RWD,GASOLINE,36959,2017-03-27,23
DD083DE7FD73FA9A5B5FA68635173BFA,2017,FORD,F-150,PICKUP TRUCK,RWD,GASOLINE,46132,2017-03-28,23
828D1B33CD3E7691E104734E9C496B9F,2017,FORD,F-150,PICKUP TRUCK,RWD,GASOLINE,47999,2017-03-24,23
1DA1FB456E81142F9B8560E7BBC6EFC0,2017,FORD,F-150,PICKUP TRUCK,RWD,GASOLINE,39708,2017-04-05,23
B543D3CE487B17B5F64D6EC2114E594D,2017,FORD,F-150,PICKUP TRUCK,RWD,GASOLINE,18716,2017-03-13,23
BA930A11DBF56B5D77F5A677962BB240,2017,FORD,F-150,PICKUP TRUCK,RWD,GASOLINE,28375,2017-03-17,23
DD0862389A16E8B832C13B171F238884,2017,FORD,F-150,PICKUP TRUCK,RWD,GASOLINE,34606,2017-03-27,23
930F302C124C20296948AA246B462A41,2017,FORD,F-150,PICKUP TRUCK,RWD,GASOLINE,24023,2017-04-03,23
8441A5C2CB30DA35755D31A778F309D4,2017,FORD,F-150,PICKUP TRUCK,RWD,GASOLINE,50983,2017-05-02,23
028B14351BC9A0BA4FC4FA392E1631AF,2017,FORD,F-150,PICKUP TRUCK,RWD,GASOLINE,27831,2017-03-29,23
779E2ADA71D770982CD480C0796679DD,2017,FORD,F-150,PICKUP TRUCK,RWD,GASOLINE,44032,2017-03-27,23
4988909C5FFEAE0D83086832DB72E4C0,2017,FORD,F-150,PICKUP TRUCK,RWD,GASOLINE,39713,2017-04-28,23
10FB245D120972989066228008CF82EB,2017,FORD,F-150,PICKUP TRUCK,RWD,GASOLINE,29029,2017-03-29,23
C3E49703399295DBB5C66380269E8430,2017,FORD,F-150,PICKUP TRUCK,RWD,GASOLINE,63368,2017-03-28,23
DF1AB2BF3392DC88410569EDA7EE2BA6,2017,FORD,F-150,PICKUP TRUCK,RWD,GASOLINE,44435,2017-03-24,23
8188C1146D03421D2E6C88E059878C09,2018,FORD,E-450 SUPER DUTY,VAN,4X2,GASOLINE,,2018-08-03,55
44F3346BFE93DAB5D79FDEF59B5A948C,2018,FORD,TRANSIT VAN,VAN,RWD,GASOLINE/E85,14439,2018-08-02,25
E7D36D5A62F73AA5D99326378230B412,2018,FORD,E-450 SUPER DUTY,VAN,4X2,GASOLINE,3174,2018-08-06,55
28581C627D0B671618833B932046DBAF,2018,FORD,TRANSIT VAN,VAN,RWD,GASOLINE/E85,15410,2018-07-10,25
EAAF71F23849840F0BA07FF1B2FCCB66,2018,FORD,E-450 SUPER DUTY,VAN,4X2,GASOLINE,,2018-07-24,55
C067D929CD22BBACF27CD267AA1CA61C,2018,FORD,TRANSIT VAN,VAN,RWD,GASOLINE/E85,362,2018-08-14,25
B1409F297E9F14BB83E5BC95E59B2251,2016,FORD,FOCUS,PASSENGER CAR,FWD,GASOLINE/E85,43636,2015-12-08,12.4
B283BFFA5500745B913A69609FEF74EE,2015,FORD,F-350,PICKUP TRUCK,RWD,GASOLINE/E85,56260,2015-12-07,35
BA3B63BCED7AFE356B7C2803954CF8EB,2015,FORD,F-250,PICKUP TRUCK,RWD,GASOLINE/E85,88389,2015-12-07,35
06B5DC717C0C0FD8421A145950CF9F23,2017,FORD,F-150,PICKUP TRUCK,RWD,GASOLINE,36513,2017-04-18,23
E41BF835328F479984122DDE9DA2C473,2017,FORD,TRANSIT VAN,VAN,RWD,GASOLINE/E85,23283,2018-01-04,25
85F52D2948D4482F7901D632D1B99E8A,2017,FORD,TRANSIT VAN,VAN,RWD,GASOLINE/E85,30654,2017-11-29,25
619E10DB36A1E31AA48D6DD83CA9217A,2017,FORD,TRANSIT VAN,VAN,RWD,GASOLINE/E85,34439,2017-11-29,25
67E6A35C26825A9BFF5AEE67ADA51BA7,2017,FORD,TRANSIT VAN,VAN,RWD,GASOLINE/E85,9472,2017-11-28,25
96F17D9C370C965BCACFDA90EDEAA339,2016,FORD,FOCUS,PASSENGER CAR,FWD,GASOLINE/E85,39974,2016-07-12,12.4
77B0DB7E7825CBCA500C4DFEAEEFE186,2016,FORD,FOCUS,PASSENGER CAR,FWD,GASOLINE/E85,63310,2016-07-12,12.4
D6179C95F8F8B10BB75F7491DCCDC14B,2016,FORD,FOCUS,PASSENGER CAR,FWD,GASOLINE/E85,43548,2016-06-29,12.4
F3D41AD843002D1FE072281394B9718A,2016,FORD,FOCUS,PASSENGER CAR,FWD,GASOLINE/E85,49051,2016-06-29,12.4
8C3E2DA5CA52A3DA541EB25BC1E071BA,2016,FORD,FOCUS,PASSENGER CAR,FWD,GASOLINE/E85,20106,2016-10-06,12.4
209E6A2239B15BDDC9534D383FE01D49,2016,FORD,FOCUS,PASSENGER CAR,FWD,GASOLINE/E85,75431,2016-06-02,12.4
721500C58630C07DF6F62C90A0F0077A,2016,FORD,FOCUS,PASSENGER CAR,FWD,GASOLINE/E85,9141,2016-11-03,12.4
C2612B27EE1B4280956F99B9F3309DC9,2016,FORD,TRANSIT VAN,VAN,RWD,GASOLINE/E85,40761,2016-08-03,25
4D7FC4F4A9CF45FA27E289E361D832F2,2016,FORD,TRANSIT VAN,VAN,RWD,GASOLINE/E85,54790,2016-08-02,25
703190E964255E3D5CC8BADDB3AB6FE5,2016,FORD,FOCUS,PASSENGER CAR,FWD,GASOLINE/E85,39800,2016-08-01,12.4
8F0C76DFCFC24B8A75C6D94F9F783C4B,2017,FORD,F-150,PICKUP TRUCK,RWD,GASOLINE,18543,2017-10-05,23
C9F059BE0F5E4737576B6D56FD850DBE,2017,FORD,F-150,PICKUP TRUCK,RWD,GASOLINE,49019,2017-06-21,23
FC120749799A9BB65D3FC0AD591B4026,2017,FORD,F-150,PICKUP TRUCK,RWD,GASOLINE,50651,2017-06-16,23
8F588AD01F2BD9392D53F2B2AA0ACFCA,2017,ISUZU,NPR-XD,TRUCK,4X2,GASOLINE,2518,2018-06-11,0
A98345CA3CD3F0B829C0D34DE18E2507,2017,FORD,F-150,PICKUP TRUCK,RWD,GASOLINE,39258,2017-05-23,23
16D7AFA76F2692B61B4EFB9FC31AE6F0,2017,FORD,F-150,PICKUP TRUCK,RWD,GASOLINE,26204,2017-04-26,23
6F72F57FA8D312F8D949D4034AF4EC18,2017,FORD,F-150,PICKUP TRUCK,RWD,GASOLINE,34356,2017-08-01,23
82EB79C517F4F8D1182DA946C56F5E3F,2017,FORD,F-150,PICKUP TRUCK,RWD,GASOLINE,23520,2018-01-22,23
030139FFDE52EE1FFFB8BD5FD42B0676,2017,FORD,F-150,PICKUP TRUCK,RWD,GASOLINE,20194,2017-08-21,23
766FBB78E1A83C2522286AFCA91274D5,2017,FORD,F-150,PICKUP TRUCK,RWD,GASOLINE,18619,2017-05-31,23
DFBF5142DF1B041DDE2552F0F2D7C868,2017,FORD,F-150,PICKUP TRUCK,RWD,GASOLINE,36437,2017-08-14,23
BDEE1D1DC7CC1667DC14BDB67BCD3CB9,2017,FORD,F-150,PICKUP TRUCK,RWD,GASOLINE,40409,2017-05-11,23
38E35EAC236F4AEEFF7CF7C54CC69B6A,2017,FORD,F-150,PICKUP TRUCK,RWD,GASOLINE,37623,2017-05-31,23
45E59D1A01BBC0E1668D7D14C91D928E,2017,FORD,F-150,PICKUP TRUCK,RWD,GASOLINE,17683,2017-12-07,23
388E0F259C80C5329DFE22934B745C72,2017,FORD,F-150,PICKUP TRUCK,RWD,GASOLINE,23369,2017-08-25,23
16FE59968498FA34B7AF436C4602B761,2017,FORD,F-150,PICKUP TRUCK,RWD,GASOLINE,33710,2017-11-13,23
5DE53214E0A755126CCCFF3D22E65980,2017,FORD,EXPLORER,MULTIPURPOSE VEHICLE (MPV),FWD,GASOLINE,25200,2017-05-11,18.6
1F580D9E9FE842794817924AABD639AE,2017,FORD,F-150,PICKUP TRUCK,RWD,GASOLINE,44316,2017-07-26,23
0564E9DA938D9BCE54766C7F8E2B6266,2017,FORD,F-150,PICKUP TRUCK,RWD,GASOLINE,31440,2017-07-03,23
72AD19906370CD53757E193FDC2DBCF0,2017,FORD,F-150,PICKUP TRUCK,RWD,GASOLINE,26140,2017-07-21,23
37CE3B38783C1ED6B5D7D20A52B51CBB,2017,FORD,F-150,PICKUP TRUCK,RWD,GASOLINE,44771,2017-04-25,23
73CECD7095959E4D0BAD9E1692BFB651,2017,FORD,F-150,PICKUP TRUCK,RWD,GASOLINE,49123,2017-06-07,23
9A91C622D05D8B4940A72E686137F503,2017,FORD,F-150,PICKUP TRUCK,RWD,GASOLINE,62896,2017-06-21,23
BBF5B690F6A97C2D27388001BB0E7718,2017,FORD,F-150,PICKUP TRUCK,RWD,GASOLINE,50823,2017-05-01,23
10EC776B2D8070362D241FB47A204C55,2017,FORD,F-150,PICKUP TRUCK,RWD,GASOLINE,30497,2017-05-12,23
005485EBA03129909EEC58444BFC6F52,2017,FORD,F-150,PICKUP TRUCK,RWD,GASOLINE,43112,2017-09-05,23
3C11E55D5C2D4F5AB2475B4AE54026E7,2017,FORD,F-150,PICKUP TRUCK,RWD,GASOLINE,60303,2017-07-05,23
8665D9BF48D6505E8A6FF388D8FA3833,2017,FORD,F-150,PICKUP TRUCK,RWD,GASOLINE,51407,2017-04-17,23
201FAEF8AA57641993A703E9ECDE1BA3,2017,FORD,F-150,PICKUP TRUCK,RWD,GASOLINE,40722,2017-05-24,23
1FF1ADA1918A4641C70570BC1E784F4D,2015,FORD,F-250,PICKUP TRUCK,RWD,GASOLINE/E85,108782,2015-12-04,35
621AF65B992F1F28145F02FBC4607228,2017,FORD,F-150,PICKUP TRUCK,RWD,GASOLINE,38769,2017-09-28,23
B170D619D1FEFCE1D47405C3B99F383A,2017,FORD,F-150,PICKUP TRUCK,RWD,GASOLINE,20794,2017-08-18,23
8D93472335FE81DD8D91CE806AA2453E,2017,FORD,F-150,PICKUP TRUCK,RWD,GASOLINE,11167,2017-09-12,23
F723D528FA516BE75ADB6ADD6F9C8D3E,2017,FORD,F-150,PICKUP TRUCK,RWD,GASOLINE,23508,2017-04-06,23
7CE9A9D4C310D9D2BADB276BC748FA8F,2017,FORD,F-150,PICKUP TRUCK,RWD,GASOLINE,29149,2017-04-18,23
3DA08A0AD3A7765114F7C6D37F71468E,2017,FORD,F-150,PICKUP TRUCK,RWD,GASOLINE,37200,2017-04-27,23
7AD07E2CCEF72BB847DAF2E92D499AED,2017,FORD,F-150,PICKUP TRUCK,RWD,GASOLINE,22506,2017-04-06,23
2F0FFCCD8547CF2DBADF52A81125B4F3,2017,FORD,F-150,PICKUP TRUCK,RWD,GASOLINE,15232,2017-04-27,23
673C7AB51C924C6C2E7B154FDAE82E87,2017,FORD,F-150,PICKUP TRUCK,RWD,GASOLINE,54789,2017-04-26,23
04BAE9799E7D5946B336B59191E6487E,2017,FORD,F-150,PICKUP TRUCK,RWD,GASOLINE,42516,2017-04-21,23
0AFC48C51E31FA1FFD8DC6EC361318B0,2017,FORD,F-150,PICKUP TRUCK,RWD,GASOLINE,34606,2017-04-05,23
8E536046D5F9E26713705337AEF4F6A5,2017,FORD,F-150,PICKUP TRUCK,RWD,GASOLINE,36147,2017-08-15,23
A606F3064BC0BDE548928E20FC40AF0F,2017,FORD,F-150,PICKUP TRUCK,RWD,GASOLINE,50720,2017-07-12,23
D34E5616B2DE5B342E1DEF1D72AAF0CD,2017,FORD,F-150,PICKUP TRUCK,RWD,GASOLINE,34445,2017-08-30,23
680A425AD998D444B696EA1D84DE4D90,2017,FORD,F-150,PICKUP TRUCK,RWD,GASOLINE,47580,2017-08-04,23
C168E139C1E2EB70E0E60C22CE21B6FC,2017,FORD,F-150,PICKUP TRUCK,RWD,GASOLINE,32648,2017-11-10,23
F588A4B499728583CB6B2243C9CE123F,2017,FORD,F-150,PICKUP TRUCK,RWD,GASOLINE,27586,2017-09-27,23
99F60687A4529CD1A0F3F7DF4D8CBB98,2017,FORD,F-150,PICKUP TRUCK,RWD,GASOLINE,16539,2017-11-09,23
A275607FD3951403726DAE6D917E8E7D,2017,FORD,F-150,PICKUP TRUCK,RWD,GASOLINE,21544,2017-07-30,23
DE2AD57E7111205374838EE7DFBF6477,2017,FORD,F-150,PICKUP TRUCK,RWD,GASOLINE,10370,2017-08-03,23
9611AD69F27CA47E8EF6392A609E22D5,2017,FORD,F-150,PICKUP TRUCK,RWD,GASOLINE,19800,2017-08-10,23
EF6C918E6CA49BC2B90524E902BC7BA1,2017,FORD,F-150,PICKUP TRUCK,RWD,GASOLINE,50511,2017-10-27,23
7CACA43D7D674410214CA15F8CA75038,2017,FORD,F-150,PICKUP TRUCK,RWD,GASOLINE,16379,2017-10-10,23
539F13EC188EE99880496A15E0A4C3FD,2017,FORD,F-150,PICKUP TRUCK,RWD,GASOLINE,12913,2017-09-22,23
0BAA94AF19ED41122B9F1FD6A9042F44,2017,FORD,F-150,PICKUP TRUCK,RWD,GASOLINE,26575,2018-02-15,23
B0C6FD25F9F470721A9A809071C036B1,2017,FORD,F-150,PICKUP TRUCK,RWD,GASOLINE,48708,2017-08-15,23
04A8EE3BD00AC99AFB6EA6549A97FE2D,2016,FORD,E-450 SUPER DUTY,VAN,4X2,GASOLINE,22130,2016-10-28,55
498326E4A26AEC25E9D2EF6CCB4A60BB,2017,FORD,F-150,PICKUP TRUCK,RWD,GASOLINE/E85,28057,2017-04-18,36
EBA1B3048DEB6B8E4D0C824D5A58346B,2017,FORD,F-150,PICKUP TRUCK,RWD,GASOLINE/E85,36396,2017-05-08,36
176371A89143BB82E9B8DE460ADFA8CD,2017,FORD,F-150,PICKUP TRUCK,RWD,GASOLINE/E85,28350,2017-05-16,36
1A418DF2D86F67BC98E6BD27A2CD3379,2017,FORD,F-150,PICKUP TRUCK,RWD,GASOLINE,15792,2017-09-22,23
091E3BB103EE5D6CDEAA2F0963F503C7,2017,FORD,F-150,PICKUP TRUCK,RWD,GASOLINE,29882,2018-02-02,23
A6138C3E8C7B732FFE406B30E50BFFE0,2017,FORD,F-150,PICKUP TRUCK,RWD,GASOLINE,31868,2017-08-24,23
CF7609067E7955FF69A4509392EF2000,2017,FORD,F-150,PICKUP TRUCK,RWD,GASOLINE,39376,2017-06-15,23
630A5E29FE8148FA154F2279B5708628,2017,FORD,F-150,PICKUP TRUCK,RWD,GASOLINE,21974,2017-09-29,23
ADD912FAD79A3D5444624385E6E09082,2017,FORD,F-150,PICKUP TRUCK,RWD,GASOLINE,15454,2018-01-16,23
510E24B7F47213EEF6AD0FE655B77113,2017,FORD,F-150,PICKUP TRUCK,RWD,GASOLINE,16212,2018-02-15,23
CDB56CC72D512AE6D4C1B482A9E3B369,2017,FORD,F-150,PICKUP TRUCK,RWD,GASOLINE,16296,2018-01-25,23
291805406A06C8153420B9E3B265F46C,2017,FORD,F-150,PICKUP TRUCK,RWD,GASOLINE,24306,2018-03-13,23
6BCE7F650313FF4D157B4E7F54685C16,2017,FORD,F-150,PICKUP TRUCK,RWD,GASOLINE,21810,2017-11-22,23
DB07F5C68029E70946A13E89A0C48997,2017,FORD,F-150,PICKUP TRUCK,RWD,GASOLINE,24024,2017-12-20,23
A173EAB5C07C411979E4D8AFDC29A03D,2017,FORD,F-150,PICKUP TRUCK,RWD,GASOLINE/E85,12039,2018-05-03,36
39C278AFF450C487E85DB212F06DE42A,2017,FORD,F-150,PICKUP TRUCK,RWD,GASOLINE/E85,27761,2018-02-20,36
559C8DE887BB82008F237F473B8DB978,2017,FORD,F-150,PICKUP TRUCK,RWD,GASOLINE/E85,15994,2018-04-11,36
D528845A9411A0340E52A3F2F4561FAF,2017,FORD,F-150,PICKUP TRUCK,RWD,GASOLINE,20884,2018-01-12,23
8BCDF1CA599218C3AEF01B7C5CC07ECD,2017,FORD,F-150,PICKUP TRUCK,RWD,GASOLINE,19608,2018-01-26,23
96EDBBB693018A5850A3B92AE7A4B9BD,2017,FORD,F-150,PICKUP TRUCK,RWD,GASOLINE,21187,2017-08-18,23
524D3A90CA91E2B9C6BC56802FE00B72,2017,FORD,F-150,PICKUP TRUCK,RWD,GASOLINE,86789,2017-08-17,23
32B3CA680DB9DD8CCDA9545AF7A0BD75,2017,FORD,F-150,PICKUP TRUCK,RWD,GASOLINE,30446,2018-03-16,23
6F29CE807AEB481E4168D94F388F9611,2017,FORD,F-150,PICKUP TRUCK,RWD,GASOLINE,14752,2018-02-06,23
E940F24BC7933DFD8A7AE7D66D13FEAC,2017,FORD,F-150,PICKUP TRUCK,RWD,GASOLINE,11841,2018-03-22,23
C61977D5E17D60B269123E67DA5613D0,2017,FORD,F-150,PICKUP TRUCK,RWD,GASOLINE,10286,2018-05-25,23
FA017465151489293D3A5D01C2BB5F0F,2017,FORD,F-150,PICKUP TRUCK,RWD,GASOLINE,29984,2018-01-29,23
D9EB3ED6E92D5472FE26E8BFF8BA33E0,2017,FORD,F-150,PICKUP TRUCK,RWD,GASOLINE,40467,2018-01-15,23
14818FCA51340EB58DEA5C28067BB388,2017,FORD,F-150,PICKUP TRUCK,RWD,GASOLINE,13965,2017-10-05,23
D46FFC98C324BED12591FAC017DDFAAF,2017,FORD,F-150,PICKUP TRUCK,RWD,GASOLINE,32665,2017-08-24,23
CB5BF2D58FA730A0F3E22E6247D0A0F4,2017,FORD,F-150,PICKUP TRUCK,RWD,GASOLINE,13667,2018-03-27,23
426D0C363A630CFA1CAD1F961A712C20,2017,FORD,F-150,PICKUP TRUCK,RWD,GASOLINE,25170,2018-04-06,23
2AB8F9B36457E5080913B5FF949B67D3,2017,FORD,F-150,PICKUP TRUCK,RWD,GASOLINE,11996,2018-03-27,23
D04BDE2F0AAF5C374A06A12295FB68E4,2017,FORD,F-150,PICKUP TRUCK,RWD,GASOLINE,31749,2017-12-01,23
5A98A89A620761BDF84133F2C6B66D79,2017,FORD,F-150,PICKUP TRUCK,RWD,GASOLINE,18950,2018-01-17,23
BDF2A5AE9BC825C30FC43AC9CF276120,2017,FORD,F-150,PICKUP TRUCK,RWD,GASOLINE,21511,2017-11-13,23
9F031926C5713782838DCB0D201B5863,2017,FORD,F-150,PICKUP TRUCK,RWD,GASOLINE,11438,2018-03-29,23
36D581638F49D4DD16F1A289A993AFB4,2017,FORD,F-150,PICKUP TRUCK,RWD,GASOLINE,22770,2017-12-19,23
9E7F4EAF683405949971933F083E643A,2017,FORD,F-150,PICKUP TRUCK,RWD,GASOLINE,31346,2017-10-24,23
333E9304F750F834FDDCFD4044656287,2017,FORD,F-150,PICKUP TRUCK,RWD,GASOLINE,11473,2017-09-13,23
736E6BDA2800E057E97EA46B4534429D,2017,FORD,F-150,PICKUP TRUCK,RWD,GASOLINE,20512,2018-01-11,23
8BF88AAA552761AC201A533012B74203,2017,FORD,F-150,PICKUP TRUCK,RWD,GASOLINE,25044,2018-02-01,23
480F49A39F1DBB9897C2B2D3D475BDC8,2017,FORD,F-150,PICKUP TRUCK,RWD,GASOLINE,19880,2018-02-15,23
E027AE403109FBAF6B8600C4294A71AC,2017,FORD,F-150,PICKUP TRUCK,RWD,GASOLINE,153685,2017-11-30,23
D957816E352F72DF683373E7198E401D,2017,FORD,F-150,PICKUP TRUCK,RWD,GASOLINE,16141,2017-10-27,23
C22634B74480990AE91BB9D5FD8267B3,2017,FORD,F-150,PICKUP TRUCK,RWD,GASOLINE,28180,2017-10-17,23
3835E662BD672C292F78AC2422AE12C7,2017,FORD,F-150,PICKUP TRUCK,RWD,GASOLINE,45506,2017-11-09,23
CBC2B73BB1DAE17585049C9632C7BDFE,2017,FORD,F-150,PICKUP TRUCK,RWD,GASOLINE,7644,2018-02-01,23
9DBFA9962FD2DEB508FD9F8647DBC3B8,2017,FORD,F-150,PICKUP TRUCK,RWD,GASOLINE,12784,2018-02-23,23
632AA4BBDA1FD5FAD31CF27A6F29CD11,2017,FORD,F-150,PICKUP TRUCK,RWD,GASOLINE,23246,2017-12-06,23
C417654D5EE1DF2F014624C701761AA2,2017,FORD,F-150,PICKUP TRUCK,RWD,GASOLINE,20424,2018-04-12,23
78A0A327488180ADE7DB16979974540E,2017,FORD,F-150,PICKUP TRUCK,RWD,GASOLINE,49263,2017-11-22,23
FECE260035C0140E5BDE8F52E7CE03C6,2017,FORD,F-150,PICKUP TRUCK,RWD,GASOLINE,8006,2018-03-26,23
7F24106D0FBFCE293AFC5F1553083A0F,2017,FORD,F-150,PICKUP TRUCK,RWD,GASOLINE,21686,2018-02-14,23
3A672864F29003EEC80ECDA558163C6B,2017,FORD,F-150,PICKUP TRUCK,RWD,GASOLINE,24078,2017-09-28,23
2A8FEFEF85FCDBE9FA04DBCCCC2BE982,2017,FORD,F-150,PICKUP TRUCK,RWD,GASOLINE,29987,2017-10-25,23
0F581F4145B8A141036F9942ABD92E3A,2017,FORD,F-150,PICKUP TRUCK,RWD,GASOLINE,25880,2017-10-16,23
3A04693CDACE70C48086704879426CEF,2017,FORD,F-150,PICKUP TRUCK,RWD,GASOLINE,20576,2017-11-30,23
9BB284F8F2CB38B975F7693FCC092CF2,2017,FORD,F-150,PICKUP TRUCK,RWD,GASOLINE,28762,2017-12-27,23
E155C81823C3AD4E06E43A5D34F45B71,2017,FORD,F-150,PICKUP TRUCK,RWD,GASOLINE,17583,2018-01-19,23
6BAB22758D69D704213B39FAC3B62868,2017,FORD,F-150,PICKUP TRUCK,RWD,GASOLINE,22416,2017-09-08,23
A8AA885A6A9C4B64B805AA1D18E9AA4C,2017,FORD,F-150,PICKUP TRUCK,RWD,GASOLINE,14930,2017-12-04,23
CFEDC9BE48122D0537C8AD5F7D2E6D0E,2017,FORD,F-150,PICKUP TRUCK,RWD,GASOLINE,19593,2017-10-03,23
D56D45A084C60E6222E517586684AB86,2017,FORD,F-150,PICKUP TRUCK,RWD,GASOLINE,38786,2017-10-06,23
8B70AEB2E8D2F48653DB0DC53654F337,2017,FORD,F-150,PICKUP TRUCK,RWD,GASOLINE,35440,2017-10-23,23
D4DA4F3E09540A7F91A5E2879B1F5698,2017,FORD,F-150,PICKUP TRUCK,RWD,GASOLINE,21614,2017-11-06,23
86E1B71DA82AFD070F978047C5BAD9AC,2017,FORD,F-150,PICKUP TRUCK,RWD,GASOLINE,35957,2017-10-20,23
D12320EF0B5AC1DA839FD5169AA580E1,2017,FORD,F-150,PICKUP TRUCK,RWD,GASOLINE,31949,2017-11-07,23
812BE7866BC9C1DBC9E0EAFFA72000E1,2017,FORD,F-150,PICKUP TRUCK,RWD,GASOLINE,39871,2017-09-05,23
ABA9B1B4F3610E8A30ACB217CD896E3C,2017,FORD,F-150,PICKUP TRUCK,RWD,GASOLINE,25731,2017-11-07,23
14CBC3EC14EA4ED70BE0C1D9BD4345B9,2017,FORD,F-150,PICKUP TRUCK,RWD,GASOLINE,24100,2017-11-09,23
73AE9D422AC668D0699681E5D7F25983,2017,FORD,F-150,PICKUP TRUCK,RWD,GASOLINE,26235,2017-10-05,23
A95E14F276F1A853FA9EDB9B944F01C2,2017,FORD,F-150,PICKUP TRUCK,RWD,GASOLINE,10836,2018-01-11,23
9DB4FEA53C5C71C2FB96A07A63CCFF6F,2017,FORD,F-150,PICKUP TRUCK,RWD,GASOLINE,17518,2017-12-14,23
2C31B9A7434ACEA69B97512422ECB050,2017,FORD,F-150,PICKUP TRUCK,RWD,GASOLINE,19922,2017-10-18,23
976D719A39CF89B673426BBDB018FB1F,2017,FORD,F-150,PICKUP TRUCK,RWD,GASOLINE,14696,2018-01-20,23
18E1E9E12AFD8FE80B54523879C03D62,2017,FORD,F-150,PICKUP TRUCK,RWD,GASOLINE,15318,2018-04-06,23
78E2AF2F5E53AF1D973026892E2B7F2F,2017,FORD,F-150,PICKUP TRUCK,RWD,GASOLINE,21347,2018-03-13,23
7C5B7451FABC8F42D5549ABE4A155749,2017,FORD,F-150,PICKUP TRUCK,RWD,GASOLINE,27971,2018-01-31,23
C070596DB9E8B783241D8EBCFD999725,2017,FORD,F-150,PICKUP TRUCK,RWD,GASOLINE,38471,2017-11-13,23
8308D604CF92C1F257BB216E53901AC4,2017,FORD,F-150,PICKUP TRUCK,RWD,GASOLINE,27218,2017-11-02,23
D60DDB3553E6F7EC6A9F4FD8A1716CA6,2017,FORD,F-150,PICKUP TRUCK,RWD,GASOLINE,23575,2017-09-22,23
5965ABF09965FDF5C5CA4ECB90A406E9,2017,FORD,F-150,PICKUP TRUCK,RWD,GASOLINE,42211,2017-08-16,23
C0317ECE4408EAB2B8F61A7CCB0BF744,2017,FORD,F-150,PICKUP TRUCK,RWD,GASOLINE,19336,2017-08-30,23
DF4268EC3C3428114B5D7564C9B6D0D6,2017,FORD,F-150,PICKUP TRUCK,RWD,GASOLINE,25753,2018-03-26,23
289D873D1A0086F59C491DB057DE8ED0,2017,FORD,F-150,PICKUP TRUCK,RWD,GASOLINE,38253,2017-09-22,23
2A80C65DC4AA16C13966AC4F7429A4AC,2017,FORD,F-150,PICKUP TRUCK,RWD,GASOLINE,36968,2017-10-16,23
07F51480FF81169D8C6D8DFFC17553F3,2017,FORD,F-150,PICKUP TRUCK,RWD,GASOLINE,20975,2017-10-17,23
9E1C373A29C703792316D982DCFC89A0,2017,FORD,F-150,PICKUP TRUCK,RWD,GASOLINE,6721,2018-07-17,23
458CF144FB4C0F889AF54F5F7B15A185,2017,FORD,F-150,PICKUP TRUCK,RWD,GASOLINE,21857,2017-12-18,23
F582BED80878AB604CF457A92CA5B343,2017,FORD,F-150,PICKUP TRUCK,RWD,GASOLINE,18542,2017-12-21,23
CAEB4F93B7FC5930D129619C17D3003A,2017,FORD,F-150,PICKUP TRUCK,RWD,GASOLINE,12226,2017-11-15,23
56DA3A933EF8A875835D450B54AC9D03,2017,FORD,F-150,PICKUP TRUCK,RWD,GASOLINE,12636,2017-11-08,23
C347FAA7CDCF04C23DC3BF8225B1FE48,2017,FORD,F-150,PICKUP TRUCK,RWD,GASOLINE,22434,2017-10-13,23
99D141EB79BCD4CDEE6E7446FB4916E3,2017,FORD,F-150,PICKUP TRUCK,RWD,GASOLINE,33333,2017-11-09,23
1EF9820A423C79DB86C62CCA750EC47E,2017,FORD,F-150,PICKUP TRUCK,RWD,GASOLINE,11424,2018-02-08,23
36C1F75515A80E6B3985832C0A99A5DC,2017,FORD,F-150,PICKUP TRUCK,RWD,GASOLINE,21913,2017-12-11,23
0E522AF0B4972427A2BC1EBF66C0060D,2017,FORD,F-150,PICKUP TRUCK,RWD,GASOLINE,9030,2017-10-03,23
9F2F56B102AD37D735E73192E83A27A9,2017,FORD,F-150,PICKUP TRUCK,RWD,GASOLINE,24066,2017-07-25,23
1F543E179043E0A4A3505EA542FE28BD,2017,FORD,F-150,PICKUP TRUCK,RWD,GASOLINE,20657,2018-02-01,23
F328801BE20FE19C52302592783AE447,2017,FORD,F-150,PICKUP TRUCK,RWD,GASOLINE,19670,2017-09-27,23
EB2394775BBD2B5CAFE2833354E2CAF4,2017,FORD,F-150,PICKUP TRUCK,RWD,GASOLINE,38916,2017-09-20,23
718F96CE5F8DB92854502FF6977A6730,2017,FORD,F-150,PICKUP TRUCK,RWD,GASOLINE,33851,2017-11-17,23
C230BD26DCC7AACC5ACD2EA7CAD6EC80,2017,FORD,F-150,PICKUP TRUCK,RWD,GASOLINE,27655,2017-11-17,23
37F4501C5A8B5DADB28ACC6F6EC269ED,2017,FORD,F-150,PICKUP TRUCK,RWD,GASOLINE,14729,2017-12-14,23
7A0F47692B0169C306C131BD8456243B,2017,FORD,F-150,PICKUP TRUCK,RWD,GASOLINE,20238,2017-11-02,23
E962DF2C7F705C301C29A33B8EA46C90,2017,FORD,F-150,PICKUP TRUCK,RWD,GASOLINE,30614,2017-10-26,23
FCEC00A627BE5EA5BA6DEE1DB01F2EE8,2017,FORD,F-150,PICKUP TRUCK,RWD,GASOLINE,27605,2017-09-20,23
F8F0CCFA75798C5F6E5094D78479FA75,2017,FORD,F-150,PICKUP TRUCK,RWD,GASOLINE,6851,2018-06-04,23
E6FD3477B8A7C39BC1551A8BC5F0318E,2017,FORD,F-150,PICKUP TRUCK,RWD,GASOLINE,11771,2017-11-06,23
D34F304D62481FD1B38A1EA2F63DA871,2017,FORD,F-150,PICKUP TRUCK,RWD,GASOLINE,27366,2017-10-17,23
64DA7155D748607EC8C33EE80C8922C3,2016,FORD,FOCUS,PASSENGER CAR,FWD,GASOLINE/E85,55438,2015-11-13,12.4
8EEAEE3F6DEE09AF11559BF691CCBF34,2017,FORD,F-150,PICKUP TRUCK,RWD,GASOLINE,40512,2017-10-02,23
7ABD9D8AC78173F3780E7DFD854992C1,2017,FORD,F-150,PICKUP TRUCK,RWD,GASOLINE,32678,2017-10-17,23
B9F093714E72BCF836EEBCE1395D243D,2017,FORD,F-150,PICKUP TRUCK,RWD,GASOLINE,31986,2017-10-24,23
F0317FC8D9D0E118615E4FECD352BCB6,2017,FORD,F-150,PICKUP TRUCK,RWD,GASOLINE/E85,35858,2017-05-22,36
3DD93573D56D74666E609CE8631B6231,2017,FORD,F-150,PICKUP TRUCK,RWD,GASOLINE/E85,15311,2017-05-25,36
BB2DA5423537A108CB615602C8797283,2017,FORD,F-150,PICKUP TRUCK,RWD,GASOLINE/E85,31880,2017-06-21,36
AE81DE2B88DA6FA8A81F3487E9F41963,2018,FORD,TRANSIT VAN,VAN,RWD,GASOLINE/E85,5585,2018-08-11,25
0006EED31138DC29E257E1A061DC0ECC,2017,FORD,F-150,PICKUP TRUCK,RWD,GASOLINE,29968,2017-08-23,23
9C839D36F9D4DE09C8F517AEC735FF50,2017,FORD,F-150,PICKUP TRUCK,RWD,GASOLINE,35143,2017-06-14,23
CDBAFBBF98AA17D7646856EE3E807755,2017,FORD,F-150,PICKUP TRUCK,RWD,GASOLINE,33435,2017-10-12,23
BB6393422561DDC4CA62866CFEFE5E19,2017,FORD,F-150,PICKUP TRUCK,RWD,GASOLINE,26558,2017-08-01,23
C1BF1ADC11E63643CE2FB4387729F163,2017,FORD,F-150,PICKUP TRUCK,RWD,GASOLINE,32633,2017-08-02,23
58521DE2341FBDF8CA13993DF67495AC,2017,FORD,F-150,PICKUP TRUCK,RWD,GASOLINE,9071,2017-06-23,23
8DAA490B18AA5A9BEF620B22ED79B8BA,2017,FORD,F-150,PICKUP TRUCK,RWD,GASOLINE,34897,2017-08-01,23
E55172278B069731DDB25A7215351E61,2017,FORD,F-150,PICKUP TRUCK,RWD,GASOLINE,47113,2017-06-09,23
52A23AD1A0AF120531F9F17CEE4504EE,2017,FORD,F-150,PICKUP TRUCK,RWD,GASOLINE,16857,2017-04-13,23
B6D2834445F5F55F9B074795E8728679,2017,FORD,F-150,PICKUP TRUCK,RWD,GASOLINE,14849,2017-04-13,23
DF13204D9AD18F8D5DFAC97B04B01D2D,2017,FORD,F-150,PICKUP TRUCK,RWD,GASOLINE,26806,2017-05-31,23
44595EAAE2908A046845F65A9C1511F6,2017,FORD,F-150,PICKUP TRUCK,RWD,GASOLINE,34264,2017-04-25,23
BF7EA1B6435C16C0C488D61517078A6E,2017,FORD,F-150,PICKUP TRUCK,RWD,GASOLINE,38024,2017-08-02,23
E46AE75DF84C357F8E26ED29C1942DAE,2017,FORD,F-150,PICKUP TRUCK,RWD,GASOLINE,29527,2017-07-13,23
C57040E7161406D0DD76B64523479E96,2017,FORD,F-150,PICKUP TRUCK,RWD,GASOLINE,39926,2017-05-08,23
DCC0242B4488075D54FFBC6217E58E0E,2017,FORD,F-150,PICKUP TRUCK,RWD,GASOLINE,30893,2017-04-17,23
2D03A5A7CDCA787E148FEF810B4993A4,2017,FORD,F-150,PICKUP TRUCK,RWD,GASOLINE,37341,2017-05-03,23
885F1D13863DD5AEA22BFA915D6F6286,2017,FORD,F-150,PICKUP TRUCK,RWD,GASOLINE,24867,2017-08-03,23
0C7C32BE955B779F6A0BA9C4F742EDAA,2017,FORD,F-150,PICKUP TRUCK,RWD,GASOLINE,29948,2017-06-01,23
6A2D56841245734734B8EB3F2A795BC3,2017,FORD,F-150,PICKUP TRUCK,RWD,GASOLINE,47975,2017-05-04,23
D44DA558BDA528240EB48CDB1E76978C,2017,FORD,F-150,PICKUP TRUCK,RWD,GASOLINE,26415,2017-11-03,23
FED8630392DA49478B69A608A44D0B02,2017,FORD,F-150,PICKUP TRUCK,RWD,GASOLINE,14912,2017-08-25,23
C7D76A5F4CE04443093F4A9962A4E3CB,2017,FORD,F-150,PICKUP TRUCK,RWD,GASOLINE,26100,2017-11-10,23
A4533FBA815D51FC0CB682853AA8C421,2017,FORD,F-150,PICKUP TRUCK,RWD,GASOLINE/E85,33244,2017-06-27,36
3321C4F4CC3346CFAE1C7467856A5A5B,2017,FORD,F-150,PICKUP TRUCK,RWD,GASOLINE/E85,57260,2017-05-11,36
A65F84A31B3C4FFA710A1A8D43A8D6E2,2017,FORD,F-150,PICKUP TRUCK,RWD,GASOLINE/E85,54860,2017-05-17,36
024B62271615E8F753D1A130773D1D01,2015,FORD,F-650,TRUCK,4X2; DUAL REAR WHEELS,GASOLINE,45925,2015-10-14,0
82A7B89D8B9159552AF9FA78DFAC2AF7,2015,FORD,F-650,TRUCK,4X2; DUAL REAR WHEELS,GASOLINE,51028,2015-10-20,0
4011E8462FF5818F8C15D384A28475DE,2015,FORD,F-650,TRUCK,4X2; DUAL REAR WHEELS,GASOLINE,56321,2015-11-21,0
7111B5284904649417C7C1CF284C3597,2015,FORD,F-650,TRUCK,4X2; DUAL REAR WHEELS,GASOLINE,47236,2015-10-07,0
C90913EF3F405122D22EE13247619C95,2015,FORD,F-650,TRUCK,4X2; DUAL REAR WHEELS,GASOLINE,41436,2015-11-06,0
15CB6F9949442D855C82A786AEC63DF8,2017,FORD,EXPLORER,MULTIPURPOSE VEHICLE (MPV),FWD,GASOLINE,36263,2016-11-10,18.6
47AB0A3B9128E595EBF056E82DF02887,2014,FORD,F-150,PICKUP TRUCK,RWD,GASOLINE/E85,193941,2014-11-17,0
63350357AF2D4BA0E1238836A94548DE,2014,FORD,F-350,PICKUP TRUCK,RWD,GASOLINE/E85,90465,2015-01-19,0
E1DE07C7B214A9715FA84BA43BD5BB48,2015,FORD,F-650,TRUCK,4X2; DUAL REAR WHEELS,GASOLINE,39005,2015-07-14,0
B6DB4E5B7842A5981189B16BE9C31D15,2014,FORD,F-150,PICKUP TRUCK,RWD,GASOLINE/E85,50342,2014-09-18,0
31FDB8DA4688491928D484F2636A0344,2014,FORD,F-350,PICKUP TRUCK,RWD,GASOLINE/E85,97047,2015-03-11,0
2F71781C45A94AB67D562EC91944D6B4,2014,FORD,F-150,PICKUP TRUCK,RWD,GASOLINE/E85,169176,2014-08-22,0
BCA41CC6987B717F50B0AAD52DD6AEDB,2014,FORD,F-150,PICKUP TRUCK,RWD,GASOLINE/E85,82220,2014-12-08,0
124C3DEE364DCDE16C6B334498568821,2014,FORD,F-150,PICKUP TRUCK,RWD,GASOLINE/E85,69922,2014-08-18,0
5C1EC6510A62ABC8757718384DEFC466,2014,FORD,F-150,PICKUP TRUCK,RWD,GASOLINE/E85,90422,2014-09-26,0
92957D77E7FD2F9321A82AE3253E5885,2014,FORD,F-150,PICKUP TRUCK,RWD,GASOLINE/E85,56242,2014-09-18,0
7BB2A1D5055B2647FEDF2216CDD41E88,2014,FORD,F-150,PICKUP TRUCK,RWD,GASOLINE/E85,78474,2014-10-14,0
F25497D2BFC9417D99A65EA10F3AF3B9,2014,FORD,F-150,PICKUP TRUCK,RWD,GASOLINE/E85,88875,2014-12-08,0
6C71E40D85D7BAECF65AD6BC740DFCE4,2014,FORD,F-150,PICKUP TRUCK,RWD,GASOLINE/E85,99695,2015-01-12,0
2D9447D2982D0B71A2B228894F4617B4,2014,FORD,F-150,PICKUP TRUCK,RWD,GASOLINE/E85,93500,2014-11-20,0
AFF62467D79B36E1A7BD7E6EF51ADF7E,2017,FORD,F-150,PICKUP TRUCK,RWD,GASOLINE,21842,2017-07-28,23
602345D20B30404E4F3D54A585547103,2018,TOYOTA,TUNDRA,PICKUP TRUCK,RWD,GASOLINE,15739,2018-04-30,38
87ACD169E526981DB394C6025973D7DB,2014,FORD,F-350,PICKUP TRUCK,RWD,GASOLINE/E85,97283,2014-10-09,0
15E73559CD0180CC0F6C5163C535B6C1,2014,FORD,F-150,PICKUP TRUCK,RWD,GASOLINE/E85,114677,2014-08-16,0
742A3E6D8F7A4B1B183B3F27EF37244A,2014,FORD,F-150,PICKUP TRUCK,RWD,GASOLINE/E85,102537,2014-08-25,0
6AC1783BBE49EFF0D11C5D093E2AD607,2014,FORD,F-350,PICKUP TRUCK,RWD,GASOLINE/E85,118942,2014-12-10,0
DCCE7F118E4C09EAA0731C0FD000CB10,2014,FORD,F-150,PICKUP TRUCK,RWD,GASOLINE/E85,91288,2014-10-03,0
13B4E2BD23CDB5802350E21D28C4C716,2014,FORD,F-350,PICKUP TRUCK,RWD,GASOLINE/E85,52078,2014-12-12,0
B65B038F47A60EA68529ADFCC487C258,2014,FORD,F-350,PICKUP TRUCK,RWD,GASOLINE/E85,143453,2014-10-06,0
D5D8305C49647CA3B83D0EE2A8928590,2014,FORD,F-350,PICKUP TRUCK,RWD,GASOLINE/E85,67469,2014-11-03,0
5113E1E6B7F583F7E25D8A757F96FC15,2014,FORD,F-350,PICKUP TRUCK,RWD,GASOLINE/E85,69762,2014-10-09,0
D489B173E2C619C7B44F2485B5B72429,2014,FORD,F-350,PICKUP TRUCK,RWD,GASOLINE/E85,129488,2014-10-17,0
10F5DA017E5C0C604D6E76F25D1686CF,2014,FORD,F-350,PICKUP TRUCK,RWD,GASOLINE/E85,115031,2014-11-03,0
2EC297AE63D927E237ED8388E62E6720,2014,FORD,F-350,PICKUP TRUCK,RWD,GASOLINE/E85,66034,2014-11-11,0
68DA40D421A752D5305A6588F2A8D005,2014,FORD,F-350,PICKUP TRUCK,RWD,GASOLINE/E85,49602,2014-10-30,0
29AF098904C9D48734C168577190CADF,2014,FORD,F-350,PICKUP TRUCK,RWD,GASOLINE/E85,109281,2015-02-06,0
E4E860EDAE534A2EF5FBB4DC4ED94F53,2014,FORD,F-350,PICKUP TRUCK,RWD,GASOLINE/E85,116497,2015-02-09,0
007CFEE20FB2F4AE38EFE830C4F87F70,2014,FORD,F-350,PICKUP TRUCK,RWD,GASOLINE/E85,103976,2015-03-13,0
521D9E17A86063A8675FB5F84653AF23,2016,CHEVROLET,SILVERADO,PICKUP TRUCK,RWD,GASOLINE/E85,59443,2016-05-04,34
E50772410866E4BB366528FEB993211F,2016,CHEVROLET,SILVERADO,PICKUP TRUCK,RWD,GASOLINE/E85,60981,2016-06-06,34
98F977CEA7058DE2ECFA3B845FEA29CF,2016,CHEVROLET,SILVERADO,PICKUP TRUCK,RWD,GASOLINE/E85,130650,2016-05-23,34
2BE95569F4630D091E3DD7E3CD863286,2016,CHEVROLET,SILVERADO,PICKUP TRUCK,RWD,GASOLINE/E85,76361,2016-04-21,34
582394E065534B439BB24938BD0D859B,2016,CHEVROLET,SILVERADO,PICKUP TRUCK,RWD,GASOLINE/E85,48103,2016-06-01,34
E5A3286503901A9F650C07CDB8A33E58,2016,CHEVROLET,SILVERADO,PICKUP TRUCK,RWD,GASOLINE/E85,46798,2016-05-11,34
F29E0D1BBA385C6E4778C71928FA7F7C,2016,CHEVROLET,SILVERADO,PICKUP TRUCK,RWD,GASOLINE/E85,67634,2016-04-21,34
A6121EDD4A8459421551D55EEE1AD4F7,2016,CHEVROLET,SILVERADO,PICKUP TRUCK,RWD,GASOLINE/E85,80616,2016-06-15,34
164779B65BDACBCE8412471AD89F28E8,2016,CHEVROLET,SILVERADO,PICKUP TRUCK,RWD,GASOLINE/E85,69581,2016-05-11,34
8F6C33A1A681ADAFEEA5154AA9998C82,2016,CHEVROLET,SILVERADO,PICKUP TRUCK,RWD,GASOLINE/E85,76496,2016-06-02,34
E90121E6BD11E2744D8704341789D7E1,2016,CHEVROLET,SILVERADO,PICKUP TRUCK,RWD,GASOLINE/E85,54672,2016-05-17,34
27AF8FDF2D3F032B71199C37C3A8A358,2016,CHEVROLET,SILVERADO,PICKUP TRUCK,RWD,GASOLINE/E85,57797,2016-04-27,34
66F5B659D2498982D6CBD87540B65502,2016,CHEVROLET,SILVERADO,PICKUP TRUCK,RWD,GASOLINE/E85,61807,2016-03-11,34
E202CEA399FC9D15F25F2D257D05F7E1,2016,CHEVROLET,SILVERADO,PICKUP TRUCK,RWD,GASOLINE/E85,76640,2016-04-12,34
93160D39206A2D3BEE6467E2F1A5BE40,2016,CHEVROLET,SILVERADO,PICKUP TRUCK,RWD,GASOLINE/E85,78951,2016-03-21,34
7E61D1855314C7A9D9305A866A6CFFD8,2016,CHEVROLET,SILVERADO,PICKUP TRUCK,RWD,GASOLINE/E85,60862,2016-04-20,34
48F0044B8D6DBD6FB4B9B4614E886D98,2016,CHEVROLET,SILVERADO,PICKUP TRUCK,RWD,GASOLINE/E85,59749,2016-04-08,34
6F13351FE12ED340F89386E98F5342A7,2016,CHEVROLET,SILVERADO,PICKUP TRUCK,RWD,GASOLINE/E85,73703,2016-03-01,34
2D5C6B6C2DE0A0626EF03D193E191EE7,2016,CHEVROLET,SILVERADO,PICKUP TRUCK,RWD,GASOLINE/E85,55182,2016-04-01,34
393F9EA5169CEF5F6A5449CFCE9A1F96,2016,CHEVROLET,SILVERADO,PICKUP TRUCK,RWD,GASOLINE/E85,48508,2016-04-19,34
989CFC84A7016F8A03CBF750568F68C3,2016,CHEVROLET,SILVERADO,PICKUP TRUCK,RWD,GASOLINE/E85,83621,2016-03-07,34
46A529ECC3B321BB281A722EE85D94BF,2016,CHEVROLET,SILVERADO,PICKUP TRUCK,RWD,GASOLINE/E85,46673,2016-03-16,34
5B70A67A0D2B14C608B4002761AB2085,2016,CHEVROLET,SILVERADO,PICKUP TRUCK,RWD,GASOLINE/E85,63117,2016-04-22,34
25A87FCBDE36FBD1F22BCD14B2C5EBC8,2016,CHEVROLET,SILVERADO,PICKUP TRUCK,RWD,GASOLINE/E85,46380,2016-04-11,34
4FDBE8486219EFA53D8F7951CC09C21E,2016,CHEVROLET,SILVERADO,PICKUP TRUCK,RWD,GASOLINE/E85,64638,2016-03-24,34
229FBBFD2BDAF43194860265CE0866B4,2016,CHEVROLET,SILVERADO,PICKUP TRUCK,RWD,GASOLINE/E85,74204,2016-04-15,34
121E72FEED926A7DA4AD74F780E89BA3,2016,CHEVROLET,SILVERADO,PICKUP TRUCK,RWD,GASOLINE/E85,43101,2016-04-13,34
0C048D8D973EE2FFCDBBDBC13552F81B,2016,CHEVROLET,SILVERADO,PICKUP TRUCK,RWD,GASOLINE/E85,3345,2016-04-13,34
761DBAE81B8C55CD7BBA24A59695C61F,2016,CHEVROLET,SILVERADO,PICKUP TRUCK,RWD,GASOLINE/E85,163027,2016-04-12,34
5DC21A4AF9D02F16A0F272A236DE0914,2016,CHEVROLET,SILVERADO,PICKUP TRUCK,RWD,GASOLINE/E85,62266,2016-04-01,34
98D28DF41277558CA9FDEC4D377C11AE,2016,CHEVROLET,SILVERADO,PICKUP TRUCK,RWD,GASOLINE/E85,78328,2016-04-20,34
E557D2965526044549CAA149147291E9,2016,CHEVROLET,SILVERADO,PICKUP TRUCK,RWD,GASOLINE/E85,66182,2016-03-23,34
9FFAC4051E7263882D59C573DB30A730,2016,CHEVROLET,SILVERADO,PICKUP TRUCK,RWD,GASOLINE/E85,110447,2016-04-15,34
DFD4B8FF762E3093D2420276486F3296,2016,CHEVROLET,SILVERADO,PICKUP TRUCK,RWD,GASOLINE/E85,129411,2016-03-07,34
43D91332572F457E486EA5DC1415F68A,2016,CHEVROLET,SILVERADO,PICKUP TRUCK,RWD,GASOLINE/E85,145619,2016-03-07,34
B7E1CE740502888F4CD647509EB5E24E,2016,CHEVROLET,SILVERADO,PICKUP TRUCK,RWD,GASOLINE/E85,117049,2016-03-14,34
AD6D82E430D3EE0D5A9B7AEEE5AA45D7,2016,CHEVROLET,SILVERADO,PICKUP TRUCK,RWD,GASOLINE/E85,87330,2016-05-04,34
E8ACBEA9488C8934A67A83E4A6CCB9D1,2016,CHEVROLET,SILVERADO,PICKUP TRUCK,RWD,GASOLINE/E85,94744,2016-04-15,34
AC6708F3CD6AD5EAE69975105EDE792F,2016,CHEVROLET,SILVERADO,PICKUP TRUCK,RWD,GASOLINE/E85,48808,2016-03-04,34
D3D219A82675509F43CB5F930E12738F,2016,CHEVROLET,SILVERADO,PICKUP TRUCK,RWD,GASOLINE/E85,62863,2016-06-03,34
6300483BE026F03D6EEF4B9D9ADDEABC,2016,CHEVROLET,SILVERADO,PICKUP TRUCK,RWD,GASOLINE/E85,52147,2016-04-12,34
7EA8FE5D1B60548A58B4ED32F775586C,2016,CHEVROLET,SILVERADO,PICKUP TRUCK,RWD,GASOLINE/E85,68535,2016-04-08,34
F6855A8298D71C601EB5C1E097C0B91B,2016,CHEVROLET,SILVERADO,PICKUP TRUCK,RWD,GASOLINE/E85,110030,2016-02-24,34
C71569E823E3FEAE02E256EA73C4AAB3,2016,CHEVROLET,SILVERADO,PICKUP TRUCK,RWD,GASOLINE/E85,69678,2016-03-29,34
078B4E01BBB8B51C84A19D05E323D2C5,2016,CHEVROLET,SILVERADO,PICKUP TRUCK,RWD,GASOLINE/E85,40652,2016-02-10,34
B8E57E0CDF5552B28A05343267BAE433,2016,CHEVROLET,SILVERADO,PICKUP TRUCK,RWD,GASOLINE/E85,46185,2016-02-10,34
5A2AD4AA0816A19714B6A6CA1EA1FD56,2016,CHEVROLET,SILVERADO,PICKUP TRUCK,RWD,GASOLINE/E85,75459,2016-02-03,34
42BA637464A898F427936AEE2BDB0F55,2016,CHEVROLET,SILVERADO,PICKUP TRUCK,RWD,GASOLINE/E85,57281,2016-02-03,34
6938AADEBDB8CC3B18473545B360BC54,2016,CHEVROLET,SILVERADO,PICKUP TRUCK,RWD,GASOLINE/E85,68038,2016-02-16,34
FA77B788035A91330BC0E02CF4DC9FBB,2016,CHEVROLET,SILVERADO,PICKUP TRUCK,RWD,GASOLINE/E85,63261,2016-02-17,34
5686866957AC835A92379BF6FC3A3250,2016,CHEVROLET,SILVERADO,PICKUP TRUCK,RWD,GASOLINE/E85,97785,2016-04-06,34
CEFA70D848791280179809E5126799BD,2018,FORD,ESCAPE,MULTIPURPOSE VEHICLE (MPV),FWD,GASOLINE,1225,2018-07-25,15.7
ECA2CF364592BAFE80A3CB818CCF6789,2018,TOYOTA,TACOMA,PICKUP TRUCK,RWD,GASOLINE,4092,2018-08-29,21.1
FF128C35927D7665AFF1D0664CA3E3A6,2018,TOYOTA,TACOMA,PICKUP TRUCK,RWD,GASOLINE,5191,2018-08-20,21.1
E116403D031C15FEB640BF2B5AF37574,2016,FORD,FOCUS,PASSENGER CAR,FWD,GASOLINE/E85,21615,2016-12-28,12.4
C8FA8C056F796E2089CCDB60A479D681,2016,FORD,FOCUS,PASSENGER CAR,FWD,GASOLINE/E85,58006,2016-12-19,12.4
EA69B88DE3CB9A57799384F88BB8BA09,2016,FORD,FOCUS,PASSENGER CAR,FWD,GASOLINE/E85,52696,2016-12-19,12.4
44E5B11877EB3A19CA338E1675B9B350,2017,FORD,F-150,PICKUP TRUCK,RWD,GASOLINE,50021,2017-04-21,23
02DC3E2AC37C88AF5AB48446F936FFE9,2018,TOYOTA,TACOMA,PICKUP TRUCK,RWD,GASOLINE,,2018-10-19,21.1
2EC50AE9E4123FBC809FCCF2AEC06CD5,2017,FORD,F-150,PICKUP TRUCK,RWD,GASOLINE,30435,2017-04-05,23
3A35B2872B8B51CCE36EC931A33963B3,2016,FORD,EXPLORER,MULTIPURPOSE VEHICLE (MPV),FWD,GASOLINE,35066,2016-06-30,18.6
025DCEA55F108A55DAD22B60477FAFC0,2017,FORD,F-150,PICKUP TRUCK,RWD,GASOLINE,24780,2017-04-13,23
290302B128F7A64F59A852FB42C11537,2017,FORD,F-150,PICKUP TRUCK,RWD,GASOLINE,26961,2017-07-22,23
803E0DD1A6FEA5F88EF3FED0FC5A783C,2017,FORD,F-150,PICKUP TRUCK,RWD,GASOLINE,29929,2017-10-25,23
AE8CC3470CE6BD540485B9722E6E4A44,2017,FORD,F-150,PICKUP TRUCK,RWD,GASOLINE,48477,2017-04-04,23
FE8346113DBA662C606CE2ADD4B0683A,2017,FORD,F-150,PICKUP TRUCK,RWD,GASOLINE,22244,2017-10-26,23
CAEE01A76F14039F9CA3D932544DECC1,2017,FORD,F-150,PICKUP TRUCK,RWD,GASOLINE,27075,2017-11-03,23
8D0D98E8B6EC81D628A6D4CC31270498,2017,FORD,F-150,PICKUP TRUCK,RWD,GASOLINE,23203,2017-07-25,23
D7A8F7DFE1A377C5B6D0780BABFCA928,2017,FORD,F-150,PICKUP TRUCK,RWD,GASOLINE,10940,2017-10-23,23
F9EC9C7CC0CEE065783861A89F476AD4,2017,FORD,F-150,PICKUP TRUCK,RWD,GASOLINE,32914,2017-10-05,23
52E82384364DA96F3D5D4BE0024AE162,2017,FORD,F-150,PICKUP TRUCK,RWD,GASOLINE,20035,2017-12-22,23
1ACEF53FBC5CE1A8A00A0A59444A0484,2017,FORD,FOCUS,PASSENGER CAR,FWD,GASOLINE/E85,15860,2017-09-12,12.4
741ABF80F34BA13D92B6E7334EB91935,2016,FORD,FOCUS,PASSENGER CAR,FWD,GASOLINE/E85,104678,2016-02-03,12.4
8B5707A5BDE2A6BFFF24292CA343BA6E,2016,CHEVROLET,SILVERADO,PICKUP TRUCK,RWD,GASOLINE/E85,110733,2016-04-06,34
795CD0BE519598DCF01E9152044162A0,2016,CHEVROLET,SILVERADO,PICKUP TRUCK,RWD,GASOLINE/E85,62998,2016-03-21,34
308630D66C2ABE5F1675BD6A44AB0517,2016,CHEVROLET,SILVERADO,PICKUP TRUCK,RWD,GASOLINE/E85,61290,2016-03-10,34
B8D6230C4B7B8D1E80E206E102343BF9,2016,CHEVROLET,SILVERADO,PICKUP TRUCK,RWD,GASOLINE/E85,83749,2016-03-10,34
6333A2F7B26DB75503C1C4DFC9C2EF5D,2016,CHEVROLET,SILVERADO,PICKUP TRUCK,RWD,GASOLINE/E85,118388,2016-03-07,34
19A02ACA634C40BE84F2EBA4C3B8F4CC,2016,CHEVROLET,SILVERADO,PICKUP TRUCK,RWD,GASOLINE/E85,102054,2016-03-10,34
605660C1DFAE6B4672EEF1CDB0B49BD7,2016,CHEVROLET,SILVERADO,PICKUP TRUCK,RWD,GASOLINE/E85,78415,2016-04-12,34
2D264C41897EEA5EF04B38C30E31A6F0,2016,CHEVROLET,SILVERADO,PICKUP TRUCK,RWD,GASOLINE/E85,110776,2016-03-10,34
11DBFD84CE1326A35BAC901B43DB473D,2016,CHEVROLET,SILVERADO,PICKUP TRUCK,RWD,GASOLINE/E85,97870,2016-04-12,34
DFD4BF45F05561ECF6CFB03E5853BA36,2016,CHEVROLET,SILVERADO,PICKUP TRUCK,RWD,GASOLINE/E85,61315,2016-05-04,34
CC99B1057A3D08975AF42F7CC6A95729,2016,CHEVROLET,SILVERADO,PICKUP TRUCK,RWD,GASOLINE/E85,44212,2016-03-30,34
44218620C5BF2732B242E8FAC92DA673,2016,CHEVROLET,SILVERADO,PICKUP TRUCK,RWD,GASOLINE/E85,64846,2016-03-08,34
2563A32FB0D6F16F503980BC79B46363,2016,CHEVROLET,SILVERADO,PICKUP TRUCK,RWD,GASOLINE/E85,35793,2016-03-08,34
A747D439515036AFF585058ED98F3227,2016,CHEVROLET,SILVERADO,PICKUP TRUCK,RWD,GASOLINE/E85,51261,2016-03-07,34
62EEEBEA2BF6DFB75CC03703F063B1F9,2016,CHEVROLET,SILVERADO,PICKUP TRUCK,RWD,GASOLINE/E85,75285,2016-04-07,34
2497E4613DC26A84E6EBA391068A09FF,2016,CHEVROLET,SILVERADO,PICKUP TRUCK,RWD,GASOLINE/E85,44034,2016-04-12,34
2622E3AE3B39C9D84177B280E5FEF9A4,2016,CHEVROLET,SILVERADO,PICKUP TRUCK,RWD,GASOLINE/E85,62474,2016-04-13,34
02D91A4799C5D9BC0911A17149EF8855,2016,CHEVROLET,SILVERADO,PICKUP TRUCK,RWD,GASOLINE/E85,85572,2016-04-06,34
244EC955CA14CA039806C80DA54F6608,2016,CHEVROLET,SILVERADO,PICKUP TRUCK,RWD,GASOLINE/E85,106452,2016-03-21,34
77DF3E34443C92A1771218330F96531A,2016,CHEVROLET,SILVERADO,PICKUP TRUCK,RWD,GASOLINE/E85,89054,2016-04-05,34
BF0B2CD91536C25B076368D530E32642,2016,CHEVROLET,SILVERADO,PICKUP TRUCK,RWD,GASOLINE/E85,110026,2016-03-28,34
FD0D23A1F153FE1F39F436A7D1AEC6DA,2016,CHEVROLET,SILVERADO,PICKUP TRUCK,RWD,GASOLINE/E85,90545,2016-04-07,34
CAB3353FF0BC07E255D56B03D6EC6A79,2016,CHEVROLET,SILVERADO,PICKUP TRUCK,RWD,GASOLINE/E85,43028,2016-04-11,34
EF322AC2AEDB6BE9A4DE49ACFC0D5C49,2016,CHEVROLET,SILVERADO,PICKUP TRUCK,RWD,GASOLINE/E85,44767,2016-05-03,34
78BA2545AB9DADC26F2DB8B37E25BBB3,2016,CHEVROLET,SILVERADO,PICKUP TRUCK,RWD,GASOLINE/E85,46457,2016-04-28,34
854353FD271F6872E31F5CCD3B0EC9E2,2016,CHEVROLET,SILVERADO,PICKUP TRUCK,RWD,GASOLINE/E85,73603,2016-04-15,34
35249A38D1C23510F0BC2C67E3BB2060,2016,CHEVROLET,SILVERADO,PICKUP TRUCK,RWD,GASOLINE/E85,57745,2016-04-06,34
E5CA0D1C07A3EF26A0568ACEAE8DAD8D,2016,CHEVROLET,SILVERADO,PICKUP TRUCK,RWD,GASOLINE/E85,60376,2016-03-25,34
00FA024794B235128C5B60E8EFB0E37E,2016,CHEVROLET,SILVERADO,PICKUP TRUCK,RWD,GASOLINE/E85,67448,2016-03-25,34
E632824E79FF3E78CB8D112A56EE41E9,2016,CHEVROLET,SILVERADO,PICKUP TRUCK,RWD,GASOLINE/E85,43788,2016-03-22,34
FFB0ACB3A5114EAD936B7EC1C996A890,2016,CHEVROLET,SILVERADO,PICKUP TRUCK,RWD,GASOLINE/E85,121901,2016-03-22,34
BC8F4D95FEFE20D743FBB587787B41BF,2016,CHEVROLET,SILVERADO,PICKUP TRUCK,RWD,GASOLINE/E85,58581,2016-03-08,34
0423A840A6243CDC0D445649BE0B739B,2016,CHEVROLET,SILVERADO,PICKUP TRUCK,RWD,GASOLINE/E85,41206,2016-04-12,34
F114E7EDA2AB22FE64A1ED16EE9B9F77,2016,CHEVROLET,SILVERADO,PICKUP TRUCK,RWD,GASOLINE/E85,44955,2016-03-22,34
5AA89B3003CC9A75BAEC600DEF3BEF73,2016,CHEVROLET,SILVERADO,PICKUP TRUCK,RWD,GASOLINE/E85,60922,2016-03-31,34
5E44A63E887FD4EEE792E51BDE3FFBDF,2016,CHEVROLET,SILVERADO,PICKUP TRUCK,RWD,GASOLINE/E85,46252,2016-04-15,34
2F7578599FE249AE48C38A2CA3A5CD2F,2016,CHEVROLET,SILVERADO,PICKUP TRUCK,RWD,GASOLINE/E85,63119,2016-05-25,34
ECBE049EE8EE19DDFDC93DFDAD5BF9DA,2016,CHEVROLET,SILVERADO,PICKUP TRUCK,RWD,GASOLINE/E85,88137,2016-06-08,34
2F5D3C6D857AAE2508B9CB0FA45E2CB9,2016,CHEVROLET,SILVERADO,PICKUP TRUCK,RWD,GASOLINE/E85,87958,2016-06-10,34
5410EC784126086894B16C874F654F4F,2016,CHEVROLET,SILVERADO,PICKUP TRUCK,RWD,GASOLINE/E85,52012,2016-07-01,34
C9E2021932485E8777360B516C80EC48,2016,CHEVROLET,SILVERADO,PICKUP TRUCK,RWD,GASOLINE/E85,66232,2016-03-21,34
EA0458A67D7CCC46A5740DA564F56FBA,2016,CHEVROLET,SILVERADO,PICKUP TRUCK,RWD,GASOLINE/E85,45630,2016-06-01,34
0414F54F1D4D1C09606951C11B64CE7C,2016,CHEVROLET,SILVERADO,PICKUP TRUCK,RWD,GASOLINE/E85,85028,2016-05-20,34
87611D84C6B7A57E00B9488BAA84D2FF,2016,CHEVROLET,SILVERADO,PICKUP TRUCK,RWD,GASOLINE/E85,43364,2016-09-09,34
CE00A7BE5EBF997291F8FC2B4EBAE9A6,2016,CHEVROLET,SILVERADO,PICKUP TRUCK,RWD,GASOLINE/E85,73303,2016-05-04,34
2D23CE9A3B04AAA81B3DE9A208A681A3,2016,CHEVROLET,SILVERADO,PICKUP TRUCK,RWD,GASOLINE/E85,86436,2016-06-01,34
A5D05E5BC5716A97272D2C078B3912BA,2016,CHEVROLET,SILVERADO,PICKUP TRUCK,RWD,GASOLINE/E85,69583,2016-05-25,34
07B046EB9003FD8AA017D92D224FE4AE,2016,CHEVROLET,SILVERADO,PICKUP TRUCK,RWD,GASOLINE/E85,84387,2016-06-29,34
264F83AE5CE8AA2354DE0A186DA87974,2016,CHEVROLET,SILVERADO,PICKUP TRUCK,RWD,GASOLINE/E85,39993,2016-02-11,34
E88EC61523749CBAA4B7CBFE9F1F9572,2015,FORD,F-350,PICKUP TRUCK,RWD,GASOLINE/E85,80004,2015-12-07,35
BBAE8ABF2873B586CDFAE52EE7FC2B14,2015,FORD,F-350,PICKUP TRUCK,RWD,GASOLINE/E85,91514,2015-12-07,35
AE410C6FFEDA601DE52A324CF00AF12E,2015,FORD,F-350,PICKUP TRUCK,RWD,GASOLINE/E85,54973,2015-12-07,35
054730EE24F4A393DA48D6C19E913EA4,2016,CHEVROLET,SILVERADO,PICKUP TRUCK,RWD,GASOLINE/E85,49580,2016-02-19,34
3EE85FEEE024062EC3C32D9541D49DF4,2016,CHEVROLET,SILVERADO,PICKUP TRUCK,RWD,GASOLINE/E85,39391,2016-02-19,34
5EAD3CA50FCDAFC3BCB1BC2A32A93D77,2016,CHEVROLET,SILVERADO,PICKUP TRUCK,RWD,GASOLINE/E85,46275,2016-02-18,34
91CDE77DC740CAEC4D0F960747B3A3B8,2016,CHEVROLET,SILVERADO,PICKUP TRUCK,RWD,GASOLINE/E85,71605,2016-03-30,34
87A63A154FD3B8B32DF10F4C5811BAF1,2016,CHEVROLET,SILVERADO,PICKUP TRUCK,RWD,GASOLINE/E85,68871,2016-03-22,34
19AAFB14556494430D48CC75B7C11D7B,2016,CHEVROLET,SILVERADO,PICKUP TRUCK,RWD,GASOLINE/E85,86541,2016-04-06,34
A9253A3324431161CB31568A9DA9EC35,2016,CHEVROLET,SILVERADO,PICKUP TRUCK,RWD,GASOLINE/E85,63107,2016-04-01,34
2381DD898B16A75036A6B36B92466DB2,2016,CHEVROLET,SILVERADO,PICKUP TRUCK,RWD,GASOLINE/E85,66105,2016-04-01,34
F46C17EC35A555375EBD75F9A5E6E59E,2016,CHEVROLET,SILVERADO,PICKUP TRUCK,RWD,GASOLINE/E85,43516,2016-04-01,34
53E537F1C1C0A6CDBD283E4D6B668073,2016,CHEVROLET,SILVERADO,PICKUP TRUCK,RWD,GASOLINE/E85,81469,2016-04-01,34
8E90609DEFF7695870E82465206F0678,2016,CHEVROLET,SILVERADO,PICKUP TRUCK,RWD,GASOLINE/E85,48185,2016-03-11,34
2AE019A0F1C63F881ABCF834C08993B2,2016,CHEVROLET,SILVERADO,PICKUP TRUCK,RWD,GASOLINE/E85,75672,2016-03-09,34
A4B3BDBCA1E5FBBC66A030F69B5F105D,2016,CHEVROLET,SILVERADO,PICKUP TRUCK,RWD,GASOLINE/E85,82146,2016-02-25,34
57F050CC7CC4CD2EF60FB82097D326FE,2016,CHEVROLET,SILVERADO,PICKUP TRUCK,RWD,GASOLINE/E85,74838,2016-03-17,34
299B53982E1777AC8FA40DEF07781FAB,2016,CHEVROLET,SILVERADO,PICKUP TRUCK,RWD,GASOLINE/E85,54509,2016-02-25,34
606016B12217449DA647724D008073D1,2016,CHEVROLET,SILVERADO,PICKUP TRUCK,RWD,GASOLINE/E85,39475,2016-03-16,34
F517D08D94FC260848BA56E2166B3A78,2016,CHEVROLET,SILVERADO,PICKUP TRUCK,RWD,GASOLINE/E85,39260,2016-03-03,34
781E241CD127E76F98AF746030FDC168,2016,CHEVROLET,SILVERADO,PICKUP TRUCK,RWD,GASOLINE/E85,112902,2016-02-26,34
CA927A8AC45BEE433D2C5B75FEBE7F8A,2016,CHEVROLET,SILVERADO,PICKUP TRUCK,RWD,GASOLINE/E85,103230,2016-03-10,34
F920D2EE023AA527E30C7DC897852D78,2016,CHEVROLET,SILVERADO,PICKUP TRUCK,RWD,GASOLINE/E85,55026,2016-03-29,34
42D7DE2194BB584E4ECE2C8733694091,2016,CHEVROLET,SILVERADO,PICKUP TRUCK,RWD,GASOLINE/E85,44285,2016-03-21,34
03D4D6E741B4F4F16FDE48FEBBBEDF3C,2016,CHEVROLET,SILVERADO,PICKUP TRUCK,RWD,GASOLINE/E85,38886,2016-04-15,34
96E0F016F77E5F54D228ACEE70B979F8,2016,CHEVROLET,SILVERADO,PICKUP TRUCK,RWD,GASOLINE/E85,95756,2016-03-31,34
1D736EDE8ED2AE496E67F2719663ED1C,2016,CHEVROLET,SILVERADO,PICKUP TRUCK,RWD,GASOLINE/E85,48654,2016-04-15,34
38EB8DD63B8B33A5F7EC03F37C58CA64,2016,CHEVROLET,SILVERADO,PICKUP TRUCK,RWD,GASOLINE/E85,52018,2016-03-22,34
EE7B29F495415742079CE2D76105D2BD,2016,CHEVROLET,SILVERADO,PICKUP TRUCK,RWD,GASOLINE/E85,40303,2016-03-14,34
ECB09BFE66D725CB34788A41DC860E34,2016,CHEVROLET,SILVERADO,PICKUP TRUCK,RWD,GASOLINE/E85,92161,2016-04-06,34
F8A95E2A5CCF90208BF496A60DF0610B,2016,CHEVROLET,SILVERADO,PICKUP TRUCK,RWD,GASOLINE/E85,51426,2016-03-11,34
CA168C548A9A52B685E478A798E0004B,2016,CHEVROLET,SILVERADO,PICKUP TRUCK,RWD,GASOLINE/E85,77363,2016-04-15,34
28A4E33CF0B1E246AB596203CEF675AF,2016,CHEVROLET,SILVERADO,PICKUP TRUCK,RWD,GASOLINE/E85,138990,2016-03-09,34
3836FB9516E8275F264D9DE4AA7207C9,2016,CHEVROLET,SILVERADO,PICKUP TRUCK,RWD,GASOLINE/E85,84375,2016-03-11,34
C268AF001ACA9A90504CF4FF27499140,2016,CHEVROLET,SILVERADO,PICKUP TRUCK,RWD,GASOLINE/E85,53371,2016-03-09,34
84FD4AC107F2F6BBECFDBD5F28E45156,2016,CHEVROLET,SILVERADO,PICKUP TRUCK,RWD,GASOLINE/E85,65937,2016-03-18,34
CD689ABE5FD776CE0FC2098E34514157,2016,CHEVROLET,SILVERADO,PICKUP TRUCK,RWD,GASOLINE/E85,85554,2016-03-10,34
22E7CCAFD173601774907BCD5A8415D8,2016,CHEVROLET,SILVERADO,PICKUP TRUCK,RWD,GASOLINE/E85,43093,2016-03-17,34
AF25D0215BAE590B6E57E2CE4FABFDEB,2016,CHEVROLET,SILVERADO,PICKUP TRUCK,RWD,GASOLINE/E85,49878,2016-03-18,34
234FC937F1ABA41E1C2B947605646B79,2016,CHEVROLET,SILVERADO,PICKUP TRUCK,RWD,GASOLINE/E85,79086,2016-02-26,34
E4B3FDB71FC56132C4F1058E39EB0F5D,2016,CHEVROLET,SILVERADO,PICKUP TRUCK,RWD,GASOLINE/E85,32130,2016-02-26,34
F35C5354A35FE7347B281E43A92B1125,2016,CHEVROLET,SILVERADO,PICKUP TRUCK,RWD,GASOLINE/E85,49784,2016-04-04,34
BA2408AA9F51F5FFDE5A44F8810BAF78,2016,CHEVROLET,SILVERADO,PICKUP TRUCK,RWD,GASOLINE/E85,124931,2016-05-06,34
BAFBA1592A9E7F41519F8C07EC9984F7,2016,CHEVROLET,SILVERADO,PICKUP TRUCK,RWD,GASOLINE/E85,74300,2016-04-12,34
93D5BFA12EAF9D4CB4FFE57A7C8DEA74,2016,CHEVROLET,SILVERADO,PICKUP TRUCK,RWD,GASOLINE/E85,75710,2016-05-06,34
4C51471E5D53A01E10A56DA6E9D06E52,2016,CHEVROLET,SILVERADO,PICKUP TRUCK,RWD,GASOLINE/E85,101271,2016-03-30,34
B87291CC9427BA1C55633F1947F3ED84,2016,CHEVROLET,SILVERADO,PICKUP TRUCK,RWD,GASOLINE/E85,94694,2016-04-19,34
760E6EA1DDF0CEA87314D5B867872AB9,2016,CHEVROLET,SILVERADO,PICKUP TRUCK,RWD,GASOLINE/E85,55609,2016-03-23,34
073ACC3194D569DBA52F4C700F60BB72,2016,CHEVROLET,SILVERADO,PICKUP TRUCK,RWD,GASOLINE/E85,117435,2016-04-19,34
D8D0CD0F469EE3345965B6F241FDD413,2016,CHEVROLET,SILVERADO,PICKUP TRUCK,RWD,GASOLINE/E85,40814,2016-03-30,34
21C4741E16179BF54635A205C7D4D4BE,2016,CHEVROLET,SILVERADO,PICKUP TRUCK,RWD,GASOLINE/E85,64680,2016-03-30,34
562DFAED705D614719F61A91E7C57F41,2016,CHEVROLET,SILVERADO,PICKUP TRUCK,RWD,GASOLINE/E85,59316,2016-03-22,34
D24996542103F8B4A4D1F7F5D8C2C4EE,2016,CHEVROLET,SILVERADO,PICKUP TRUCK,RWD,GASOLINE/E85,34037,2016-03-30,34
59D5C9D473A4F986ABCBDD88857EC440,2016,CHEVROLET,SILVERADO,PICKUP TRUCK,RWD,GASOLINE/E85,55995,2016-04-08,34
9EBDFF727AD759599413656411F1A8FC,2016,CHEVROLET,SILVERADO,PICKUP TRUCK,RWD,GASOLINE/E85,67576,2016-02-19,34
12B27B31B8FB18641A65D1BCBE640F3D,2016,CHEVROLET,SILVERADO,PICKUP TRUCK,RWD,GASOLINE/E85,91784,2016-05-17,34
FFF315ED64663FF0106BBE432873F3C7,2016,CHEVROLET,SILVERADO,PICKUP TRUCK,RWD,GASOLINE/E85,111523,2016-03-30,34
E3BB8EB7D15ED4D11A366A9CC403BB41,2016,CHEVROLET,SILVERADO,PICKUP TRUCK,RWD,GASOLINE/E85,73744,2016-04-28,34
C8C9AB68F9F337B1712996FC95245FA3,2016,CHEVROLET,SILVERADO,PICKUP TRUCK,RWD,GASOLINE/E85,36605,2016-02-24,34
B705989D0B54FF8A093E9486E1F77B79,2016,CHEVROLET,SILVERADO,PICKUP TRUCK,RWD,GASOLINE/E85,98828,2016-06-08,34
0C7412133A2C42CB745125BD9E1E73E5,2016,CHEVROLET,SILVERADO,PICKUP TRUCK,RWD,GASOLINE/E85,97545,2016-03-30,34
2232566E86A22798BB548A3051E2DBBD,2016,CHEVROLET,SILVERADO,PICKUP TRUCK,RWD,GASOLINE/E85,106213,2016-04-04,34
6FB96EF2E3CC9DE7816E894AC4AFD99B,2016,CHEVROLET,SILVERADO,PICKUP TRUCK,RWD,GASOLINE/E85,91162,2016-03-10,34
31D7D4AFDB222C07D965316C11913F18,2016,CHEVROLET,SILVERADO,PICKUP TRUCK,RWD,GASOLINE/E85,92569,2016-04-07,34
0A198312081B758F883E1B2FA37326AC,2016,CHEVROLET,SILVERADO,PICKUP TRUCK,RWD,GASOLINE/E85,50486,2016-04-20,34
BA8241E82632B9E26413C65BA5B892B7,2016,CHEVROLET,SILVERADO,PICKUP TRUCK,RWD,GASOLINE/E85,87216,2016-02-17,34
E445A8CD7C122AC736F5654179E10AC2,2016,CHEVROLET,SILVERADO,PICKUP TRUCK,RWD,GASOLINE/E85,54697,2016-04-27,34
6B6F03CCBCCCF7C891FDFDAE36C43A18,2016,CHEVROLET,SILVERADO,PICKUP TRUCK,RWD,GASOLINE/E85,87522,2016-05-05,34
80641D7C116FBFA8E9B4D43F00F84A16,2016,CHEVROLET,SILVERADO,PICKUP TRUCK,RWD,GASOLINE/E85,78630,2016-05-16,34
76B277CE109DB1149EF9B8E539D6721C,2016,CHEVROLET,SILVERADO,PICKUP TRUCK,RWD,GASOLINE/E85,113161,2016-04-19,34
008FE104A468E9CF8088AADE56977CC7,2016,CHEVROLET,SILVERADO,PICKUP TRUCK,RWD,GASOLINE/E85,52480,2016-05-23,34
DC403631B0731D02DBB1446E55CDFEFA,2016,CHEVROLET,SILVERADO,PICKUP TRUCK,RWD,GASOLINE/E85,45969,2016-03-25,34
669C9CB5E8389AB3701614269A9B4B43,2016,CHEVROLET,SILVERADO,PICKUP TRUCK,RWD,GASOLINE/E85,63181,2016-04-15,34
EB7F68B4D683D4D27B63CCD168FAA005,2016,CHEVROLET,SILVERADO,PICKUP TRUCK,RWD,GASOLINE/E85,125297,2016-05-31,34
A497B4F613AADBD7CF1E1B869136C444,2016,CHEVROLET,SILVERADO,PICKUP TRUCK,RWD,GASOLINE/E85,57827,2016-03-17,34
A6C206B4227BCE820CBC2F8279A9CA5E,2016,CHEVROLET,SILVERADO,PICKUP TRUCK,RWD,GASOLINE/E85,35543,2016-06-06,34
7BB69AC36BAB56C73CD03719AF0C7E78,2016,CHEVROLET,SILVERADO,PICKUP TRUCK,RWD,GASOLINE/E85,124369,2016-04-12,34
84BAD9DE01741E21E4D997C75A77958B,2016,CHEVROLET,SILVERADO,PICKUP TRUCK,RWD,GASOLINE/E85,52361,2016-05-31,34
30749690813521936ECA78BF42778AF0,2016,CHEVROLET,SILVERADO,PICKUP TRUCK,RWD,GASOLINE/E85,72505,2016-04-12,34
2509CD614C3524EF6233D0F78EA1265D,2017,FORD,F-150,PICKUP TRUCK,RWD,GASOLINE,52643,2017-04-27,23
464D7C8254505A4D45ADC5A29DFB2164,2017,FORD,F-150,PICKUP TRUCK,RWD,GASOLINE,19840,2017-06-20,23
95DD7A70508C3BEB1E3C6AD65F35EE4D,2017,FORD,F-150,PICKUP TRUCK,RWD,GASOLINE,40391,2017-05-03,23
FF2C887CF2440D8ACC3A168F6DFC612C,2017,FORD,F-150,PICKUP TRUCK,RWD,GASOLINE,27275,2017-06-09,23
902FF9BC93E064705C8EF91EA0400463,2017,FORD,F-150,PICKUP TRUCK,RWD,GASOLINE,43995,2017-06-29,23
77C31BB4BEDACCBB8D0BE3F94100B9DF,2017,FORD,F-150,PICKUP TRUCK,RWD,GASOLINE,19082,2017-08-01,23
1AACE0CC890281798075DA409E65278B,2017,FORD,E-450 SUPER DUTY,VAN,4X2,GASOLINE,5692,2016-12-28,55
7831E20305E1325FD6521FC330B49A81,2017,FORD,E-450 SUPER DUTY,VAN,4X2,GASOLINE,11036,2016-12-20,55
0BADF3A5FFA66980FBBDD6F281ABBCDB,2017,FORD,E-450 SUPER DUTY,VAN,4X2,GASOLINE,21495,2016-12-16,55
16A1363C64FC244FD00769C051781AEF,2017,FORD,E-450 SUPER DUTY,VAN,4X2,GASOLINE,8063,2017-01-25,55
C6BDB521DE89CE60F6033AB2BEBBA29E,2017,FORD,E-450 SUPER DUTY,VAN,4X2,GASOLINE,6193,2017-01-30,55
0EA8956FC0598ABFBBCD7BEFCEA10EAE,2017,FORD,E-450 SUPER DUTY,VAN,4X2,GASOLINE,8189,2016-12-06,55
13EDC746CA209E92E11D22F79FF3C719,2017,FORD,E-450 SUPER DUTY,VAN,4X2,GASOLINE,8275,2017-03-08,55
5D89B56416D0A01F5F4C09C451F497CE,2017,FORD,E-450 SUPER DUTY,VAN,4X2,GASOLINE,4125,2016-12-09,55
34FE8BC113012A25AA4AD92005F13743,2017,FORD,F-150,PICKUP TRUCK,RWD,GASOLINE/E85,33194,2017-09-26,23
75E6DC51E2416C6BABD842473447E861,2017,FORD,F-150,PICKUP TRUCK,RWD,GASOLINE/E85,26249,2017-09-26,23
0CABA2D7ECC9058788891F1D133BB19E,2017,FORD,F-150,PICKUP TRUCK,4WD,GASOLINE,37747,2017-10-20,23
BE42E20B7E5E8ECBC99AC336745AFB31,2017,FORD,F-150,PICKUP TRUCK,4WD,GASOLINE/E85,29067,2017-09-13,23
4D1B04A5D09F2C667F2C9F249728F6A2,2017,FORD,F-150,PICKUP TRUCK,4WD,GASOLINE/E85,30324,2017-08-31,23
032EFC774474EC3358727D203D2F66C6,2017,FORD,EXPLORER,MULTIPURPOSE VEHICLE (MPV),FWD,GASOLINE,43282,2016-10-17,18.6
420F774B9D9B1637FCE55C19057F41F9,2017,FORD,F-150,PICKUP TRUCK,RWD,GASOLINE,44696,2017-05-18,23
7174907DE996DE646CFFDAD9EB0EC176,2017,FORD,F-150,PICKUP TRUCK,RWD,GASOLINE,40466,2017-04-19,23
3B94203FE12D62E4C7A5121D8DB6ACB7,2016,CHEVROLET,SILVERADO,PICKUP TRUCK,RWD,GASOLINE/E85,120014,2016-02-12,34
1D6E6DC70372A7F844F9E5B46FE61CA7,2018,TOYOTA,TACOMA,PICKUP TRUCK,4WD,GASOLINE,,2018-10-26,21.1
8B80C0752DB22D7717946398D66405EE,2017,FORD,F-150,PICKUP TRUCK,RWD,GASOLINE,15064,2017-10-25,23
CBB76C08C4120B6E8FF4617EBB1FF344,2017,FORD,F-150,PICKUP TRUCK,RWD,GASOLINE,20660,2017-10-24,23
52115A37EDC4F73EBD214868FAEC1DFC,2017,FORD,F-150,PICKUP TRUCK,RWD,GASOLINE,2031,2018-01-11,23
D7B25BEDFC5B6028758564FFEE4B120C,2015,CHEVROLET,SILVERADO,PICKUP TRUCK,RWD,GASOLINE/E85,93327,2016-01-07,34
C6EEC3681805772E676FE2E49FBBB92E,2015,CHEVROLET,SILVERADO,PICKUP TRUCK,RWD,GASOLINE/E85,92797,2015-10-27,34
64FAB88EE83C1B1BCAF9F5473DF8C012,2015,CHEVROLET,SILVERADO,PICKUP TRUCK,RWD,GASOLINE/E85,78511,2016-01-21,34
93422FA8FB9E59C47B2A26E2B311AD6F,2015,CHEVROLET,SILVERADO,PICKUP TRUCK,RWD,GASOLINE/E85,79026,2016-01-27,34
9D0C149564F84D4A2F6E31A8CD357F89,2015,CHEVROLET,SILVERADO,PICKUP TRUCK,RWD,GASOLINE/E85,51576,2015-10-30,34
260881D031CBB838057BFF9244B800EB,2015,CHEVROLET,SILVERADO,PICKUP TRUCK,RWD,GASOLINE/E85,79000,2015-11-19,34
85D29FE14652C24C1F970E239D109EC9,2015,CHEVROLET,SILVERADO,PICKUP TRUCK,RWD,GASOLINE/E85,83897,2015-12-03,34
9245ABFAB8833B8DF7D0F23078213E0C,2015,CHEVROLET,SILVERADO,PICKUP TRUCK,RWD,GASOLINE/E85,43200,2016-02-18,34
1BED7BA603FB0EA2A79D05D5D22D3C58,2015,CHEVROLET,SILVERADO,PICKUP TRUCK,RWD,GASOLINE/E85,51333,2015-12-08,34
F7588C9B2F3885FC0381F539660094E0,2015,CHEVROLET,SILVERADO,PICKUP TRUCK,RWD,GASOLINE/E85,42674,2015-11-03,34
33EC6CD4C4783024B8F58995EA0034D4,2015,CHEVROLET,SILVERADO,PICKUP TRUCK,RWD,GASOLINE/E85,94988,2015-11-18,34
43F72327D8EAE1790F57FE170505ADB2,2015,CHEVROLET,SILVERADO,PICKUP TRUCK,RWD,GASOLINE/E85,74598,2015-11-06,34
2941AD467FE77599806B3C066CE49C0A,2015,CHEVROLET,SILVERADO,PICKUP TRUCK,RWD,GASOLINE/E85,81371,2015-11-23,34
4473ECEF5206B89A2EF38916C9DF9EBE,2015,CHEVROLET,SILVERADO,PICKUP TRUCK,RWD,GASOLINE/E85,118222,2015-10-16,34
D95550A24AF43F1BCBE7A198CDBCAA99,2015,CHEVROLET,SILVERADO,PICKUP TRUCK,RWD,GASOLINE/E85,55056,2015-12-01,34
A6179E9C793A7DBEA2C7DF1724F0BDB7,2015,CHEVROLET,SILVERADO,PICKUP TRUCK,RWD,GASOLINE/E85,49125,2015-11-11,34
3C00D673F20950F1C719810517078721,2015,CHEVROLET,SILVERADO,PICKUP TRUCK,RWD,GASOLINE/E85,94200,2015-10-16,34
F6E3245E318468A79B513E1E4E7102DA,2013,FORD,F-350,PICKUP TRUCK,RWD,GASOLINE/E85,147499,2013-03-25,35
6786D94C9635EA7739C725F7B302504C,2013,FORD,F-350,PICKUP TRUCK,RWD,GASOLINE/E85,160685,2013-03-22,35
8A4B98986EA3CE49BFD88B994192AE5E,2013,FORD,F-350,PICKUP TRUCK,RWD,GASOLINE/E85,156249,2013-03-22,35
A7B81486E5B25E312507A6F701B82AB7,2013,FORD,F-150,PICKUP TRUCK,RWD,GASOLINE/E85,153066,2013-07-23,26
6321D6C9A3EECFC681252C7782BB8D61,2013,FORD,F-150,PICKUP TRUCK,RWD,GASOLINE/E85,113760,2013-08-16,26
E4CC3A2E491F95DF0426C8DC6E520AA1,2013,FORD,F-150,PICKUP TRUCK,RWD,GASOLINE/E85,75280,2013-07-22,26
4C9EB75B554349B874E834F075E0E302,2013,FORD,F-150,PICKUP TRUCK,RWD,GASOLINE/E85,161400,2013-08-14,26
3249815A12462406F1BC5B118BDF486D,2013,FORD,F-150,PICKUP TRUCK,RWD,GASOLINE/E85,102772,2013-12-31,26
8838BC33D9020C77A72CAA3845315199,2013,FORD,F-350,PICKUP TRUCK,RWD,GASOLINE/E85,151905,2013-03-21,35
D81D2122758DB8F2ADD57D465D78F522,2013,FORD,F-350,PICKUP TRUCK,RWD,GASOLINE/E85,98067,2013-03-25,35
2BFF996E484AF6C4F148172166B0B9E7,2014,FORD,F-350,PICKUP TRUCK,RWD,GASOLINE/E85,136792,2014-05-07,35
4E34FA45B4CCA63911962616C956C3E0,2014,FORD,F-350,PICKUP TRUCK,RWD,GASOLINE/E85,112316,2014-04-28,35
5715069400FE93EBC04D848FC08861BB,2014,FORD,F-350,PICKUP TRUCK,RWD,GASOLINE/E85,91773,2014-05-23,35
6EC320DE80B856B8EFF3FB2A4B5989DE,2014,FORD,F-150,PICKUP TRUCK,RWD,GASOLINE/E85,45272,2014-11-13,26
D4B6A76E3BCAEBC951B881EABDCDEB6B,2014,FORD,F-150,PICKUP TRUCK,RWD,GASOLINE/E85,74026,2014-10-22,26
37489097B175A3D35A7BB87BD71FDDB8,2014,FORD,F-150,PICKUP TRUCK,RWD,GASOLINE/E85,71055,2014-11-17,26
4FC438E1FA722905E293C198953A6105,2014,FORD,F-150,PICKUP TRUCK,RWD,GASOLINE/E85,105517,2014-10-27,26
4D755AF13421F972CBF6D5797AF66549,2014,FORD,F-150,PICKUP TRUCK,RWD,GASOLINE/E85,129433,2015-01-07,26
9192822ED34732D2FA84D8970B3A03E5,2014,FORD,F-150,PICKUP TRUCK,RWD,GASOLINE/E85,180125,2014-10-22,26
5A40EBAC0A432B731BC7C649F2BC1841,2014,FORD,F-150,PICKUP TRUCK,RWD,GASOLINE/E85,153200,2015-01-02,26
B389D698C1D11D30899866020A43008B,2014,FORD,F-150,PICKUP TRUCK,RWD,GASOLINE/E85,180623,2014-11-20,26
4928DE974A954E3F4AB662404819B043,2014,FORD,F-150,PICKUP TRUCK,RWD,GASOLINE/E85,81121,2014-12-19,26
78EF0C86ADA3045D8A4D47C8EAA180C3,2014,FORD,F-150,PICKUP TRUCK,RWD,GASOLINE/E85,90302,2015-01-21,26
D2DCCC963C51C22C5EE3EC10FB4D940B,2013,FORD,F-150,PICKUP TRUCK,RWD,GASOLINE/E85,110811,2013-08-23,26
AD52442F02973C94ED264B47B7148FA2,2012,FORD,F-250,PICKUP TRUCK,RWD,GASOLINE/E85,87972,2013-03-18,35
20A99E1D49032CA26451FF8628158A60,2013,FORD,F-150,PICKUP TRUCK,RWD,GASOLINE/E85,65320,2013-08-23,26
5414C623685EF63B61A6D70194329B29,2013,FORD,F-350,PICKUP TRUCK,RWD,GASOLINE/E85,86938,2013-10-07,35
367E8D4848D62707D3F75E0E29C4ACC0,2013,FORD,F-350,PICKUP TRUCK,RWD,GASOLINE/E85,88963,2013-08-23,35
B81653FA5666B7E8EF0D9572EADB53F5,2013,FORD,F-350,PICKUP TRUCK,RWD,GASOLINE/E85,87989,2013-10-09,35
91F01F6C263FA40F9194443448C2CFD5,2013,FORD,F-150,PICKUP TRUCK,RWD,GASOLINE/E85,218527,2013-03-14,26
B617F34A42FA6409D1E6DC736DC03E46,2013,FORD,F-350,PICKUP TRUCK,RWD,GASOLINE/E85,146982,2013-04-01,35
4E805D1E30DDE94AD04FF025D627D5B8,2013,FORD,F-350,PICKUP TRUCK,RWD,GASOLINE/E85,95219,2013-04-17,35
50961F299EE600A1BCD2B7FB03BCF0FA,2013,FORD,F-150,PICKUP TRUCK,RWD,GASOLINE/E85,44568,2013-07-09,26
F04206D29079D227CFD7FFACD709F69B,2013,FORD,F-150,PICKUP TRUCK,RWD,GASOLINE/E85,196232,2013-07-18,26
1B7483F0580096D42A84BF340D227A76,2013,FORD,F-150,PICKUP TRUCK,RWD,GASOLINE/E85,144191,2013-07-29,26
C06A618219C4588A5BDFBE803C4EA060,2013,FORD,F-150,PICKUP TRUCK,RWD,GASOLINE/E85,109974,2013-07-09,26
467F89F7B0FE746B25C1CC346BB4C1A4,2014,FORD,F-150,PICKUP TRUCK,RWD,GASOLINE/E85,68481,2014-11-11,26
39946E51DC429D40D0517B360125385E,2014,FORD,F-150,PICKUP TRUCK,RWD,GASOLINE/E85,60239,2014-11-13,26
43F562F441802A2A208D9B2797D86F05,2014,FORD,F-150,PICKUP TRUCK,RWD,GASOLINE/E85,90223,2014-11-12,26
9136A7A8D9963C666DDE3C687565262E,2014,FORD,F-150,PICKUP TRUCK,RWD,GASOLINE/E85,79810,2015-01-26,26
64B42749F735AE7145E8BAF70F2AFCC3,2014,FORD,F-150,PICKUP TRUCK,RWD,GASOLINE/E85,40379,2014-10-13,26
AD4A2C1C07E6AE0C5ECC97D08525C6D2,2015,CHEVROLET,SILVERADO,PICKUP TRUCK,RWD,GASOLINE/E85,99810,2015-05-18,34
31442E77F643FEBF91F51D73BFC1506A,2015,CHEVROLET,SILVERADO,PICKUP TRUCK,RWD,GASOLINE/E85,39782,2015-09-17,34
0E43DE93AF22E94DDE286B51D20B29C2,2015,CHEVROLET,SILVERADO,PICKUP TRUCK,RWD,GASOLINE/E85,123831,2015-04-02,34
F2A38FC817325229ABB963E0F0A44F4A,2015,CHEVROLET,SILVERADO,PICKUP TRUCK,RWD,GASOLINE/E85,108000,2015-05-18,34
20D085E373E393FF0DB36BE7A1237173,2015,CHEVROLET,SILVERADO,PICKUP TRUCK,RWD,GASOLINE/E85,48956,2015-04-02,34
1888DDBBCBE1EC59AB5799CF2D638382,2015,CHEVROLET,SILVERADO,PICKUP TRUCK,RWD,GASOLINE/E85,66700,2015-04-08,34
2B0B2DA1E245BD5631D086C9C016DFCB,2015,CHEVROLET,SILVERADO,PICKUP TRUCK,RWD,GASOLINE/E85,66041,2015-05-06,34
400589F4B9D7EC7667AA3359783A8B61,2013,FORD,F-350,PICKUP TRUCK,RWD,GASOLINE/E85,123533,2013-10-07,35
5945BB5E04CC21C5AD3B1C7E970C2C33,2013,FORD,F-150,PICKUP TRUCK,RWD,GASOLINE/E85,98818,2013-09-06,26
956E0C3F8EFF1E3142D17814B09BE74C,2013,FORD,F-150,PICKUP TRUCK,RWD,GASOLINE/E85,101456,2013-09-06,26
E837813BE698E4DE97A388DD800C4474,2013,FORD,F-150,PICKUP TRUCK,RWD,GASOLINE/E85,152034,2013-09-19,26
A8A061680202A6BBA3574046C88DACD1,2013,FORD,F-350,PICKUP TRUCK,RWD,GASOLINE/E85,86853,2013-10-10,35
E2F2502D7F8D9A2AB3C3F38A636531A6,2013,FORD,F-150,PICKUP TRUCK,RWD,GASOLINE/E85,138782,2013-12-31,26
7251BD99C86B5CD90E6A8AB490A16B1F,2013,FORD,F-150,PICKUP TRUCK,RWD,GASOLINE/E85,130493,2013-05-16,26
9A333ECE4E88688C0A3754CD6FD78604,2013,FORD,F-150,PICKUP TRUCK,RWD,GASOLINE/E85,106072,2013-12-31,26
3E1E47C562DF064D082B59F53B3943BE,2013,FORD,F-150,PICKUP TRUCK,RWD,GASOLINE/E85,103350,2013-07-11,26
5FE74360A2F32F57A579C145072C7C3B,2013,FORD,F-150,PICKUP TRUCK,RWD,GASOLINE/E85,83047,2013-12-31,26
494228171F35177BBE573B650B4D4E97,2013,FORD,F-150,PICKUP TRUCK,RWD,GASOLINE/E85,85303,2013-12-31,26
7BB55C5522DCBCFD2890E1BE90601858,2014,FORD,F-150,PICKUP TRUCK,RWD,GASOLINE/E85,88290,2014-10-24,26
B6C835248D53FFF708AC896DF828C128,2014,FORD,F-150,PICKUP TRUCK,RWD,GASOLINE/E85,66355,2014-10-10,26
97E95BCAA61DCFC1D3D989FD6CD349EA,2014,FORD,F-150,PICKUP TRUCK,RWD,GASOLINE/E85,92352,2014-10-21,26
4F51716D60B3DC92BAE4A288DAD11F3D,2014,FORD,F-150,PICKUP TRUCK,RWD,GASOLINE/E85,68976,2014-10-15,26
1B8BDDA14D963E31DD6DC5FEA3F27E21,2015,CHEVROLET,SILVERADO,PICKUP TRUCK,RWD,GASOLINE/E85,102839,2015-06-11,34
A0C089FD7C1B774DDE5A9DC8496ADC6D,2015,CHEVROLET,SILVERADO,PICKUP TRUCK,RWD,GASOLINE/E85,88357,2015-06-10,34
0AD878851B924992E509C6F2013D5955,2015,CHEVROLET,SILVERADO,PICKUP TRUCK,RWD,GASOLINE/E85,104850,2015-08-13,34
3F1ACC005C2C4D5B4D04587B56E70B89,2015,CHEVROLET,SILVERADO,PICKUP TRUCK,RWD,GASOLINE/E85,83427,2015-05-06,34
5957176E2BA564F0A0C4D0B0919AB3CE,2015,CHEVROLET,SILVERADO,PICKUP TRUCK,RWD,GASOLINE/E85,51938,2015-10-01,34
8853052A53E1868C9B3CA10221559953,2015,CHEVROLET,SILVERADO,PICKUP TRUCK,RWD,GASOLINE/E85,91214,2015-07-08,34
35CFEFF41837CF2961F072CA6754F5A0,2015,CHEVROLET,SILVERADO,PICKUP TRUCK,RWD,GASOLINE/E85,109428,2015-04-06,34
881AA2FAFBB0E0EF2938144C04351B5B,2015,CHEVROLET,SILVERADO,PICKUP TRUCK,RWD,GASOLINE/E85,75215,2015-05-14,34
B7F0EDF2F386A3E4EA76538BB60D53E1,2015,CHEVROLET,SILVERADO,PICKUP TRUCK,RWD,GASOLINE/E85,82302,2015-06-19,34
89489F82F719E2B5F4EDD3F9CF136BC0,2015,CHEVROLET,SILVERADO,PICKUP TRUCK,RWD,GASOLINE/E85,50594,2015-06-23,34
8C2DBE9FED43F2EB5CA6978B8043B1CB,2013,FORD,F-150,PICKUP TRUCK,RWD,GASOLINE/E85,121689,2013-08-28,26
623E2531DADB420EEFFFE344B2414DA1,2013,FORD,F-150,PICKUP TRUCK,RWD,GASOLINE/E85,139684,2013-09-04,26
1C095266F8D8897B4D15A950419AB84C,2013,FORD,F-150,PICKUP TRUCK,RWD,GASOLINE/E85,116060,2013-09-10,26
D540A72DF38E078C4C18598C6A83EC3B,2013,FORD,F-150,PICKUP TRUCK,RWD,GASOLINE/E85,96760,2013-08-24,26
FB1400F1650FE691939B049C06C6A9D5,2013,FORD,F-150,PICKUP TRUCK,RWD,GASOLINE/E85,223957,2013-06-24,26
ABC50F4D22E55267DDBB30775FBE481D,2013,FORD,F-150,PICKUP TRUCK,RWD,GASOLINE/E85,186595,2013-07-17,26
CE102EA25D4030A3EB3BF079692A6302,2013,FORD,F-150,PICKUP TRUCK,RWD,GASOLINE/E85,84924,2013-12-31,26
63048D27842E8E4F8E36ED7DACA2B39A,2013,FORD,F-150,PICKUP TRUCK,RWD,GASOLINE/E85,172412,2013-08-15,26
CB784FDE4F26D9FB6351BEFF2AD71CCF,2013,FORD,F-150,PICKUP TRUCK,RWD,GASOLINE/E85,186617,2013-08-15,26
5264990DA2BA69DFFF1F821EBAA20A47,2013,FORD,F-150,PICKUP TRUCK,RWD,GASOLINE/E85,141152,2013-09-16,26
1D874B3B881BFB18D64EC97E3A172937,2013,FORD,F-150,PICKUP TRUCK,RWD,GASOLINE/E85,199920,2014-01-08,26
58E2CF9D819784DEA21F1670C06E76EF,2013,FORD,F-150,PICKUP TRUCK,RWD,GASOLINE/E85,62130,2013-12-31,26
B3D616D3CEB2B827F14C1EFC389EAB79,2015,CHEVROLET,SILVERADO,PICKUP TRUCK,RWD,GASOLINE/E85,78102,2015-04-28,34
B8B586207EC6244E758310A373BCAE44,2015,CHEVROLET,SILVERADO,PICKUP TRUCK,RWD,GASOLINE/E85,99384,2015-06-10,34
995011FED4AD176A156DE4C952E1CC7B,2015,CHEVROLET,SILVERADO,PICKUP TRUCK,RWD,GASOLINE/E85,87055,2015-06-03,34
12C53543E3A886F04665E11AE924F2B9,2015,CHEVROLET,SILVERADO,PICKUP TRUCK,RWD,GASOLINE/E85,95174,2015-05-20,34
AF5993A6B1A2C397B6F747A8FD2D2C2E,2015,CHEVROLET,SILVERADO,PICKUP TRUCK,RWD,GASOLINE/E85,123766,2015-05-18,34
C465FA13A6B78BA479DD4C1AC93D0E94,2015,CHEVROLET,SILVERADO,PICKUP TRUCK,RWD,GASOLINE/E85,84430,2015-06-04,34
A931AAC6EABC83C22EBB14AD1E9A1A9C,2015,FORD,FOCUS,PASSENGER CAR,FWD,GASOLINE/E85,50747,2015-06-16,12.4
85DB97BF12D6D50E923FFE85CD4C2346,2015,CHEVROLET,SILVERADO,PICKUP TRUCK,RWD,GASOLINE/E85,79834,2015-08-27,34
EEF0066168492CC764DA4426CDC69AC0,2015,CHEVROLET,SILVERADO,PICKUP TRUCK,RWD,GASOLINE/E85,97028,2015-09-14,34
A7F824DB1378A1373FEF549348EA09A8,2015,CHEVROLET,SILVERADO,PICKUP TRUCK,RWD,GASOLINE/E85,55230,2015-09-08,34
0D0BBC8C939FA01CDA4987CF54D6EC26,2015,CHEVROLET,SILVERADO,PICKUP TRUCK,RWD,GASOLINE/E85,62853,2015-08-24,34
C35D4FB555E7EE353AE49E4BF8CC2164,2015,CHEVROLET,SILVERADO,PICKUP TRUCK,RWD,GASOLINE/E85,39444,2015-07-21,34
C259DE5976CFD0B1D43603A39593475B,2015,CHEVROLET,SILVERADO,PICKUP TRUCK,RWD,GASOLINE/E85,108911,2015-08-10,34
635F33EC7F8AA8E12554D54EC235B63A,2015,CHEVROLET,SILVERADO,PICKUP TRUCK,RWD,GASOLINE/E85,47916,2015-09-03,34
7989DD6F44FFB80C1A36B5A6A24C3EF0,2015,CHEVROLET,SILVERADO,PICKUP TRUCK,RWD,GASOLINE/E85,107164,2015-08-18,34
C0868670D8C5A0EE72F5784B618BD1F9,2014,FORD,F-150,PICKUP TRUCK,RWD,GASOLINE/E85,115677,2014-08-05,26
9C12F25120D580CBA97A653C5357F423,2014,FORD,EXPLORER,MULTIPURPOSE VEHICLE (MPV),FWD,GASOLINE,230150,2013-08-29,18.6
C98231C4D4A013E2FCE250AE92A59567,2013,FORD,F-150,PICKUP TRUCK,RWD,GASOLINE/E85,135545,2013-08-20,26
76FF4163D0ED2A0E18E31D20BFF6E8F1,2014,FORD,F-150,PICKUP TRUCK,RWD,GASOLINE/E85,89074,2014-08-13,26
0407157F9ADD389886E498DFD6EBCD7A,2014,FORD,F-150,PICKUP TRUCK,RWD,GASOLINE/E85,132980,2014-04-25,26
08DCCA480A07A3721D8CFA7DCF721150,2014,FORD,F-150,PICKUP TRUCK,RWD,GASOLINE/E85,159323,2014-06-04,26
2EC199C6111B5947E3F8374F6B49798F,2013,FORD,F-150,PICKUP TRUCK,RWD,GASOLINE/E85,49591,2013-11-05,26
87F3A4E431D9677D62794FC463D71C4F,2013,FORD,F-150,PICKUP TRUCK,RWD,GASOLINE/E85,108736,2013-08-16,26
6A82B60345A34173C0595A47CC93FB49,2013,FORD,F-150,PICKUP TRUCK,RWD,GASOLINE/E85,85492,2013-08-30,26
9E49C63DD0CD45B696CB0E1408123C91,2013,FORD,F-350,PICKUP TRUCK,RWD,GASOLINE/E85,78950,2013-10-31,35
2BC9A8F686E26C84288A59CBB8D08B2D,2013,FORD,F-350,PICKUP TRUCK,RWD,GASOLINE/E85,75803,2013-10-31,35
6ABC90D442BCD329DE85087702199A4B,2013,FORD,F-350,PICKUP TRUCK,RWD,GASOLINE/E85,94324,2013-10-31,35
EE921C58D0ACA4C4DAF4344B4C97488D,2013,FORD,F-350,PICKUP TRUCK,RWD,GASOLINE/E85,121381,2013-10-07,35
C5DF7F4BE62CFB65EA04C67C325AF94C,2015,CHEVROLET,SILVERADO,PICKUP TRUCK,RWD,GASOLINE/E85,65810,2015-07-08,34
2F95AB0AC9D06F852FE9414D29CBA963,2015,CHEVROLET,SILVERADO,PICKUP TRUCK,RWD,GASOLINE/E85,168284,2015-07-17,34
9B779F9CB8D5EE99986C8025AAEF6B67,2015,CHEVROLET,SILVERADO,PICKUP TRUCK,RWD,GASOLINE/E85,146679,2015-06-04,34
532C3B459A558A1C1E6AA4AB5BD7F5F4,2015,CHEVROLET,SILVERADO,PICKUP TRUCK,RWD,GASOLINE/E85,114002,2015-07-20,34
CE0341CE787DDB613D87D756323488C8,2015,CHEVROLET,SILVERADO,PICKUP TRUCK,RWD,GASOLINE/E85,52753,2015-09-15,34
B351E8FBC2FBDD3B9CC9AD3A234C31A1,2015,CHEVROLET,SILVERADO,PICKUP TRUCK,RWD,GASOLINE/E85,75810,2015-08-24,34
6DF365164304EF7FA90B3A58A8309526,2015,CHEVROLET,SILVERADO,PICKUP TRUCK,RWD,GASOLINE/E85,97454,2015-07-27,34
790BBF17855BDC00A0DEF807BAC95BD8,2015,CHEVROLET,SILVERADO,PICKUP TRUCK,RWD,GASOLINE/E85,106475,2015-08-19,34
D1D38033B426CF17BAD5777910CD8EF4,2015,CHEVROLET,SILVERADO,PICKUP TRUCK,RWD,GASOLINE/E85,45885,2015-06-19,34
2F486BE7AA44726EC23D2F75D38E8409,2013,FORD,F-350,PICKUP TRUCK,RWD,GASOLINE/E85,131737,2013-03-18,35
CD63909FC399A222E6B0AD48769BC40D,2013,FORD,F-350,PICKUP TRUCK,RWD,GASOLINE/E85,130462,2013-04-04,35
9183259CFA3A9DA205B74876B222F486,2013,FORD,F-350,PICKUP TRUCK,RWD,GASOLINE/E85,115962,2013-03-15,35
8D6C6837FD2DFEDCB55F51BE6255A41C,2013,FORD,F-350,PICKUP TRUCK,RWD,GASOLINE/E85,117911,2013-04-08,35
25822C6D458384AE6079307F835974AA,2013,FORD,F-350,PICKUP TRUCK,RWD,GASOLINE/E85,177662,2013-04-08,35
67DC0DC7C152BDB19EABCFC626F58EDF,2013,FORD,F-350,PICKUP TRUCK,RWD,GASOLINE/E85,136381,2013-03-25,35
0877AECA2B5FB474A624E8C7AD2857BC,2013,FORD,F-350,PICKUP TRUCK,RWD,GASOLINE/E85,111376,2013-03-27,35
93FAD3AA7AA429B61A0D0C8637BD3597,2015,FORD,FOCUS,PASSENGER CAR,FWD,GASOLINE/E85,80555,2015-06-16,12.4
408B38DD0755580D7E0B082522B5CCCD,2015,FORD,FOCUS,PASSENGER CAR,FWD,GASOLINE/E85,51846,2015-06-16,12.4
7CAAC76E6D2FC6574503F58BA735F8C4,2015,FORD,FOCUS,PASSENGER CAR,FWD,GASOLINE/E85,76109,2015-06-16,12.4
C5984BD5C748265DA307ED937D1EAC3A,2015,FORD,FOCUS,PASSENGER CAR,FWD,GASOLINE/E85,71732,2015-06-16,12.4
17AC5150A63D799B4CC6C640D222B5EC,2015,FORD,FOCUS,PASSENGER CAR,FWD,GASOLINE/E85,43124,2015-06-16,12.4
44C39A3ADB62CF69F6B87B7B91BD0189,2015,FORD,FOCUS,PASSENGER CAR,FWD,GASOLINE/E85,69965,2015-06-16,12.4
A6FB32EBF00DDA886E51C01A03A2EC5B,2015,FORD,FOCUS,PASSENGER CAR,FWD,GASOLINE/E85,54750,2015-06-16,12.4
B94AC080E5F647BCC28C79E4A3ED144D,2015,FORD,FOCUS,PASSENGER CAR,FWD,GASOLINE/E85,65650,2015-06-16,12.4
4BD5CFE0749962FA360D0A10981EC807,2015,FORD,FOCUS,PASSENGER CAR,FWD,GASOLINE/E85,72000,2015-06-29,12.4
CA221C27B1A898DCE51C31B9A038A7E5,2015,CHEVROLET,SILVERADO,PICKUP TRUCK,RWD,GASOLINE/E85,72813,2016-01-14,34
B3C97A99F7E791A42071DC93CD6EED10,2015,CHEVROLET,SILVERADO,PICKUP TRUCK,RWD,GASOLINE/E85,107043,2016-01-05,34
2A57F5EE9A5ADC3B8CBBBD3BE788B6C5,2015,CHEVROLET,SILVERADO,PICKUP TRUCK,RWD,GASOLINE/E85,108535,2016-01-13,34
A32CCC5134B9AAC279D41BCED11B3583,2015,CHEVROLET,SILVERADO,PICKUP TRUCK,RWD,GASOLINE/E85,42476,2016-01-14,34
388A61AF056174F46A3333BC23A5C676,2015,CHEVROLET,SILVERADO,PICKUP TRUCK,RWD,GASOLINE/E85,55203,2016-01-05,34
734DAABC6D3D36167A8F9E9D55C602D3,2015,CHEVROLET,SILVERADO,PICKUP TRUCK,RWD,GASOLINE/E85,127911,2016-01-14,34
934702AB04E03803CAF3383A463917F7,2015,CHEVROLET,SILVERADO,PICKUP TRUCK,RWD,GASOLINE/E85,40973,2016-02-16,34
EF49A5C21E0902780792B054E4DD076E,2015,CHEVROLET,SILVERADO,PICKUP TRUCK,RWD,GASOLINE/E85,36818,2016-02-04,34
7D4BF3C93A4C0019C2509A5F96B517B8,2015,CHEVROLET,SILVERADO,PICKUP TRUCK,RWD,GASOLINE/E85,100637,2015-12-29,34
C7C5D64D2CF038E95DD0E11D6AA09B39,2015,CHEVROLET,SILVERADO,PICKUP TRUCK,RWD,GASOLINE/E85,66269,2015-12-21,34
47697C1776F09C538BE2C86D02FBBCBC,2015,CHEVROLET,SILVERADO,PICKUP TRUCK,RWD,GASOLINE/E85,44327,2016-01-22,34
66D1B002DFE40DF6DE61564EB57CE878,2013,FORD,F-150,PICKUP TRUCK,RWD,GASOLINE/E85,86415,2013-07-31,26
A39982AE429BBFC7AC30CFE414DC09B3,2013,FORD,F-150,PICKUP TRUCK,RWD,GASOLINE/E85,114461,2013-07-09,26
7EC73DAE5596508D234E60B9D61CEFB0,2013,FORD,F-150,PICKUP TRUCK,RWD,GASOLINE/E85,182989,2013-07-17,26
430CEC15C64CA41F0BC82149512A90B9,2013,FORD,F-150,PICKUP TRUCK,RWD,GASOLINE/E85,160365,2013-07-05,26
DB5E7873BB9F1E581F1D15204F6EED34,2013,FORD,F-150,PICKUP TRUCK,RWD,GASOLINE/E85,169875,2013-07-18,26
E8A114465F35C183CEE53D630C5B93F6,2014,FORD,F-150,PICKUP TRUCK,RWD,GASOLINE/E85,110669,2014-06-20,26
3E8E547FA48ADB17A3E6932614758F99,2014,FORD,F-150,PICKUP TRUCK,RWD,GASOLINE/E85,135417,2014-05-23,26
CBFF4FA503A30DA42AFA19B2678917C9,2014,FORD,F-150,PICKUP TRUCK,RWD,GASOLINE/E85,78273,2014-06-05,26
BF802BF85448D15818408DD17B0DB3AD,2014,FORD,F-150,PICKUP TRUCK,RWD,GASOLINE/E85,76450,2014-05-29,26
0435A1A00FD624B7129FD3B00147760A,2014,FORD,F-150,PICKUP TRUCK,RWD,GASOLINE/E85,132398,2014-07-01,26
CFF1204337F2634FC4FFF265118CA84B,2014,FORD,F-150,PICKUP TRUCK,RWD,GASOLINE/E85,103300,2014-08-06,26
7CE685DEF0B2A934D4C48066769BC675,2013,FORD,F-150,PICKUP TRUCK,RWD,GASOLINE/E85,144709,2013-09-20,26
23E1939F2535B1FDA31791539010D983,2013,FORD,F-350,PICKUP TRUCK,RWD,GASOLINE/E85,83333,2013-10-10,35
CAFC75893AFCFCC3DE8263680C5C342B,2013,FORD,F-350,PICKUP TRUCK,RWD,GASOLINE/E85,121893,2013-11-05,35
035CEE35BDCC16C06968C7407AEC88FB,2013,FORD,F-350,PICKUP TRUCK,RWD,GASOLINE/E85,155901,2013-10-31,35
36F94F5C63FBD9518F19A4F319DFB40E,2013,FORD,F-150,PICKUP TRUCK,RWD,GASOLINE/E85,83846,2013-09-20,26
CDDF310841E9E458CE84BE7C32EFB6F8,2013,FORD,F-150,PICKUP TRUCK,RWD,GASOLINE/E85,144246,2013-10-16,26
2E5F6DB1CD82017684B81DC24AF854D8,2015,CHEVROLET,SILVERADO,PICKUP TRUCK,RWD,GASOLINE/E85,78042,2015-08-12,34
C719900B700BA57480DCD841C5B2A8ED,2015,CHEVROLET,SILVERADO,PICKUP TRUCK,RWD,GASOLINE/E85,143595,2015-07-20,34
972F8E13F0223973583ACFBE3D455AEC,2015,CHEVROLET,SILVERADO,PICKUP TRUCK,RWD,GASOLINE/E85,205985,2015-07-20,34
EEA760001104682752A2162D7C1FAC9B,2015,CHEVROLET,SILVERADO,PICKUP TRUCK,RWD,GASOLINE/E85,72933,2015-09-23,34
6C36664D5F00E6598E885196B9572192,2015,FORD,FOCUS,PASSENGER CAR,FWD,GASOLINE/E85,59132,2015-06-05,12.4
E15C7281A3A6FB0045E3FCAFFF204DF4,2015,CHEVROLET,SILVERADO,PICKUP TRUCK,RWD,GASOLINE/E85,107236,2015-07-22,34
AA1DEC0C5DC1087BCD9ABAB2EA792BB6,2015,FORD,FOCUS,PASSENGER CAR,FWD,GASOLINE/E85,64801,2015-06-05,12.4
DA0E9116FCE77DE3B4B52C75BE9EAA51,2015,CHEVROLET,SILVERADO,PICKUP TRUCK,RWD,GASOLINE/E85,57908,2015-12-08,34
FDEE2FEBCBAB39E1789553903D9B526E,2015,FORD,FOCUS,PASSENGER CAR,FWD,GASOLINE/E85,79162,2015-06-17,12.4
175C75A7D63385F48E13503AAEBB177D,2015,FORD,FOCUS,PASSENGER CAR,FWD,GASOLINE/E85,81722,2015-06-17,12.4
F5426B3206A805E0F6E41A4095F8257E,2013,FORD,F-150,PICKUP TRUCK,RWD,GASOLINE/E85,83365,2013-08-21,26
16A11E782488940C9437F8BBE1911858,2013,FORD,F-150,PICKUP TRUCK,RWD,GASOLINE/E85,63322,2013-07-29,26
E45DCC3BCF67449DC178F2B6A2FBDAE6,2013,FORD,F-150,PICKUP TRUCK,RWD,GASOLINE/E85,217427,2013-06-26,26
BB192BA41B3AEC2EE44018E8D204B6AE,2013,FORD,F-150,PICKUP TRUCK,RWD,GASOLINE/E85,171485,2013-05-30,26
A665F4DB47E62FCD8BCFF087E4E62D16,2013,FORD,F-150,PICKUP TRUCK,RWD,GASOLINE/E85,163580,2013-06-18,26
31099CC4C0F06993D92E3C2533083112,2013,FORD,F-150,PICKUP TRUCK,RWD,GASOLINE/E85,58603,2013-07-05,26
3D01F964701BD691CE32A27502A06738,2015,FORD,FOCUS,PASSENGER CAR,FWD,GASOLINE/E85,84287,2015-08-17,12.4
051B208514AC554FF5190A34A448A2C7,2015,FORD,FOCUS,PASSENGER CAR,FWD,GASOLINE/E85,90709,2015-07-10,12.4
A4B593D5520E404CA12DCF7615DFCF2F,2015,FORD,FOCUS,PASSENGER CAR,FWD,GASOLINE/E85,39344,2015-07-06,12.4
CF8746DAF485EA5DC44C626D9F6A3DD3,2015,CHEVROLET,SILVERADO,PICKUP TRUCK,RWD,GASOLINE/E85,103961,2015-05-29,34
46039507F2D17C427697BA6CA400B25B,2015,FORD,FOCUS,PASSENGER CAR,FWD,GASOLINE/E85,89328,2015-06-24,12.4
3544078B1A9E589CF6EB331D6481624D,2015,CHEVROLET,SILVERADO,PICKUP TRUCK,RWD,GASOLINE/E85,70126,2015-06-03,34
CD0849731C25EDC0D5B20051F6A864A8,2015,CHEVROLET,SILVERADO,PICKUP TRUCK,RWD,GASOLINE/E85,89837,2015-06-09,34
9025DF6CEF28E89D23B2D6939E0E114E,2015,FORD,FOCUS,PASSENGER CAR,FWD,GASOLINE/E85,48675,2015-10-08,12.4
F6525CF41DC65730E8577A31E4E9F50F,2015,FORD,FOCUS,PASSENGER CAR,FWD,GASOLINE/E85,54724,2015-10-08,12.4
7F7DFC65EFE88BEB01DBE004BB09B4FA,2013,FORD,F-150,PICKUP TRUCK,RWD,GASOLINE/E85,115814,2013-06-29,26
5FA8403C5252374751EE035A82B0DB33,2013,FORD,F-150,PICKUP TRUCK,RWD,GASOLINE/E85,135030,2013-07-02,26
DBD8DA1C7FC389C6AE5C7C292D385E93,2013,FORD,F-150,PICKUP TRUCK,RWD,GASOLINE/E85,201091,2013-06-21,26
6125477970EDA94419B50D8E38D73082,2013,FORD,F-150,PICKUP TRUCK,RWD,GASOLINE/E85,66353,2013-07-17,26
37D69BC3634D3E3DEB30C0B56F14FB17,2013,FORD,F-150,PICKUP TRUCK,RWD,GASOLINE/E85,101778,2013-08-27,26
6A416C7DA31A8F8281F492D8A37D53E0,2013,FORD,F-150,PICKUP TRUCK,RWD,GASOLINE/E85,94229,2013-06-29,26
39F04CBC0EBC4AE2F52ED656774DA579,2013,FORD,F-150,PICKUP TRUCK,RWD,GASOLINE/E85,124962,2013-08-27,26
D584716E30485B66E8EE9FF310F942C6,2013,FORD,F-150,PICKUP TRUCK,RWD,GASOLINE/E85,104999,2013-10-07,26
DCE66981BE88C19F10246146F8C75A4A,2013,FORD,F-150,PICKUP TRUCK,RWD,GASOLINE/E85,173665,2013-08-30,26
49A6653D07CA224009E7CD5E068466FF,2013,FORD,F-150,PICKUP TRUCK,RWD,GASOLINE/E85,185467,2013-10-10,26
20D2AE9ACB9CCF9C19052640057158E6,2013,FORD,F-150,PICKUP TRUCK,RWD,GASOLINE/E85,117007,2013-11-01,26
3E44415B73499CB1D22083ABE6B900A4,2013,FORD,F-350,PICKUP TRUCK,RWD,GASOLINE/E85,164782,2013-12-31,35
29422B9C6CECE0C794BE7C73B1CFBD42,2013,FORD,F-350,PICKUP TRUCK,RWD,GASOLINE/E85,193378,2013-12-31,35
A489B81A2B2EC3D033E0156B05F85774,2013,FORD,F-350,PICKUP TRUCK,RWD,GASOLINE/E85,106836,2013-12-18,35
A2B54B68E623EAD584CCE411CC4C156C,2013,FORD,F-350,PICKUP TRUCK,RWD,GASOLINE/E85,131183,2013-12-31,35
DF6351DD165E6DEF54E7F110B1CE653E,2013,FORD,F-350,PICKUP TRUCK,RWD,GASOLINE/E85,111056,2014-02-03,35
3A5B3090B1334BE7C6848266C9C3C81A,2013,FORD,F-350,PICKUP TRUCK,RWD,GASOLINE/E85,188310,2013-12-31,35
8F654A699BA33454FE99661DD8F4C625,2013,FORD,F-350,PICKUP TRUCK,RWD,GASOLINE/E85,139066,2013-12-31,35
2681917B1D29D4FE10FAB9F68A6B522F,2013,FORD,F-150,PICKUP TRUCK,RWD,GASOLINE/E85,97958,2013-12-31,26
3113A5EFB5291362BA7B0284E5BF3FEE,2013,FORD,F-150,PICKUP TRUCK,RWD,GASOLINE/E85,125785,2014-04-11,26
796E9FBCD9B6AADE729B49B7336B16DA,2013,FORD,F-150,PICKUP TRUCK,RWD,GASOLINE/E85,153080,2013-10-01,26
B4661030550E680336BF86BB0E901341,2013,FORD,F-150,PICKUP TRUCK,RWD,GASOLINE/E85,84356,2013-09-25,26
49DBD43D086016FA94702A44FB9F0132,2013,FORD,F-150,PICKUP TRUCK,RWD,GASOLINE/E85,172764,2014-01-06,26
3FB3CAAC1E8F7A99C5F1A55845CC69A1,2014,FORD,F-150,PICKUP TRUCK,RWD,GASOLINE/E85,128473,2014-02-26,26
CE148D730872190C0B61C661138675BA,2014,FORD,F-150,PICKUP TRUCK,RWD,GASOLINE/E85,68078,2014-04-04,26
472CE949782226A2D98C4607413B2B76,2014,FORD,F-150,PICKUP TRUCK,RWD,GASOLINE/E85,29730,2014-08-29,26
7401C06C38768EA75A109B42A130F8EB,2014,FORD,F-150,PICKUP TRUCK,RWD,GASOLINE/E85,82823,2014-04-14,26
2A7391C50BE0FD95B6CB758EB079B52E,2014,FORD,F-150,PICKUP TRUCK,RWD,GASOLINE/E85,87988,2014-06-12,26
0D6A8FACF8E6B1C81C5E7E26E37B837E,2014,FORD,F-150,PICKUP TRUCK,RWD,GASOLINE/E85,30627,2014-06-27,26
7E7080040B797AAE490210194070A0BD,2014,FORD,F-150,PICKUP TRUCK,RWD,GASOLINE/E85,90483,2014-07-11,26
99DB79B7023E3CBE12892E9808209ED9,2014,FORD,F-150,PICKUP TRUCK,RWD,GASOLINE/E85,67536,2014-07-01,26
A62510F729BA3508542235E2F6903CAE,2014,FORD,F-150,PICKUP TRUCK,RWD,GASOLINE/E85,121821,2014-07-03,26
D15E79FFAD0E1C1768BB7350B3290C69,2014,FORD,F-150,PICKUP TRUCK,RWD,GASOLINE/E85,139386,2014-08-06,26
37A211FF3103EB5E7DBACBB458889DA6,2014,FORD,F-150,PICKUP TRUCK,RWD,GASOLINE/E85,117479,2014-07-03,26
CE7D4630A87ECF1E3A2F63CC785C5873,2014,FORD,F-150,PICKUP TRUCK,RWD,GASOLINE/E85,124818,2014-08-20,26
A7069C3D815E1DBE3ADF13DF1F42DD02,2013,FORD,F-150,PICKUP TRUCK,RWD,GASOLINE/E85,133829,2013-09-28,26
505181E1C007167AD2AF9E2EA6D73663,2013,FORD,F-150,PICKUP TRUCK,RWD,GASOLINE/E85,156817,2013-09-28,26
AB5F4AB4A961F24F2EB63859AE09EEBB,2013,FORD,F-150,PICKUP TRUCK,RWD,GASOLINE/E85,122795,2013-10-16,26
F0D6ACC866791D85CA0979A12ECEC14C,2013,FORD,F-150,PICKUP TRUCK,RWD,GASOLINE/E85,148880,2013-10-29,26
BCE9D54A288680A1BEE688961EE0F2B1,2014,FORD,EXPLORER,MULTIPURPOSE VEHICLE (MPV),FWD,GASOLINE,75847,2013-10-14,18.6
CD13E8A1A0CD8467F7A22927429DE60C,2013,FORD,F-150,PICKUP TRUCK,RWD,GASOLINE/E85,143017,2013-11-20,26
4ECE0BCBCA103C5BBC9134037E272CDA,2015,FORD,FOCUS,PASSENGER CAR,FWD,GASOLINE/E85,61957,2015-06-17,12.4
4645C4E6E0C4B837EC80DA2F9AA47C4A,2015,FORD,FOCUS,PASSENGER CAR,FWD,GASOLINE/E85,97322,2015-06-16,12.4
7B3E854BCB7060971BC38D48EF4F8B38,2015,FORD,FOCUS,PASSENGER CAR,FWD,GASOLINE/E85,59613,2015-06-16,12.4
0DF22B3566B8B5871F27D4EBE0948F76,2015,FORD,FOCUS,PASSENGER CAR,FWD,GASOLINE/E85,67189,2015-06-16,12.4
DD93E2ACCAA0300DC17A500A65B77A62,2015,FORD,FOCUS,PASSENGER CAR,FWD,GASOLINE/E85,64506,2015-06-16,12.4
BB5DA063263BD497949915F308993039,2015,FORD,FOCUS,PASSENGER CAR,FWD,GASOLINE/E85,57739,2015-06-26,12.4
39621C984B10D1F24991646C0D05CCD7,2015,FORD,FOCUS,PASSENGER CAR,FWD,GASOLINE/E85,73455,2015-06-22,12.4
DDE7F2D173B76DA2DAF5B01AA568939D,2015,FORD,FOCUS,PASSENGER CAR,FWD,GASOLINE/E85,90618,2015-07-06,12.4
248525CB23DBD03024DE3C35657F4676,2015,FORD,FOCUS,PASSENGER CAR,FWD,GASOLINE/E85,91074,2015-07-13,12.4
34016C8EFA996DDF52A2F9664682A087,2013,FORD,F-150,PICKUP TRUCK,RWD,GASOLINE/E85,89457,2014-01-07,26
C948FAE1DBE340DA6664ED3E32E6530C,2013,FORD,F-150,PICKUP TRUCK,RWD,GASOLINE/E85,134871,2013-12-31,26
49889CEA7B927D36B61209CCFF3DCF67,2013,FORD,F-150,PICKUP TRUCK,RWD,GASOLINE/E85,138487,2013-12-05,26
12BDF88E014E30F66F54E0A74CF13025,2013,FORD,F-150,PICKUP TRUCK,RWD,GASOLINE/E85,189029,2013-07-02,26
1ECF6A4FF75A656DB8E731A213448991,2013,FORD,F-150,PICKUP TRUCK,RWD,GASOLINE/E85,94206,2013-07-22,26
6A650775190AA58A08E9A334E9B09258,2013,FORD,F-150,PICKUP TRUCK,RWD,GASOLINE/E85,152866,2013-07-26,26
FB484A7C8CC3035C7354919FAC3A834F,2013,FORD,F-150,PICKUP TRUCK,RWD,GASOLINE/E85,119656,2013-07-22,26
02D0A2D86012DB18658CD12582B18034,2015,FORD,FOCUS,PASSENGER CAR,FWD,GASOLINE/E85,6001,2015-10-07,12.4
DAFE78B70878877533278AF8D8232FF7,2015,FORD,FOCUS,PASSENGER CAR,FWD,GASOLINE/E85,45623,2015-10-14,12.4
C5C35F63AFD593DC60577560A517DDCA,2015,FORD,FOCUS,PASSENGER CAR,FWD,GASOLINE/E85,65049,2015-10-22,12.4
0EF68218BAAD51255494DC6B35B398DE,2015,FORD,FOCUS,PASSENGER CAR,FWD,GASOLINE/E85,47649,2015-10-09,12.4
579E1756F7D54749A426FB5FC4482107,2015,CHEVROLET,SILVERADO,PICKUP TRUCK,RWD,GASOLINE/E85,94232,2015-10-22,34
29EBE52A09F1208AA39E9691BDAAE9FA,2015,FORD,FOCUS,PASSENGER CAR,FWD,GASOLINE/E85,73153,2015-10-01,12.4
F6EAAFC495A3FE2D4CDEC353812E5041,2015,FORD,FOCUS,PASSENGER CAR,FWD,GASOLINE/E85,50884,2015-10-07,12.4
279360EE7063B1A8C91898919809DEC8,2015,CHEVROLET,SILVERADO,PICKUP TRUCK,RWD,GASOLINE/E85,100339,2015-10-22,34
53A2271AB0C8F5EA4435C9104DE11031,2014,FORD,F-150,PICKUP TRUCK,RWD,GASOLINE/E85,67153,2014-06-27,26
F12AAFF621983F3E73AC23A9198A4878,2014,FORD,F-150,PICKUP TRUCK,RWD,GASOLINE/E85,116719,2014-06-10,26
BD12B357EC5B6CA0593E497405AA4A76,2014,FORD,F-150,PICKUP TRUCK,RWD,GASOLINE/E85,71190,2014-06-24,26
43B4C1C8832C306A029F9CA286AA5A5E,2014,FORD,F-150,PICKUP TRUCK,RWD,GASOLINE/E85,152364,2014-08-25,26
F05AE9C7E30D8D75C033768542B04DA2,2014,FORD,F-150,PICKUP TRUCK,RWD,GASOLINE/E85,193744,2014-07-28,26
5EEA06F9D1D954AA588E2EC223AFFFDE,2014,FORD,F-150,PICKUP TRUCK,RWD,GASOLINE/E85,170684,2014-06-16,26
5C988622B76024DF108EC01D4AA73FC0,2014,FORD,F-150,PICKUP TRUCK,RWD,GASOLINE/E85,131616,2014-06-24,26
D55C945B44D2C240CF940BD7E4FB21D1,2014,FORD,F-150,PICKUP TRUCK,RWD,GASOLINE/E85,96665,2014-06-20,26
C83AF2405305D57EBF9CB739CB914600,2014,FORD,F-150,PICKUP TRUCK,RWD,GASOLINE/E85,122560,2014-04-30,26
FC35425E9CEEA2F495484B55C1857606,2014,FORD,F-150,PICKUP TRUCK,RWD,GASOLINE/E85,173990,2014-06-11,26
6876547BBE0A3C8BEBF88D483BA3E313,2014,FORD,F-150,PICKUP TRUCK,RWD,GASOLINE/E85,79852,2014-06-25,26
75D22C2CE7E69D51EEE5F6A895F1FB11,2014,FORD,F-150,PICKUP TRUCK,RWD,GASOLINE/E85,69249,2014-06-06,26
5C8019F2A20A375F5E9BBA74EA201332,2014,FORD,F-150,PICKUP TRUCK,RWD,GASOLINE/E85,9855,2014-12-05,26
A21BAC8141930725D1ED4B45E4DE3CB6,2014,FORD,F-150,PICKUP TRUCK,RWD,GASOLINE/E85,91250,2014-12-02,26
5B354FEE7780E488E307B137A7EFDD4D,2014,FORD,F-150,PICKUP TRUCK,RWD,GASOLINE/E85,52727,2014-11-13,26
0B32CA913DAC0B1DE9908EAC5F8C6103,2014,FORD,F-150,PICKUP TRUCK,RWD,GASOLINE/E85,137177,2014-11-24,26
0A5CC4F277E5013A680318859EE60C8F,2014,FORD,F-150,PICKUP TRUCK,RWD,GASOLINE/E85,102959,2014-12-02,26
69AF544A90CA1A625F03F43F1590FE42,2014,FORD,F-150,PICKUP TRUCK,RWD,GASOLINE/E85,86724,2015-02-24,26
C48C346F6C0D8630D214B4092E577D2A,2014,FORD,F-150,PICKUP TRUCK,RWD,GASOLINE/E85,81646,2014-11-03,26
1045706051F235C849572660F4499987,2015,CHEVROLET,SILVERADO,PICKUP TRUCK,RWD,GASOLINE/E85,109433,2015-06-09,34
9BAF858AFE4D7494ACDDDF50336276E2,2015,CHEVROLET,SILVERADO,PICKUP TRUCK,RWD,GASOLINE/E85,63817,2015-06-08,34
FBDF502EC6D785D43C5133C98E9EC9BB,2015,CHEVROLET,SILVERADO,PICKUP TRUCK,RWD,GASOLINE/E85,108632,2015-04-24,34
C4395D10C5CEF3A4B02B0DAA00174844,2015,CHEVROLET,SILVERADO,PICKUP TRUCK,RWD,GASOLINE/E85,116278,2015-05-14,34
A4720F62C3B2F3082734001BC8F040BF,2015,CHEVROLET,SILVERADO,PICKUP TRUCK,RWD,GASOLINE/E85,99774,2015-05-14,34
538142B42314B3A5EFA6B5BE7C0F842F,2015,CHEVROLET,SILVERADO,PICKUP TRUCK,RWD,GASOLINE/E85,38139,2015-06-19,34
2AEF9417DBD045BF0F6E4882B00080AC,2015,CHEVROLET,SILVERADO,PICKUP TRUCK,RWD,GASOLINE/E85,64907,2015-06-03,34
CCB7FBFCBA7DFDAAAFE07539EDB7A83E,2015,CHEVROLET,SILVERADO,PICKUP TRUCK,RWD,GASOLINE/E85,35909,2015-04-24,34
AE5689B6595C6714C59E87891335EAA7,2015,CHEVROLET,SILVERADO,PICKUP TRUCK,RWD,GASOLINE/E85,70556,2015-06-04,34
98119DA4EDA41B45040D9063D946F586,2015,FORD,FOCUS,PASSENGER CAR,FWD,GASOLINE/E85,86778,2015-06-11,12.4
FE4649FDF57372F45BD024FA773D5A4F,2015,FORD,FOCUS,PASSENGER CAR,FWD,GASOLINE/E85,67090,2015-06-11,12.4
00CDFC77153DF133CA3F1F2A0A1EBD25,2015,FORD,FOCUS,PASSENGER CAR,FWD,GASOLINE/E85,55349,2015-06-11,12.4
E31485271BA49140B5A458A1709BE9AC,2015,FORD,FOCUS,PASSENGER CAR,FWD,GASOLINE/E85,83810,2015-06-11,12.4
6E8BC3DE75F7A921272866DD99A4A454,2015,FORD,FOCUS,PASSENGER CAR,FWD,GASOLINE/E85,79227,2015-06-11,12.4
AA214E2854D9F1AAB00C17056B5E9093,2015,FORD,FOCUS,PASSENGER CAR,FWD,GASOLINE/E85,70151,2015-06-11,12.4
262A881765B747FA9B84FE21F91F1EC4,2015,FORD,FOCUS,PASSENGER CAR,FWD,GASOLINE/E85,82953,2015-06-11,12.4
2BA93ED40013CD3F66A98077B614A2AB,2015,CHEVROLET,SILVERADO,PICKUP TRUCK,RWD,GASOLINE/E85,67300,2015-08-14,34
80BC38639EA671FD26F8AFF614D92E30,2015,CHEVROLET,SILVERADO,PICKUP TRUCK,RWD,GASOLINE/E85,64505,2015-09-11,34
38889E89E654932BF99BD977E813ED06,2015,CHEVROLET,SILVERADO,PICKUP TRUCK,RWD,GASOLINE/E85,65997,2015-10-21,34
B1497FD8841A4058F38B9DC29DA96B1B,2015,FORD,FOCUS,PASSENGER CAR,FWD,GASOLINE/E85,74957,2015-06-09,12.4
8D9039394D84F74A141508AFF7F41328,2015,CHEVROLET,SILVERADO,PICKUP TRUCK,RWD,GASOLINE/E85,46044,2015-10-28,34
B1BC9C6308867B84C574B6D96C23F1CA,2015,CHEVROLET,SILVERADO,PICKUP TRUCK,RWD,GASOLINE/E85,86967,2015-06-02,34
116F31B51831BCAF85A965A2C54586E5,2015,CHEVROLET,SILVERADO,PICKUP TRUCK,RWD,GASOLINE/E85,61521,2015-07-21,34
9423E52B801BF059BA8E4CF3981116A0,2015,CHEVROLET,SILVERADO,PICKUP TRUCK,RWD,GASOLINE/E85,75477,2015-06-24,34
32B8F49C22C21EC41CA6AE3C93558FBD,2015,CHEVROLET,SILVERADO,PICKUP TRUCK,RWD,GASOLINE/E85,85144,2015-11-10,34
2CB5C512057E414E6FDE6F1DB00D9918,2015,CHEVROLET,SILVERADO,PICKUP TRUCK,RWD,GASOLINE/E85,123763,2015-09-24,34
0D8E30ADE6E28B36D2CBA8ABF444B147,2014,FORD,F-150,PICKUP TRUCK,RWD,GASOLINE/E85,104601,2014-07-29,26
2D2D91D1F3EBB0D987FD794973840229,2014,FORD,F-150,PICKUP TRUCK,RWD,GASOLINE/E85,75808,2014-10-17,26
F71A9795A2DD701FF165C9D4722201F9,2014,FORD,F-150,PICKUP TRUCK,RWD,GASOLINE/E85,118661,2014-08-13,26
A91E4C1E1313DBCE6A1524626964C694,2014,FORD,F-150,PICKUP TRUCK,RWD,GASOLINE/E85,113446,2014-11-21,26
1A232615F0CC0F3C63C89965CEAE1D49,2014,FORD,F-150,PICKUP TRUCK,RWD,GASOLINE/E85,103495,2014-11-24,26
F8E159C062BE8323A265AE0D9EEF752A,2014,FORD,F-150,PICKUP TRUCK,RWD,GASOLINE/E85,46919,2014-11-25,26
E633631860F0425B31EE0ACFC643297D,2013,FORD,F-650,TRUCK,4X2; DUAL REAR WHEELS,GASOLINE,66895,2014-01-13,42
7C7A88A23C2F6780C0F9C1B8F00BA81D,2014,FORD,F-150,PICKUP TRUCK,RWD,GASOLINE/E85,101323,2014-06-12,26
5CF88864A8FE23B5D15325F36D01F516,2014,FORD,F-150,PICKUP TRUCK,RWD,GASOLINE/E85,81332,2014-06-17,26
8777662AB46E16095274C280CD96884D,2014,FORD,F-150,PICKUP TRUCK,RWD,GASOLINE/E85,104896,2014-07-03,26
AF45F75D3391539FE6EE10BA83695297,2015,FORD,FOCUS,PASSENGER CAR,FWD,GASOLINE/E85,47150,2015-06-29,12.4
B37C2CC303EC62A1B045B19EC4BCF8C7,2015,FORD,FOCUS,PASSENGER CAR,FWD,GASOLINE/E85,70388,2015-09-29,12.4
C9538F166280B19DA3291DD5486BA112,2015,FORD,FOCUS,PASSENGER CAR,FWD,GASOLINE/E85,59492,2015-07-20,12.4
9F7E21B0F72AD5B4E56265F964CCDEB1,2015,FORD,FOCUS,PASSENGER CAR,FWD,GASOLINE/E85,35423,2015-11-10,12.4
33788B35A45BBE5B4C275DC1D2703191,2015,FORD,FOCUS,PASSENGER CAR,FWD,GASOLINE/E85,81121,2015-06-26,12.4
EAEE26AC8E0425352DA84F733917203D,2015,FORD,FOCUS,PASSENGER CAR,FWD,GASOLINE/E85,53442,2015-09-16,12.4
90342C9093EE7C95ED54EBDA3613356E,2015,FORD,E-450 SUPER DUTY,VAN,4X2,GASOLINE/E85,16150,2015-05-12,55
CD82AF66708D51D0AF125E975203F947,2015,FORD,FOCUS,PASSENGER CAR,FWD,GASOLINE/E85,59997,2015-09-29,12.4
5D591539C0837E35ADC439B23C164AEA,2015,FORD,FOCUS,PASSENGER CAR,FWD,GASOLINE/E85,40770,2015-11-10,12.4
A977C5750BB237454FE161DDF68F6B1F,2013,FORD,F-150,PICKUP TRUCK,RWD,GASOLINE/E85,286555,2013-08-14,26
B3A49075104561D20DDA299D92C97493,2013,FORD,F-150,PICKUP TRUCK,RWD,GASOLINE/E85,200836,2013-08-29,26
C20CFF1944A32914DA73D225DCEC640A,2013,FORD,F-150,PICKUP TRUCK,RWD,GASOLINE/E85,127940,2013-12-17,26
075A3F23098D624F63B5F02168D2ED82,2013,FORD,F-150,PICKUP TRUCK,RWD,GASOLINE/E85,81250,2013-08-27,26
7F5D9629975B0D4A1363CC0ECCA270E5,2013,FORD,F-150,PICKUP TRUCK,RWD,GASOLINE/E85,188541,2013-08-28,26
DD9118A398654A0CB73A7E4ABDF7317A,2013,FORD,F-150,PICKUP TRUCK,RWD,GASOLINE/E85,227483,2013-09-20,26
CE4EED4E0B84DD1B8227833BD2FEA18D,2015,CHEVROLET,SILVERADO,PICKUP TRUCK,RWD,GASOLINE/E85,63550,2015-10-14,34
941A89551BB312EF5DF7E7CAC6080854,2015,CHEVROLET,SILVERADO,PICKUP TRUCK,RWD,GASOLINE/E85,44301,2015-10-30,34
8D229DD4E5883E4AC0ABC50FB23627E3,2015,CHEVROLET,SILVERADO,PICKUP TRUCK,RWD,GASOLINE/E85,50898,2016-01-15,34
636DCD4B3EEB965B088FC2A2B630418E,2015,CHEVROLET,SILVERADO,PICKUP TRUCK,RWD,GASOLINE/E85,102858,2015-10-27,34
D52281444896386006CB903D3D6955FA,2015,CHEVROLET,SILVERADO,PICKUP TRUCK,RWD,GASOLINE/E85,65471,2015-11-03,34
EAFEF07133BAD7AC3EC61A421DC3517A,2015,CHEVROLET,SILVERADO,PICKUP TRUCK,RWD,GASOLINE/E85,53898,2016-02-10,34
5055D8BECD769D18E1C351656FD889D3,2015,CHEVROLET,SILVERADO,PICKUP TRUCK,RWD,GASOLINE/E85,92761,2015-11-13,34
F4CDE50833D70356055E160F4B6DFA01,2015,CHEVROLET,SILVERADO,PICKUP TRUCK,RWD,GASOLINE/E85,39684,2015-11-17,34
4C67869563CB92A46B846A6346A019F0,2015,CHEVROLET,SILVERADO,PICKUP TRUCK,RWD,GASOLINE/E85,49728,2016-01-05,34
27323D725E2BCE2B46ED1E8110F5BB5F,2014,FORD,F-150,PICKUP TRUCK,RWD,GASOLINE/E85,66997,2014-11-14,26
4A6BA9E11F063A38F2B8AE992938587A,2014,FORD,F-150,PICKUP TRUCK,RWD,GASOLINE/E85,48752,2014-11-13,26
F0B1AEBFD8958D6726BF9FA432EF47E8,2014,FORD,F-150,PICKUP TRUCK,RWD,GASOLINE/E85,81227,2014-12-05,26
B0BA208F4F40AF1672FA26A1F752668B,2014,FORD,F-150,PICKUP TRUCK,RWD,GASOLINE/E85,106776,2014-10-16,26
5A7B15C1184F0AD10FC56F66028F1C54,2014,FORD,F-150,PICKUP TRUCK,RWD,GASOLINE/E85,114055,2015-02-02,26
91922478688C24390061CDE8FCB4330B,2014,FORD,F-150,PICKUP TRUCK,RWD,GASOLINE/E85,100632,2014-11-21,26
5EB3B86065CE79CDA1ACC1F7B43AED91,2014,FORD,F-150,PICKUP TRUCK,RWD,GASOLINE/E85,87243,2014-11-18,26
B07F7F73F47C070F78B6B9BDA2B390CE,2014,FORD,F-150,PICKUP TRUCK,RWD,GASOLINE/E85,242430,2014-06-21,26
2DF00A92FF031B6A524F1B1EBF592096,2014,FORD,F-150,PICKUP TRUCK,RWD,GASOLINE/E85,109833,2014-06-30,26
E8D45E5AD17171B7C94D217B71732B5E,2014,FORD,F-150,PICKUP TRUCK,RWD,GASOLINE/E85,63424,2014-06-30,26
A34614B50E0A69D21C1B9C72D636056A,2014,FORD,F-150,PICKUP TRUCK,RWD,GASOLINE/E85,72263,2014-07-08,26
4054240DC29547B50AE8E6A88994EE79,2014,FORD,F-150,PICKUP TRUCK,RWD,GASOLINE/E85,71300,2014-07-08,26
D9A3FC432B64E374A27997A7587B8ADF,2014,FORD,F-150,PICKUP TRUCK,RWD,GASOLINE/E85,76872,2014-07-18,26
E486C693B15579224DAB219DC7EF2152,2014,FORD,F-150,PICKUP TRUCK,RWD,GASOLINE/E85,86685,2014-07-08,26
F7CD1C7588E9379EC35F05B09093C7FB,2015,FORD,FOCUS,PASSENGER CAR,FWD,GASOLINE/E85,72865,2015-10-07,12.4
512B27DAA11A900582AA815FBE714E4C,2015,CHEVROLET,SILVERADO,PICKUP TRUCK,RWD,GASOLINE/E85,57962,2016-02-16,34
3D685EB9632D0D19E1157A597C1567E6,2015,CHEVROLET,SILVERADO,PICKUP TRUCK,RWD,GASOLINE/E85,99658,2015-12-17,34
E97CC7841BA9E86FC3495AEA6D41D4F2,2015,FORD,FOCUS,PASSENGER CAR,FWD,GASOLINE/E85,55667,2015-10-08,12.4
C40581E8A8EEBA6F655A671FB079CC58,2015,FORD,FOCUS,PASSENGER CAR,FWD,GASOLINE/E85,54682,2015-10-07,12.4
35DAFD57C8673D0B37BDDD243BA16DA4,2015,CHEVROLET,SILVERADO,PICKUP TRUCK,RWD,GASOLINE/E85,49173,2015-12-07,34
2361E87BC6A44C8A9FA8BD6585EDBE68,2015,FORD,FOCUS,PASSENGER CAR,FWD,GASOLINE/E85,15315,2015-10-08,12.4
8611BB3DD609538D4D248BA8D082C2F7,2015,CHEVROLET,SILVERADO,PICKUP TRUCK,RWD,GASOLINE/E85,94147,2015-11-23,34
423E6AE29402535C951C7D4B2AFF922C,2015,CHEVROLET,SILVERADO,PICKUP TRUCK,RWD,GASOLINE/E85,80763,2015-11-11,34
8D2C21452F57BB900CC3D9D67435814F,2015,CHEVROLET,SILVERADO,PICKUP TRUCK,RWD,GASOLINE/E85,119744,2016-01-11,34
BCD65B431D6DEA547E365BAA999F3EF1,2013,FORD,F-350,PICKUP TRUCK,RWD,GASOLINE/E85,165433,2013-11-25,35
B0C0BF5C9B56C2608A587CA8B4546E82,2013,FORD,F-350,PICKUP TRUCK,RWD,GASOLINE/E85,191448,2013-11-13,35
108EED4BE253793C7296A897C1EA4689,2013,FORD,F-350,PICKUP TRUCK,RWD,GASOLINE/E85,77827,2013-10-31,35
F10A5BABB3E00E2C619AB9EAC95B0FEF,2013,FORD,F-350,PICKUP TRUCK,RWD,GASOLINE/E85,98095,2013-10-29,35
234BE7343903AD725E64AFDFFD312D4E,2013,FORD,F-350,PICKUP TRUCK,RWD,GASOLINE/E85,136416,2013-11-06,35
1F7F69D1C76A0D657ACCBFD6BBD23890,2013,FORD,F-350,PICKUP TRUCK,RWD,GASOLINE/E85,114121,2013-10-24,35
66FAB43C603D28EBEB9269881BFDB22A,2015,CHEVROLET,SILVERADO,PICKUP TRUCK,RWD,GASOLINE/E85,91824,2015-07-17,34
910DC8C0F0585F152F56CD4AEF2A2EFC,2015,CHEVROLET,SILVERADO,PICKUP TRUCK,RWD,GASOLINE/E85,94753,2015-05-14,34
9617FCFAD39149E9BCBE6AD228067118,2015,CHEVROLET,SILVERADO,PICKUP TRUCK,RWD,GASOLINE/E85,66699,2015-05-04,34
7A6C2E82520231A89D09C1D960EADFA6,2015,CHEVROLET,SILVERADO,PICKUP TRUCK,RWD,GASOLINE/E85,144424,2015-05-13,34
EFFDB75A35E8816AFAC92ABA797B69AC,2014,FORD,F-150,PICKUP TRUCK,RWD,GASOLINE/E85,117541,2014-11-12,26
151A656941EBCB1ECFA9E9158369ECB8,2015,CHEVROLET,SILVERADO,PICKUP TRUCK,RWD,GASOLINE/E85,68976,2015-06-17,34
90A75AF6767CC7F1B3C3AAFF8E130E0E,2014,FORD,F-150,PICKUP TRUCK,RWD,GASOLINE/E85,90942,2014-08-08,26
97ECD1A6546B24F39FF336DDFF9F3518,2014,FORD,F-150,PICKUP TRUCK,RWD,GASOLINE/E85,195873,2014-07-28,26
2B479A70B3DD673EE9DA8D6AFAE8F6B9,2014,FORD,F-150,PICKUP TRUCK,RWD,GASOLINE/E85,66914,2014-08-27,26
11799EEC36EEDFC63112B020DE4255C6,2014,FORD,F-150,PICKUP TRUCK,RWD,GASOLINE/E85,110933,2014-08-20,26
3A0F1A8D8BF8951406D31F60CC79223B,2014,FORD,F-350,PICKUP TRUCK,RWD,GASOLINE/E85,131876,2014-05-07,35
C049D6D7E2A836BDD490E547524761F9,2014,FORD,F-350,PICKUP TRUCK,RWD,GASOLINE/E85,122498,2014-05-01,35
D8FC42D8E82FD9C3130DDF84A129E277,2015,CHEVROLET,SILVERADO,PICKUP TRUCK,RWD,GASOLINE/E85,52505,2015-11-03,34
1B73E8C4076C32A55268AD8460E1074D,2015,CHEVROLET,SILVERADO,PICKUP TRUCK,RWD,GASOLINE/E85,46453,2015-11-23,34
AA57DA424FC7FB0E14335066B107D487,2015,CHEVROLET,SILVERADO,PICKUP TRUCK,RWD,GASOLINE/E85,59202,2015-12-04,34
D2CA02D7E152537108E33D668DF52D5C,2015,CHEVROLET,SILVERADO,PICKUP TRUCK,RWD,GASOLINE/E85,70477,2016-02-02,34
548C832E5E8C46B902A99BE1EA6569D9,2015,CHEVROLET,SILVERADO,PICKUP TRUCK,RWD,GASOLINE/E85,78327,2015-11-04,34
DA4D373F9D2C0E1F704356886A7AC944,2014,FORD,FUSION,PASSENGER CAR,FWD,GASOLINE,77605,2014-06-10,16.5
5A4B9C6C2971C58C64120C1C84DFE6DA,2013,FORD,F-150,PICKUP TRUCK,RWD,GASOLINE/E85,203765,2013-09-20,26
E12E69BD431E76A29E55FC5245570AA0,2013,FORD,F-150,PICKUP TRUCK,RWD,GASOLINE/E85,132142,2013-09-09,26
476E50AA05B272050E627235A7ED108C,2013,FORD,F-150,PICKUP TRUCK,RWD,GASOLINE/E85,205333,2013-11-29,26
2D7BE350BE55885EC070987E1D66D923,2013,FORD,F-150,PICKUP TRUCK,RWD,GASOLINE/E85,192110,2013-09-04,26
5CD4F7DE2BC70B6C8E46DC1C577D8BAC,2013,FORD,F-150,PICKUP TRUCK,RWD,GASOLINE/E85,130249,2013-09-24,26
D7F84C6BF46F5C3CF5F948212AD2391B,2013,FORD,F-150,PICKUP TRUCK,RWD,GASOLINE/E85,101944,2013-09-09,26
65F2A398AE4A8E86443C11937FFED24F,2014,FORD,F-350,PICKUP TRUCK,RWD,GASOLINE/E85,85304,2014-04-22,35
DF173A550BBFF44CE7D7919BD682250D,2014,FORD,F-350,PICKUP TRUCK,RWD,GASOLINE/E85,85756,2014-04-09,35
781871B2A5F7504E5092CF1F919E80F5,2014,FORD,F-350,PICKUP TRUCK,RWD,GASOLINE/E85,76871,2014-04-10,35
7E4D2B397A42B5BD3C126931F44D4616,2014,FORD,F-350,PICKUP TRUCK,RWD,GASOLINE/E85,99486,2014-09-19,35
893E73243221A2B644E49A84E02E6F12,2014,FORD,F-450,PICKUP TRUCK,RWD; DUAL REAR WHEELS,GASOLINE,64715,2014-05-19,40
772E3866245F68B5A0A2351910D150FC,2014,FORD,TRANSIT CONNECT,VAN,FWD,GASOLINE,141230,2014-07-04,15.8
B9BAB7EED99A20F0813F7793EA68E33F,2014,FORD,TRANSIT CONNECT,VAN,FWD,GASOLINE,116048,2014-07-25,15.8
3F64CB154D068F2B98C2B1CCBF42DDA2,2014,FORD,F-150,PICKUP TRUCK,RWD,GASOLINE/E85,57513,2014-11-10,26
1940E758F9ACB9DF4981D3B9436A4C49,2014,FORD,F-150,PICKUP TRUCK,RWD,GASOLINE/E85,131131,2014-11-03,26
08E502AC92E1CF805E85455D75136B52,2014,FORD,F-150,PICKUP TRUCK,RWD,GASOLINE/E85,67197,2015-01-15,26
E208C5F5CBF0CDDF3FC93E5BC4D48E98,2014,FORD,F-150,PICKUP TRUCK,RWD,GASOLINE/E85,53333,2015-03-04,26
3CFCDA06ACAAF6BE185D0911907CD656,2014,FORD,F-150,PICKUP TRUCK,RWD,GASOLINE/E85,114000,2015-01-12,26
BB34125F1057F24F164A7B8AD0F98C57,2014,FORD,F-150,PICKUP TRUCK,RWD,GASOLINE/E85,98975,2015-02-03,26
D545C62DCE5D314B5FAFD533AC9615D2,2014,FORD,F-150,PICKUP TRUCK,RWD,GASOLINE/E85,77699,2015-01-26,26
831D9FA520E6A2BC01E0A3163A030888,2015,CHEVROLET,SILVERADO,PICKUP TRUCK,RWD,GASOLINE/E85,68074,2015-07-02,34
0C4F769ACF6F923DE78EDD1AB1F05017,2015,CHEVROLET,SILVERADO,PICKUP TRUCK,RWD,GASOLINE/E85,84000,2015-06-11,34
6181B47225DA76C8B52A6C93C831C0B5,2015,CHEVROLET,SILVERADO,PICKUP TRUCK,RWD,GASOLINE/E85,60181,2015-05-14,34
14152B869CA39778CD10DCEEB33447F8,2015,CHEVROLET,SILVERADO,PICKUP TRUCK,RWD,GASOLINE/E85,71166,2015-06-08,34
0AE94277B4EA06D17E7FA67AC2BB7BB3,2015,CHEVROLET,SILVERADO,PICKUP TRUCK,RWD,GASOLINE/E85,66477,2015-05-12,34
C30960EC9168E67BD8C839380AE2CA48,2015,CHEVROLET,SILVERADO,PICKUP TRUCK,RWD,GASOLINE/E85,68779,2015-06-04,34
B98B867CD15AA36AB73D2A896A6B5957,2015,FORD,FOCUS,PASSENGER CAR,FWD,GASOLINE/E85,67176,2015-06-26,12.4
B9D4A01FF75569B9D2490B470B1ED928,2015,FORD,FOCUS,PASSENGER CAR,FWD,GASOLINE/E85,71300,2015-06-11,12.4
F00A57831C7A1AAF37BC5A1F514D1D24,2015,FORD,FOCUS,PASSENGER CAR,FWD,GASOLINE/E85,39122,2015-06-09,12.4
3A3F8BD674AB271DC2DD15661F507C1F,2015,FORD,FOCUS,PASSENGER CAR,FWD,GASOLINE/E85,99535,2015-06-09,12.4
9B865652E8E1C26C76512F7C1C0AC09B,2015,FORD,FOCUS,PASSENGER CAR,FWD,GASOLINE/E85,78964,2015-06-09,12.4
E8C17A97BB9827A1D5CEE4BDEF1AC4BC,2015,FORD,FOCUS,PASSENGER CAR,FWD,GASOLINE/E85,43659,2015-06-09,12.4
1F37996A564A27F3234C73B1F2B16FA4,2015,CHEVROLET,SILVERADO,PICKUP TRUCK,RWD,GASOLINE/E85,101876,2015-05-07,34
93C06854D38DD53D9A259ECA1DF0AA35,2015,CHEVROLET,SILVERADO,PICKUP TRUCK,RWD,GASOLINE/E85,90160,2015-06-04,34
106598EF3F9C73CC50DDC59980CBB3E2,2015,CHEVROLET,SILVERADO,PICKUP TRUCK,RWD,GASOLINE/E85,67337,2015-06-05,34
14C3F899EFAEC80BBC76416DA3CDFA44,2015,CHEVROLET,SILVERADO,PICKUP TRUCK,RWD,GASOLINE/E85,62489,2015-05-07,34
05E2E19BFD58E6546BC24EB85C782733,2015,CHEVROLET,SILVERADO,PICKUP TRUCK,RWD,GASOLINE/E85,44103,2015-07-31,34
FB9D26475D347D73D6C07CB95519AC95,2015,CHEVROLET,SILVERADO,PICKUP TRUCK,RWD,GASOLINE/E85,84176,2015-04-02,34
ABCFF1BB863EA529E20430200EAD8F7C,2015,CHEVROLET,SILVERADO,PICKUP TRUCK,RWD,GASOLINE/E85,96222,2015-05-26,34
0D59B7967A1B5E101A5288FADEB7EFC1,2013,FORD,F-650,TRUCK,4X2; DUAL REAR WHEELS,GASOLINE,28569,2013-12-02,42
566DE6F32590FA6880391214B2F00815,2014,FORD,F-150,PICKUP TRUCK,RWD,GASOLINE/E85,122467,2014-04-28,26
D0FB5EB52C229C1CABAB1A7B2FB2108E,2014,FORD,F-150,PICKUP TRUCK,RWD,GASOLINE/E85,225000,2014-03-20,26
BA750B5A81CB131E8F0C17A3E4D5D765,2014,FORD,F-150,PICKUP TRUCK,RWD,GASOLINE/E85,142505,2014-04-11,26
6496BC712FFB7588A243405352651742,2014,FORD,F-150,PICKUP TRUCK,RWD,GASOLINE/E85,131000,2014-04-08,26
4839BA9746595EF54A2886DAEE3ADA69,2014,FORD,F-150,PICKUP TRUCK,RWD,GASOLINE/E85,213772,2014-03-20,26
BA45639D1CAC749DFA9C53758BC6A84E,2014,FORD,F-150,PICKUP TRUCK,RWD,GASOLINE/E85,72317,2014-08-14,26
F16A61AF67F7C1CEDAFF4C084A97F390,2015,CHEVROLET,SILVERADO,PICKUP TRUCK,RWD,GASOLINE/E85,78214,2015-04-01,34
3D56DA1FBE90D4EB5538A08D4F44A168,2015,CHEVROLET,SILVERADO,PICKUP TRUCK,RWD,GASOLINE/E85,81010,2015-07-07,34
FA4A8733E82F101487D5E9FCAF4D79D1,2015,CHEVROLET,SILVERADO,PICKUP TRUCK,RWD,GASOLINE/E85,47916,2015-07-15,34
693C167A657250E27C0E05F22386257A,2015,CHEVROLET,SILVERADO,PICKUP TRUCK,RWD,GASOLINE/E85,125669,2015-05-19,34
0B66BFE7A44DD41C1F0C23373F404851,2015,CHEVROLET,SILVERADO,PICKUP TRUCK,RWD,GASOLINE/E85,82931,2015-07-14,34
90E4718B378E9BC8D45FB54AB1B561E7,2015,CHEVROLET,SILVERADO,PICKUP TRUCK,RWD,GASOLINE/E85,70434,2015-08-27,34
651742A4DD20317D015BD41879A63B91,2015,CHEVROLET,SILVERADO,PICKUP TRUCK,RWD,GASOLINE/E85,80637,2015-04-01,34
0B658CD4171E25AA76CB77479E58B794,2015,CHEVROLET,SILVERADO,PICKUP TRUCK,RWD,GASOLINE/E85,44965,2016-01-04,34
F6736B9A77827B25BC79E120FBF24C3A,2015,CHEVROLET,SILVERADO,PICKUP TRUCK,RWD,GASOLINE/E85,89116,2015-07-22,34
CC45B160691409274305D7CDAADF4948,2014,FORD,F-150,PICKUP TRUCK,RWD,GASOLINE/E85,57851,2014-07-17,26
81C0337BC474724E8552D4AC80B56677,2014,FORD,F-150,PICKUP TRUCK,RWD,GASOLINE/E85,62305,2014-08-30,26
C04B5D6AB010C28D040D456C3E3A72B0,2014,FORD,F-150,PICKUP TRUCK,RWD,GASOLINE/E85,66343,2014-07-11,26
013AE9242C4E42777020D28B812BD6F2,2014,FORD,F-150,PICKUP TRUCK,RWD,GASOLINE/E85,194800,2014-06-16,26
36BAD040EFA26FEF5A7A4FC127C7A8BA,2014,FORD,F-150,PICKUP TRUCK,RWD,GASOLINE/E85,95115,2014-07-02,26
2E70745D9F2DCEB5276639ACC6F31761,2014,FORD,F-150,PICKUP TRUCK,RWD,GASOLINE/E85,90209,2014-07-02,26
87DEF21658B5B78AA83102E631985735,2015,FORD,FOCUS,PASSENGER CAR,FWD,GASOLINE/E85,73565,2015-07-22,12.4
0EE197A35BA7CF42DB0372A6DFF948D6,2015,FORD,FOCUS,PASSENGER CAR,FWD,GASOLINE/E85,91331,2015-07-23,12.4
DD282136C2301A0F3B621964E011B3CF,2015,FORD,FOCUS,PASSENGER CAR,FWD,GASOLINE/E85,67598,2015-07-23,12.4
472523EC55A8CA5A58447C1E96DF9449,2015,FORD,FOCUS,PASSENGER CAR,FWD,GASOLINE/E85,71650,2015-07-23,12.4
0524DDD48C59BAA3A011D120F78889DF,2015,CHEVROLET,SILVERADO,PICKUP TRUCK,RWD,GASOLINE/E85,68071,2015-07-17,34
C58567B9D829D0EB8BBFD2ED2D36EBCB,2015,CHEVROLET,SILVERADO,PICKUP TRUCK,RWD,GASOLINE/E85,147125,2015-08-14,34
3B1C31FDEAF56AE07C26878C7554862B,2015,CHEVROLET,SILVERADO,PICKUP TRUCK,RWD,GASOLINE/E85,48325,2015-08-06,34
7EB8D4BBBB282F1748ED8D958BE80E39,2015,FORD,FOCUS,PASSENGER CAR,FWD,GASOLINE/E85,86966,2015-07-22,12.4
4984F500C2DDF15CC20342B992131AEA,2015,FORD,FOCUS,PASSENGER CAR,FWD,GASOLINE/E85,69435,2015-06-05,12.4
EE44F32D1543E88D000AF29A1A68B1F4,2014,FORD,F-150,PICKUP TRUCK,RWD,GASOLINE/E85,66466,2014-09-10,26
F8647B956A18FBF91527C59C8D20FCD6,2014,FORD,F-150,PICKUP TRUCK,RWD,GASOLINE/E85,115780,2014-08-01,26
A92734183D867E7B75F783C8569027D9,2014,FORD,F-150,PICKUP TRUCK,RWD,GASOLINE/E85,101918,2014-08-01,26
7D718B0396910BE1C18821CE8ABB0428,2014,FORD,F-150,PICKUP TRUCK,RWD,GASOLINE/E85,57176,2014-08-07,26
B88278EC927A56BE020ECC34A53C2AEB,2014,FORD,F-150,PICKUP TRUCK,RWD,GASOLINE/E85,145282,2014-07-29,26
4CE13B5BE19F0261126BB0602068754D,2014,FORD,F-350,PICKUP TRUCK,RWD,GASOLINE/E85,129637,2014-04-28,35
36D34528913AD4D11EA76D8CBA0CE65B,2014,FORD,F-150,PICKUP TRUCK,RWD,GASOLINE/E85,62588,2014-07-24,26
ABBE2C1EF1F99A22F107D718EB7DB505,2013,FORD,F-150,PICKUP TRUCK,RWD,GASOLINE/E85,141866,2012-11-21,26
3FF998906F566AF1CA33239B8078762A,2013,FORD,FUSION,PASSENGER CAR,FWD,GASOLINE,109243,2013-03-15,16.5
81666A2CF19673C612CD4BC18446B0A4,2013,FORD,EXPLORER,MULTIPURPOSE VEHICLE (MPV),FWD,GASOLINE,162444,2013-03-15,18.6
B50A372D52B203363D89D651D632FA3D,2013,FORD,F-150,PICKUP TRUCK,RWD,GASOLINE/E85,124158,2013-02-11,26
12E32907FC46F350905296544BA47C26,2013,FORD,F-150,PICKUP TRUCK,RWD,GASOLINE/E85,187960,2013-05-16,26
87760506A6C22E3084E7B8AB4B84AFA1,2013,FORD,F-150,PICKUP TRUCK,RWD,GASOLINE/E85,101864,2013-05-10,26
DA37B789D409773D4EE9CE9F2FD5C42B,2013,FORD,F-150,PICKUP TRUCK,RWD,GASOLINE/E85,105909,2013-06-10,26
FAFFDE0D7273CDE1879FBDBA3F4C20B4,2013,FORD,F-150,PICKUP TRUCK,RWD,GASOLINE/E85,130572,2013-06-17,26
38E85B0C7B9FE1B3A57EAE7725F6AFE2,2013,FORD,F-150,PICKUP TRUCK,RWD,GASOLINE/E85,151718,2013-07-11,26
F16341EFF721A180C63C80B035B3193F,2013,FORD,F-150,PICKUP TRUCK,RWD,GASOLINE/E85,78088,2013-07-10,26
9331D095EBC92FECD0E2526810AFC619,2013,FORD,F-150,PICKUP TRUCK,RWD,GASOLINE/E85,158820,2013-07-02,26
3B4FA37B3D0EE5C45820FB3D30594DAA,2013,FORD,F-150,PICKUP TRUCK,RWD,GASOLINE/E85,141932,2013-07-01,26
3A957887D68B1293E1791443BD6D0AC2,2013,FORD,F-150,PICKUP TRUCK,RWD,GASOLINE/E85,160007,2013-09-07,26
5F68BC21ADF38C533D79934F3938849A,2013,FORD,F-150,PICKUP TRUCK,RWD,GASOLINE/E85,78363,2013-09-05,26
9759F3770D094AB507BDC5D60F6A8D16,2013,FORD,F-150,PICKUP TRUCK,RWD,GASOLINE/E85,89221,2013-09-06,26
A7A1CDEF1FC611764AC0C4F6C7E586E3,2013,FORD,F-150,PICKUP TRUCK,RWD,GASOLINE/E85,123061,2014-04-21,26
F665740E2F3825630D45D046E58B2C99,2013,FORD,F-150,PICKUP TRUCK,RWD,GASOLINE/E85,82346,2014-03-28,26
5BC062A5D8337225ED3BB9EE56F8595E,2014,FORD,F-150,PICKUP TRUCK,RWD,GASOLINE/E85,101287,2014-06-05,26
64EA8488D6D1ED8193EFBB572EA1DE0D,2014,FORD,F-150,PICKUP TRUCK,RWD,GASOLINE/E85,72964,2014-08-07,26
8F548BD14EA0987CACB08D4F8F59CBD6,2014,FORD,F-150,PICKUP TRUCK,RWD,GASOLINE/E85,92866,2014-07-24,26
BE4AC34299C254E3F77549C43AAF793A,2014,FORD,F-150,PICKUP TRUCK,RWD,GASOLINE/E85,99700,2014-10-15,26
DB962C13A73DD6B673F3D998E5C3A0F7,2014,FORD,F-150,PICKUP TRUCK,RWD,GASOLINE/E85,50688,2014-08-22,26
00909CF2E346D37E3A225CE357221E15,2014,FORD,F-150,PICKUP TRUCK,RWD,GASOLINE/E85,76430,2014-07-30,26
498BC04CE73BA6FED61E02DF33640DEA,2014,FORD,F-150,PICKUP TRUCK,RWD,GASOLINE/E85,85506,2014-05-05,26
C43D5B3B29C7E82CEA7B1419F4350149,2014,FORD,F-350,PICKUP TRUCK,RWD,GASOLINE/E85,117595,2014-06-04,35
9FDCF5BC8D136A00E496F306D4432FA2,2014,FORD,F-150,PICKUP TRUCK,RWD,GASOLINE/E85,101674,2014-12-22,26
DAC402BA4B774CC2BBF43A72ED43A928,2014,FORD,F-150,PICKUP TRUCK,RWD,GASOLINE/E85,64339,2014-12-19,26
ED62DF0BF0FA093BE4B040B29B1C9BEE,2014,FORD,F-150,PICKUP TRUCK,RWD,GASOLINE/E85,101873,2015-02-03,26
306A06528A225BE0913D9D958FAE394F,2014,FORD,F-150,PICKUP TRUCK,RWD,GASOLINE/E85,124672,2015-01-24,26
3BECA45E8834431ABEB7DF5EB5A4A40D,2014,FORD,F-150,PICKUP TRUCK,RWD,GASOLINE/E85,93897,2014-12-19,26
CF77ECD8152063094473CE0FE6CF7454,2015,CHEVROLET,SILVERADO,PICKUP TRUCK,RWD,GASOLINE/E85,63872,2015-05-21,34
EA56A56DC29745B6536AF941CCB0ED81,2015,CHEVROLET,SILVERADO,PICKUP TRUCK,RWD,GASOLINE/E85,144257,2015-06-08,34
787DD9BCF3032D85340E772E67D346CB,2015,FORD,FOCUS,PASSENGER CAR,FWD,GASOLINE/E85,74304,2015-06-05,12.4
1F5DAE94FB32D7412B0317745FF8C47B,2015,FORD,FOCUS,PASSENGER CAR,FWD,GASOLINE/E85,555555,2015-06-05,12.4
68CB1CA255AB3B9B153E530CAB2703A9,2015,CHEVROLET,SILVERADO,PICKUP TRUCK,RWD,GASOLINE/E85,64412,2016-06-10,34
7B4A2E88372B2E2EF789DEFCFC7E04DD,2015,CHEVROLET,SILVERADO,PICKUP TRUCK,RWD,GASOLINE/E85,51751,2016-05-05,34
8100CF034500783433C4F3B7002C51A4,2015,FORD,FOCUS,PASSENGER CAR,FWD,GASOLINE/E85,97337,2015-07-15,12.4
E2D0B3AA0835C3442BEEAA6EFF2A06B0,2015,FORD,FOCUS,PASSENGER CAR,FWD,GASOLINE/E85,83446,2015-07-20,12.4
0A391B93163B3D4B12458B1AA9814CC1,2015,FORD,FOCUS,PASSENGER CAR,FWD,GASOLINE/E85,73440,2015-07-20,12.4
BB911D99EBFFF399AF714DA65B29943A,2014,FORD,F-350,PICKUP TRUCK,RWD,GASOLINE/E85,127186,2014-05-07,35
9B902453E92DF2E89668D4F39232D6BA,2014,FORD,F-350,PICKUP TRUCK,RWD,GASOLINE/E85,200209,2014-05-01,35
A2B0F1E8E595058E8B5F11F40F86869A,2014,FORD,F-350,PICKUP TRUCK,RWD,GASOLINE/E85,67840,2014-08-26,35
F11A057BD37EB13C166A07319281ABA1,2014,FORD,F-350,PICKUP TRUCK,RWD,GASOLINE/E85,76414,2014-08-20,35
60024D30D4BFD2AE02A1316532A58D65,2014,FORD,F-350,PICKUP TRUCK,RWD,GASOLINE/E85,133844,2014-04-22,35
3D8B361485A21FA7FF33FB460B16E77E,2014,FORD,F-350,PICKUP TRUCK,RWD,GASOLINE/E85,90796,2014-05-16,35
A5046C27A16F6D81526ADBF3CBC643D8,2014,FORD,F-150,PICKUP TRUCK,RWD,GASOLINE/E85,56143,2014-11-17,26
DCD6BDF77364726B57DFE3A0D9424B1E,2013,FORD,F-150,PICKUP TRUCK,RWD,GASOLINE/E85,168520,2013-07-24,26
D7E5CF25C143BD217E36B654B22D1A84,2013,FORD,F-150,PICKUP TRUCK,RWD,GASOLINE/E85,194645,2013-05-22,26
0A7F242252148F9F93178213211CEBA5,2013,FORD,F-150,PICKUP TRUCK,RWD,GASOLINE/E85,115490,2013-07-24,26
88278C0B17592E1B0A688EB465CE11EE,2013,FORD,F-150,PICKUP TRUCK,RWD,GASOLINE/E85,91330,2013-08-09,26
793623D7002F70EB0497DF2D8C237086,2013,FORD,F-150,PICKUP TRUCK,RWD,GASOLINE/E85,92099,2013-08-23,26
39CB281A722292C7DA43594E94D56EFF,2013,FORD,F-150,PICKUP TRUCK,RWD,GASOLINE/E85,176999,2013-07-03,26
6255D5F86CE00689B98DFE7DD06B8D7B,2013,FORD,F-150,PICKUP TRUCK,RWD,GASOLINE/E85,185558,2013-06-24,26
307C75FA71D1033A999E36A143FC2EFA,2013,FORD,F-150,PICKUP TRUCK,RWD,GASOLINE/E85,175666,2013-09-16,26
7D473D190464CF272981CB8368BB403C,2013,FORD,F-150,PICKUP TRUCK,RWD,GASOLINE/E85,152285,2013-08-14,26
76D9E2E61A9439E8B33C92140974F40C,2013,FORD,F-150,PICKUP TRUCK,RWD,GASOLINE/E85,156124,2013-08-27,26
BA52B64B61F0D452F8D1F9418D1E9836,2013,FORD,F-150,PICKUP TRUCK,RWD,GASOLINE/E85,109830,2013-06-12,26
EA5596D38FC9DEF02FDDBA2C2B8A8358,2013,FORD,F-150,PICKUP TRUCK,RWD,GASOLINE/E85,121713,2013-08-15,26
78AD075E37CB4716542AE887B267CD06,2013,FORD,F-350,PICKUP TRUCK,RWD,GASOLINE/E85,137911,2013-12-17,35
8BE247713F7A9E72981D8B5F8B9425FC,2014,FORD,F-150,PICKUP TRUCK,RWD,GASOLINE/E85,112650,2014-06-05,26
E5122AD0A38CE7D89F4ECAB2F4E7304D,2014,FORD,F-150,PICKUP TRUCK,RWD,GASOLINE/E85,142518,2014-07-16,26
278C8FD93BC25713F84A46C87851E4CD,2014,FORD,F-150,PICKUP TRUCK,RWD,GASOLINE/E85,86016,2014-07-25,26
13558C5B1329F728F93284781C6C9B82,2014,FORD,F-150,PICKUP TRUCK,RWD,GASOLINE/E85,114927,2014-06-24,26
DEAFEE22BA419F575687354F05788489,2014,FORD,F-150,PICKUP TRUCK,RWD,GASOLINE/E85,166783,2014-03-27,26
98E287FFB54DC929AFB275B599F37747,2014,FORD,F-150,PICKUP TRUCK,RWD,GASOLINE/E85,64580,2014-08-19,26
E122A701903F01E86196A3821478814E,2014,FORD,F-350,PICKUP TRUCK,RWD,GASOLINE/E85,125510,2014-09-10,35
58019D2B22EBC9AD2E56A741FD5862B6,2014,FORD,F-350,PICKUP TRUCK,RWD,GASOLINE/E85,141941,2014-04-30,35
1483A5680FF686B13A1AFCE117EDBB55,2014,FORD,F-350,PICKUP TRUCK,RWD,GASOLINE/E85,81346,2014-09-05,35
3314D4F299850EA76255CB1E8F2453C5,2014,FORD,F-350,PICKUP TRUCK,RWD,GASOLINE/E85,86664,2014-04-09,35
5242488878C1FD9A7F493BDB6ADBEA8B,2014,FORD,F-350,PICKUP TRUCK,RWD,GASOLINE/E85,74391,2014-04-10,35
67DCC0EBA4CD8706A702F3A2A7EFDFC8,2014,FORD,F-350,PICKUP TRUCK,RWD,GASOLINE/E85,126276,2014-04-22,35
6B8E76762A58BC8895A79DEBD72E16F3,2014,FORD,F-150,PICKUP TRUCK,RWD,GASOLINE/E85,93502,2014-10-29,26
3B0BB968D934D5EB118282F5F874C871,2015,CHEVROLET,SILVERADO,PICKUP TRUCK,RWD,GASOLINE/E85,30715,2015-06-10,34
049F46A5C53D6662F84C6B02CAADFFAC,2015,CHEVROLET,SILVERADO,PICKUP TRUCK,RWD,GASOLINE/E85,73677,2015-08-03,34
19DC325C839D608BE27D3D954D48F19D,2015,CHEVROLET,SILVERADO,PICKUP TRUCK,RWD,GASOLINE/E85,106197,2015-05-19,34
1544B6B61E9409FC2A3B478746A725D8,2015,CHEVROLET,SILVERADO,PICKUP TRUCK,RWD,GASOLINE/E85,129455,2015-06-17,34
2AC8FFA433E4087DF9D2FC552B15E806,2015,CHEVROLET,SILVERADO,PICKUP TRUCK,RWD,GASOLINE/E85,51113,2015-06-05,34
1521935743E6CD810B807A3F19B5ACEE,2015,CHEVROLET,SILVERADO,PICKUP TRUCK,RWD,GASOLINE/E85,48231,2015-06-08,34
F1A0B1EE5029469801AAAD3B9AC784E7,2015,CHEVROLET,SILVERADO,PICKUP TRUCK,RWD,GASOLINE/E85,81262,2015-06-08,34
2B2FE460170246349B5D880377DAEE8E,2015,FORD,FOCUS,PASSENGER CAR,FWD,GASOLINE/E85,63350,2015-07-23,12.4
CC88615EB8D266F892100B844514C26C,2015,FORD,FOCUS,PASSENGER CAR,FWD,GASOLINE/E85,49218,2015-06-11,12.4
EBF5EC2938145EF0E372C91061E6CD71,2015,FORD,FOCUS,PASSENGER CAR,FWD,GASOLINE/E85,67455,2015-06-16,12.4
E001576CF2FFC88A10DFC3FA4C2B2ACF,2015,FORD,FOCUS,PASSENGER CAR,FWD,GASOLINE/E85,55065,2015-06-11,12.4
673F024643642C866B7A1CC62D7EF91C,2015,FORD,FOCUS,PASSENGER CAR,FWD,GASOLINE/E85,59186,2015-06-11,12.4
B291782E27EED8884C8F593A4B9F434A,2015,FORD,FOCUS,PASSENGER CAR,FWD,GASOLINE/E85,47769,2015-06-17,12.4
E01F98FB7EF1A1AB3BD657A873A53611,2015,FORD,FOCUS,PASSENGER CAR,FWD,GASOLINE/E85,37790,2015-06-16,12.4
FF80629E64473EDECBBAEFF909109FDD,2015,FORD,FOCUS,PASSENGER CAR,FWD,GASOLINE/E85,59076,2015-06-16,12.4
1C8530E85817C60864807326A0B98848,2015,FORD,FOCUS,PASSENGER CAR,FWD,GASOLINE/E85,30000,2015-10-23,12.4
42BCE48D0744261BA7D0F8CB40251D31,2015,FORD,FOCUS,PASSENGER CAR,FWD,GASOLINE/E85,66030,2015-10-23,12.4
319EEC3ACF60730678AF6306B595947D,2015,FORD,FOCUS,PASSENGER CAR,FWD,GASOLINE/E85,100348,2015-10-23,12.4
89BC360DBCDCBDBA98285E5D11D8A2FA,2015,FORD,FOCUS,PASSENGER CAR,FWD,GASOLINE/E85,84488,2015-10-23,12.4
EEC247F76CB69B06F35239BA5F5A7001,2015,FORD,FOCUS,PASSENGER CAR,FWD,GASOLINE/E85,67153,2015-10-23,12.4
D3796D84B56A882ABD3D9F0C6C8F8898,2015,CHEVROLET,SILVERADO,PICKUP TRUCK,RWD,GASOLINE/E85,41385,2016-01-08,34
C33FF41423D4FE9E0B04E59CB2C51239,2015,CHEVROLET,SILVERADO,PICKUP TRUCK,RWD,GASOLINE/E85,92623,2015-12-23,34
2AC84831EC20A2A19ADE53FB810352F7,2015,CHEVROLET,SILVERADO,PICKUP TRUCK,RWD,GASOLINE/E85,49115,2016-01-12,34
FDCE4F0308166E702C610CA7C4C4CBC1,2015,CHEVROLET,SILVERADO,PICKUP TRUCK,RWD,GASOLINE/E85,125601,2016-01-11,34
AD2D8E375E84AA8EE265B9F4B2A90732,2015,CHEVROLET,SILVERADO,PICKUP TRUCK,RWD,GASOLINE/E85,74301,2015-12-18,34
326B6A20B9FDFE18B25E5AA58E12E811,2013,FORD,F-150,PICKUP TRUCK,RWD,GASOLINE/E85,94479,2013-06-27,26
4C3C59C7A9F43FFC70A74F6EE5EA9C7B,2013,FORD,F-150,PICKUP TRUCK,RWD,GASOLINE/E85,159981,2013-06-28,26
84BA47B2DE93BD8F48DD72ED14F6CFC3,2013,FORD,F-150,PICKUP TRUCK,RWD,GASOLINE/E85,203284,2013-07-31,26
21443A39AA4B80656B912AD91B435A72,2013,FORD,F-150,PICKUP TRUCK,RWD,GASOLINE/E85,108112,2013-07-10,26
1134B94F4197C904B35BB3D70D3235F0,2015,FORD,FOCUS,PASSENGER CAR,FWD,GASOLINE/E85,104305,2015-07-02,12.4
A9CCFE99D68F2802D18FC5C2F131CD9D,2015,FORD,FOCUS,PASSENGER CAR,FWD,GASOLINE/E85,39125,2015-08-21,12.4
7141D645968AF475A398D929D9E0AE41,2015,FORD,E-450 SUPER DUTY,VAN,4X2,GASOLINE/E85,123456,2015-05-26,55
6CAEF0C07475C2FB4A342D5E726418F8,2015,FORD,E-450 SUPER DUTY,VAN,4X2,GASOLINE/E85,37148,2015-06-04,55
038E6CCAC64F276B31410C3B7E43E678,2015,FORD,E-450 SUPER DUTY,VAN,4X2,GASOLINE/E85,36061,2015-05-06,55
B51B56056F07105A303BDC043D09D371,2014,FORD,F-150,PICKUP TRUCK,RWD,GASOLINE/E85,85330,2014-10-20,26
84B5C70F7A2FF570A09176EC009BDD14,2014,FORD,F-150,PICKUP TRUCK,RWD,GASOLINE/E85,98678,2014-10-03,26
A5001667E5BC0773E2EEB8F24451A1DF,2014,FORD,F-150,PICKUP TRUCK,RWD,GASOLINE/E85,88736,2014-11-21,26
5E7A20A28861CDF3DAAB9FA765825CD8,2014,FORD,F-150,PICKUP TRUCK,RWD,GASOLINE/E85,96223,2014-10-17,26
37E27179A3E08414716DF06BBE8B9100,2014,FORD,F-150,PICKUP TRUCK,RWD,GASOLINE/E85,123831,2014-11-07,26
55EB0569C466E07D712093D1E234A6F5,2014,FORD,F-150,PICKUP TRUCK,RWD,GASOLINE/E85,122078,2014-11-11,26
17EF910F2BD57563C0DD5057BD2FEF17,2013,FORD,F-350,PICKUP TRUCK,RWD,GASOLINE/E85,127736,2013-12-21,35
F725F67C82CC13B9FDE99ED6707F48E4,2013,FORD,F-350,PICKUP TRUCK,RWD,GASOLINE/E85,146194,2014-01-10,35
52CCC0A69F1DAFB9171BDD57BEB45872,2013,FORD,F-350,PICKUP TRUCK,RWD,GASOLINE/E85,163276,2013-08-15,35
00631EA82A18D334F6649D682C3850BF,2013,FORD,F-350,PICKUP TRUCK,RWD,GASOLINE/E85,75487,2013-10-25,35
3936BFDA4A1A80083A5903DFADADC18A,2013,FORD,F-350,PICKUP TRUCK,RWD,GASOLINE/E85,115628,2013-12-31,35
511DBA3FE988830960AEFD6FA8197F23,2013,FORD,F-150,PICKUP TRUCK,RWD,GASOLINE/E85,126265,2013-09-04,26
8B0FD698D2721854B7E553C21D8BADCE,2013,FORD,F-350,PICKUP TRUCK,RWD,GASOLINE/E85,65630,2014-01-07,35
041594067836EC93C7F486F7D86D5381,2014,FORD,F-150,PICKUP TRUCK,RWD,GASOLINE/E85,137267,2014-07-02,26
E7A9FC794E711C94AFDB87F5C6492FAC,2014,FORD,F-150,PICKUP TRUCK,RWD,GASOLINE/E85,143700,2014-06-30,26
5A4D42BE8EAAFA97B61A24CC53A2DEDC,2014,FORD,F-150,PICKUP TRUCK,RWD,GASOLINE/E85,79181,2014-08-08,26
B7E0F3D9007A3DFFA2A65C380FC0892A,2014,FORD,F-150,PICKUP TRUCK,RWD,GASOLINE/E85,96981,2014-08-22,26
175919AB5B9AA74954AE9E8E14BA45BD,2014,FORD,F-150,PICKUP TRUCK,RWD,GASOLINE/E85,139812,2014-09-02,26
DAB3481647CDA67A7A8C122821F0ABB8,2014,FORD,F-150,PICKUP TRUCK,RWD,GASOLINE/E85,90048,2014-12-02,26
21177CE47FF7D1CB37671311AD8A9A40,2014,FORD,F-150,PICKUP TRUCK,RWD,GASOLINE/E85,80022,2014-10-30,26
C01507CD8EB0C8584AF7B50B30D47B84,2014,FORD,F-150,PICKUP TRUCK,RWD,GASOLINE/E85,52054,2015-01-14,26
61BBDE14185B283055A12D0A8D10E1F7,2014,FORD,F-150,PICKUP TRUCK,RWD,GASOLINE/E85,141649,2014-12-11,26
DB44DD13A739C2AB3268351C8026E8F7,2014,FORD,F-150,PICKUP TRUCK,RWD,GASOLINE/E85,65661,2014-11-24,26
3CEDE216676DE64916721CD6A781542B,2014,FORD,F-150,PICKUP TRUCK,RWD,GASOLINE/E85,109292,2015-01-09,26
043B92E31517010E7D1F6AB0FA41EABC,2015,CHEVROLET,SILVERADO,PICKUP TRUCK,RWD,GASOLINE/E85,73700,2015-07-02,34
470C2F610F021E9FAAE2CE69328C863A,2015,CHEVROLET,SILVERADO,PICKUP TRUCK,RWD,GASOLINE/E85,74940,2015-06-04,34
58A3DB1FE4DAD844FEA501EB51A3B2D0,2014,FORD,F-150,PICKUP TRUCK,RWD,GASOLINE/E85,99285,2015-05-07,26
F8A3960D34FADA48243177A7AB94F6BA,2015,CHEVROLET,SILVERADO,PICKUP TRUCK,RWD,GASOLINE/E85,106653,2015-09-22,34
48CE210502323C3387775FE81086019D,2014,FORD,F-150,PICKUP TRUCK,RWD,GASOLINE/E85,73476,2015-07-02,26
A64E36AB0D9DF5E6F7ABAA22B3B92D7A,2015,CHEVROLET,SILVERADO,PICKUP TRUCK,RWD,GASOLINE/E85,56843,2015-04-09,26
5F5A9D8F2D020D422D694E2C677454BB,2015,CHEVROLET,SILVERADO,PICKUP TRUCK,RWD,GASOLINE/E85,38308,2015-10-20,34
FAE0D5075DE9008355F60318C148D928,2015,CHEVROLET,SILVERADO,PICKUP TRUCK,RWD,GASOLINE/E85,35626,2015-10-20,34
53620A6BD97E7FDC4B1F84D605AC46D7,2015,CHEVROLET,SILVERADO,PICKUP TRUCK,RWD,GASOLINE/E85,16124,2015-10-22,34
FD4E1DC0DD0DDFF7966019549A07D395,2015,FORD,FOCUS,PASSENGER CAR,FWD,GASOLINE/E85,64977,2015-06-26,12.4
6509D7B2A7578E3A43EF80AA149F9DA8,2015,FORD,FOCUS,PASSENGER CAR,FWD,GASOLINE/E85,101642,2015-06-09,12.4
E08061A6C1FD986A6E7141475F864F16,2015,FORD,FOCUS,PASSENGER CAR,FWD,GASOLINE/E85,92827,2015-06-26,12.4
B329D6D41CC040DF4726298D50CCA551,2015,FORD,FOCUS,PASSENGER CAR,FWD,GASOLINE/E85,87192,2015-06-09,12.4
768BD7AB7243A0BAA824DDAB06C8926A,2015,CHEVROLET,SILVERADO,PICKUP TRUCK,RWD,GASOLINE/E85,92552,2015-05-13,34
23E4DE97BDA4B979BDFC917A602184C7,2015,CHEVROLET,SILVERADO,PICKUP TRUCK,RWD,GASOLINE/E85,146582,2015-05-26,34
AE70A67400CFA3095CD81E26558D321E,2015,FORD,FOCUS,PASSENGER CAR,FWD,GASOLINE/E85,67720,2015-06-16,12.4
08819806820CF67C0621FCCE8507B75C,2015,CHEVROLET,SILVERADO,PICKUP TRUCK,RWD,GASOLINE/E85,84183,2015-07-08,34
DB544C6124EE7287B90F8DF9144EDFA4,2015,CHEVROLET,SILVERADO,PICKUP TRUCK,RWD,GASOLINE/E85,81910,2016-01-05,34
5E001D9F6768186D5E7770256CF79A8F,2015,CHEVROLET,SILVERADO,PICKUP TRUCK,RWD,GASOLINE/E85,74842,2016-02-11,34
B577E5BB15432DD638F73E1003115313,2015,CHEVROLET,SILVERADO,PICKUP TRUCK,RWD,GASOLINE/E85,48362,2016-02-22,34
6BEA05E143164067B4784FA328E05FE4,2015,CHEVROLET,SILVERADO,PICKUP TRUCK,RWD,GASOLINE/E85,121764,2016-01-08,34
13A219E6887CF44F3A0B00A95AA0312C,2015,CHEVROLET,SILVERADO,PICKUP TRUCK,RWD,GASOLINE/E85,43563,2016-02-12,34
ACDBC572741ED4AA2C437898CEC4AB58,2015,CHEVROLET,SILVERADO,PICKUP TRUCK,RWD,GASOLINE/E85,69500,2016-01-14,34
842E5DD584814ADCE1BFDC2A8B765BBB,2015,CHEVROLET,SILVERADO,PICKUP TRUCK,RWD,GASOLINE/E85,74322,2016-01-27,34
CE1A9781DF32B2460AB2A4342451610C,2015,CHEVROLET,SILVERADO,PICKUP TRUCK,RWD,GASOLINE/E85,83854,2015-10-30,34
508E4A2C064BDB41BE839A5DF0A9C7BE,2015,CHEVROLET,SILVERADO,PICKUP TRUCK,RWD,GASOLINE/E85,56703,2015-10-28,34
C1880B8E95D864D0B99D2C982DF75870,2015,CHEVROLET,SILVERADO,PICKUP TRUCK,RWD,GASOLINE/E85,114766,2015-12-18,34
1B4F474F5805AA503AEFD02C74F41CEA,2015,CHEVROLET,SILVERADO,PICKUP TRUCK,RWD,GASOLINE/E85,44591,2015-10-27,34
E3C0D4FEB436ABD2136F7B2F5D04590E,2015,FORD,ECONOLINE,VAN,RWD,GASOLINE/E85,6963,2015-05-12,40
D3D8C119FEC7C914D32FF9A4CCD7403B,2015,FORD,E-450 SUPER DUTY,VAN,4X2,GASOLINE,17564,2015-05-12,55
7C09773B82B67EE4F0524C71C621F625,2013,FORD,F-150,PICKUP TRUCK,RWD,GASOLINE/E85,133188,2013-07-12,26
8CDC678C3BB3634079F2B071A4CAB3C1,2013,FORD,F-150,PICKUP TRUCK,RWD,GASOLINE/E85,133719,2014-01-08,26
348E628221331AE0042A494EEA0A49D4,2013,FORD,F-150,PICKUP TRUCK,RWD,GASOLINE/E85,76963,2013-12-31,26
3DD7F850387CBA3377419A93D07E452F,2013,FORD,F-150,PICKUP TRUCK,RWD,GASOLINE/E85,168412,2013-12-31,26
B291FF2F3FEB3A17B509EA67A1985AAE,2013,FORD,F-150,PICKUP TRUCK,RWD,GASOLINE/E85,207396,2013-07-01,26
6257762314E4B8EF5C19669B1EBDA1AD,2013,FORD,F-150,PICKUP TRUCK,RWD,GASOLINE/E85,111579,2013-12-31,26
1F50C5BE9F4C5CCB704C1CF0D1A34B97,2015,FORD,E-450 SUPER DUTY,VAN,4X2,GASOLINE,36257,2015-04-25,55
494B80DD6CA7EF27DEF2755C8E7F08F7,2015,FORD,E-450 SUPER DUTY,VAN,4X2,GASOLINE/E85,83627,2015-06-04,55
58CF41BE761FD8704AEEAD1D25836488,2015,CHEVROLET,SILVERADO,PICKUP TRUCK,RWD,GASOLINE/E85,122094,2015-10-30,34
155FDA3D968A72AF13A1930AC1BF7D05,2015,FORD,ECONOLINE,VAN,RWD,GASOLINE/E85,25559,2015-05-30,40
3348B7475D9AAE38FE757475B907E15D,2015,CHEVROLET,SILVERADO,PICKUP TRUCK,RWD,GASOLINE/E85,47895,2015-10-30,34
91FBC864D982163E39B4C9E50EDF4ED8,2015,CHEVROLET,SILVERADO,PICKUP TRUCK,RWD,GASOLINE/E85,31219,2015-10-29,34
07F2FA7119DEFB39F5505FB16B2943C7,2015,CHEVROLET,SILVERADO,PICKUP TRUCK,4WD,GASOLINE/E85,81027,2015-05-01,26
BA0C0CC5781810CC7294F56B10B4BF54,2015,CHEVROLET,SILVERADO,PICKUP TRUCK,RWD,GASOLINE/E85,68208,2015-11-12,34
59D7826516759D94497180BA70570445,2015,CHEVROLET,SILVERADO,PICKUP TRUCK,RWD,GASOLINE/E85,93048,2015-11-05,34
7743E8785C5A36661FCBE015C144B3F5,2015,CHEVROLET,SILVERADO,PICKUP TRUCK,RWD,GASOLINE/E85,92674,2015-08-13,34
E576DBAB633D4178ADCCB091F9224721,2015,CHEVROLET,SILVERADO,PICKUP TRUCK,RWD,GASOLINE/E85,109199,2015-06-10,34
8D170CA72912368CF6035913C5BE2E22,2015,CHEVROLET,SILVERADO,PICKUP TRUCK,RWD,GASOLINE/E85,115577,2015-09-03,34
3C26BE907DB30FD833CDA0106AA5EC5E,2015,CHEVROLET,SILVERADO,PICKUP TRUCK,RWD,GASOLINE/E85,94067,2015-08-19,34
7F8D3E536CD3AA781EE13B9BE3F9774E,2015,CHEVROLET,SILVERADO,PICKUP TRUCK,RWD,GASOLINE/E85,103088,2015-10-21,34
8ED298BB8948CF10CA7AA8D5AA2A56A6,2015,FORD,FOCUS,PASSENGER CAR,FWD,GASOLINE/E85,47709,2015-10-08,12.4
11C2BA4736910690D35D65D84262BCBB,2015,CHEVROLET,SILVERADO,PICKUP TRUCK,RWD,GASOLINE/E85,65279,2015-07-24,34
2FE46E06EE5B2CDF44C72476E9A7A6AA,2015,FORD,FOCUS,PASSENGER CAR,FWD,GASOLINE/E85,38406,2015-10-09,12.4
4A0E3619A3953214F85250DBA458E1DE,2015,FORD,FOCUS,PASSENGER CAR,FWD,GASOLINE/E85,45465,2015-10-19,12.4
CFFCE2D4B257A71376BA3C152E9ACF4C,2015,FORD,FOCUS,PASSENGER CAR,FWD,GASOLINE/E85,76581,2015-09-28,12.4
287B94DFE41711D0EA54007F1025F17E,2015,FORD,FOCUS,PASSENGER CAR,FWD,GASOLINE/E85,49408,2015-09-28,12.4
40B3BA8C09EFB4B5A9E8F42554D5C38F,2015,FORD,FOCUS,PASSENGER CAR,FWD,GASOLINE/E85,89797,2015-09-28,12.4
0DEA44916839EA6E3A9DF3C6AF22743D,2015,FORD,FOCUS,PASSENGER CAR,FWD,GASOLINE/E85,68492,2015-09-28,12.4
A686AFE93268804CCEBA78FD4A3716E3,2015,FORD,FOCUS,PASSENGER CAR,FWD,GASOLINE/E85,52428,2015-09-28,12.4
CB58E53763307658A10B57D32050EDC1,2013,FORD,F-150,PICKUP TRUCK,RWD,GASOLINE/E85,132141,2013-05-16,26
B90C7EFC1D741060EC98383CA863CFD2,2013,FORD,F-150,PICKUP TRUCK,RWD,GASOLINE/E85,61849,2013-05-02,26
1B0A780C80884AE112F26E356A8A5F75,2013,FORD,F-150,PICKUP TRUCK,RWD,GASOLINE/E85,140573,2013-05-16,26
6019A96AC13D61B646F01A9D7E574926,2013,FORD,F-150,PICKUP TRUCK,RWD,GASOLINE/E85,118249,2013-05-23,26
D767A39EDFFBE69BA2CF168C40346FB8,2013,FORD,F-150,PICKUP TRUCK,RWD,GASOLINE/E85,71724,2013-05-23,26
4E021EE15448BE76AACF4820CB591970,2014,FORD,F-150,PICKUP TRUCK,RWD,GASOLINE/E85,76672,2014-10-02,26
9637B97F7A54E64A1977F3BA30A58C08,2014,FORD,F-150,PICKUP TRUCK,RWD,GASOLINE/E85,65842,2014-11-11,26
9C90A9EA95A9113692899730397EB1C4,2015,CHEVROLET,SILVERADO,PICKUP TRUCK,RWD,GASOLINE/E85,34075,2015-04-27,34
D30B5F83E62E2834E8F8F9BFDC244175,2015,CHEVROLET,SILVERADO,PICKUP TRUCK,RWD,GASOLINE/E85,63067,2015-05-07,34
C1AA11D7A1FB1916A562858D289DE7C5,2015,CHEVROLET,SILVERADO,PICKUP TRUCK,RWD,GASOLINE/E85,170051,2015-03-30,34
5C21098E2B78996991C6B5FE8638CD1D,2015,CHEVROLET,SILVERADO,PICKUP TRUCK,RWD,GASOLINE/E85,91706,2015-03-16,34
0B3B4835956EB404DFFC9C4A8CA67405,2014,FORD,F-150,PICKUP TRUCK,RWD,GASOLINE/E85,154000,2014-10-13,26
10602927B4F7915A21182AC7F68B7E04,2015,CHEVROLET,SILVERADO,PICKUP TRUCK,RWD,GASOLINE/E85,92074,2015-05-08,34
347470F879BB1FF94BB68F87A3177FFE,2015,FORD,ECONOLINE,VAN,RWD,GASOLINE/E85,31646,2015-01-23,40
8F1274289B2654DC6C5B7B407B01D063,2015,CHEVROLET,SILVERADO,PICKUP TRUCK,RWD,GASOLINE/E85,154940,2015-04-08,34
A6BCA8B70BCC2EC27319DBF9FAA9C1A7,2015,CHEVROLET,SILVERADO,PICKUP TRUCK,RWD,GASOLINE/E85,58047,2015-03-26,34
494CFE07C4E3B917DC8BDAD229EA3C94,2015,FORD,ECONOLINE,VAN,RWD,GASOLINE/E85,14595,2015-01-16,40
BD44039DD689401DFC96EC149B794D8F,2015,FORD,ECONOLINE,VAN,RWD,GASOLINE/E85,33636,2015-01-16,40
C4F4CDEEC89C1CCE5A5F71FE9DFD388D,2015,CHEVROLET,SILVERADO,PICKUP TRUCK,RWD,GASOLINE/E85,58617,2015-02-02,26
D63B52F511062CDC639D04506B4BF545,2013,FORD,F-150,PICKUP TRUCK,RWD,GASOLINE/E85,160475,2013-09-06,26
D6E1C3EE51517D52775968C3EE56DC3E,2013,FORD,F-150,PICKUP TRUCK,RWD,GASOLINE/E85,128821,2013-09-06,26
E82C97D262A46EB3F16FB0CC732D27B5,2014,FORD,F-350,PICKUP TRUCK,RWD,GASOLINE/E85,136390,2013-12-31,35
BD0708391694F576AD5A8442B09A6A0E,2014,FORD,F-350,PICKUP TRUCK,RWD,GASOLINE/E85,132614,2014-01-31,35
CA2F66B9D67D475E2886E29476897B13,2013,FORD,F-150,PICKUP TRUCK,RWD,GASOLINE/E85,145531,2013-09-16,26
5A100EEDC49740A9F56D10D2F4B323A8,2013,FORD,F-150,PICKUP TRUCK,RWD,GASOLINE/E85,101087,2013-08-21,26
4B6ADA784F3AC00E9DC40C13B6ECFC84,2013,FORD,F-150,PICKUP TRUCK,RWD,GASOLINE/E85,111635,2013-09-06,26
1B225FBED590CD6911760EFD6FFC59B3,2015,CHEVROLET,SILVERADO,PICKUP TRUCK,RWD,GASOLINE/E85,104809,2015-06-15,34
7F1936B12B77E238A1B11A2790A2550C,2015,CHEVROLET,SILVERADO,PICKUP TRUCK,RWD,GASOLINE/E85,139088,2015-05-29,34
DA3CECF2D6AD8669C1A7BD7F2D365387,2015,CHEVROLET,SILVERADO,PICKUP TRUCK,RWD,GASOLINE/E85,72140,2015-07-17,34
2F68338211C5A2EB29CC15B2FB890FC8,2015,CHEVROLET,SILVERADO,PICKUP TRUCK,RWD,GASOLINE/E85,48108,2015-08-07,34
D5A7410E8CF80AE9FB54F08B09782470,2015,CHEVROLET,SILVERADO,PICKUP TRUCK,RWD,GASOLINE/E85,87946,2015-08-27,34
2E8D1F2BEDE0A0A9569D00370DADA7E3,2015,FORD,FOCUS,PASSENGER CAR,FWD,GASOLINE/E85,37426,2015-07-22,12.4
0DECA27F4F37C19C80E87398EE7D1B3C,2015,CHEVROLET,SILVERADO,PICKUP TRUCK,RWD,GASOLINE/E85,63996,2015-07-17,34
ACCAC2680C0C1303269F4F1B3B5D7073,2015,FORD,FOCUS,PASSENGER CAR,FWD,GASOLINE/E85,90810,2015-07-09,12.4
C5B138B703890943BCF45DB30017CCD9,2015,FORD,FOCUS,PASSENGER CAR,FWD,GASOLINE/E85,108635,2015-07-23,12.4
02BA52DF37FAEC825510D6C7C3895FC4,2013,FORD,F-150,PICKUP TRUCK,RWD,GASOLINE/E85,118580,2013-08-29,26
074B3C573C19D11E1F30EA0293604EF6,2013,FORD,F-350,PICKUP TRUCK,RWD,GASOLINE/E85,99201,2013-12-18,35
22A78F083B07143269F489FB3E4F6F31,2013,FORD,F-150,PICKUP TRUCK,RWD,GASOLINE/E85,104082,2013-09-10,26
4738D19D80F004DDAF03AEC6F363E2B4,2013,FORD,F-150,PICKUP TRUCK,RWD,GASOLINE/E85,94051,2013-09-09,26
5DAC2472C28CCEF78AF23375898C372E,2013,FORD,F-350,PICKUP TRUCK,RWD,GASOLINE/E85,121543,2013-12-31,35
257738EE09DAACBDA8BA98B1FA136B4A,2013,FORD,F-350,PICKUP TRUCK,RWD,GASOLINE/E85,186390,2013-12-31,35
F81105838EFD63E81B28C83F7FCE551E,2013,FORD,TRANSIT CONNECT,VAN,FWD,GASOLINE,94384,2013-12-16,15.4
DD412C2510875E71A762C6383E3C75C2,2013,FORD,EXPLORER,MULTIPURPOSE VEHICLE (MPV),FWD,GASOLINE,49550,2013-04-28,18.6
4C6A77BB31868BCA2987A9CE19DA0A15,2013,FORD,F-150,PICKUP TRUCK,RWD,GASOLINE/E85,119599,2013-09-11,26
E65BE40160707C6E07763FB3222B6A41,2013,FORD,F-150,PICKUP TRUCK,RWD,GASOLINE/E85,122941,2013-09-13,26
973D0949DFBCB4CB18E0E4760D62D60B,2013,FORD,F-150,PICKUP TRUCK,RWD,GASOLINE,107235,2013-03-25,26
94154F6EAF691EA53704F7C08BFC0610,2013,FORD,F-150,PICKUP TRUCK,RWD,GASOLINE/E85,107429,2013-09-13,26
A2305249142B5F457695FBADE7F3DF04,2013,FORD,F-350,PICKUP TRUCK,RWD,GASOLINE/E85,217032,2013-10-15,35
BCE460A99D6A2EB8BA9E391832D3ECFE,2013,FORD,F-350,PICKUP TRUCK,RWD,GASOLINE/E85,171117,2013-05-29,35
C241CC73F57E5AB5A379606F020AB465,2013,FORD,F-350,PICKUP TRUCK,RWD,GASOLINE/E85,120163,2013-05-23,35
617E3CEA72D397BB457D60F20CFA74CF,2013,FORD,F-350,PICKUP TRUCK,RWD,GASOLINE/E85,171858,2013-06-12,35
C640702AA71AB570FF626368B95B967B,2013,FORD,F-350,PICKUP TRUCK,RWD,GASOLINE/E85,151151,2013-05-29,35
4FFBAAEB82CABCC41BAFE4BB71452DCC,2013,FORD,F-350,PICKUP TRUCK,RWD,GASOLINE/E85,162019,2013-06-26,35
18456D48CD216887B1CC8DB7B7E53E0A,2013,FORD,F-150,PICKUP TRUCK,RWD,GASOLINE/E85,188878,2013-08-29,26
79B28210A471CC0C6C6B6AC974E8AA3D,2016,FORD,E-450 SUPER DUTY,VAN,4X2,GASOLINE/E85,72083,2015-12-07,55
25B2E4AEB159AAB31970E7EA384A72EE,2015,FORD,FOCUS,PASSENGER CAR,FWD,GASOLINE/E85,35700,2015-10-22,12.4
4596EF2A2A1781583C2A80DBF9627143,2016,FORD,E-450 SUPER DUTY,VAN,4X2,GASOLINE/E85,26875,2015-12-15,55
1B27568749795ED2CF48D395848E9DF7,2015,CHEVROLET,SILVERADO,PICKUP TRUCK,RWD,GASOLINE/E85,51811,2015-07-22,26
43B961F69069A3ECB3AD37EBE75A72B5,2015,FORD,E-450 SUPER DUTY,VAN,4X2,GASOLINE,7958,2015-06-06,55
FB9AFE52EA700704B861CC2C76678E9A,2016,FORD,E-450 SUPER DUTY,VAN,4X2,GASOLINE/E85,19198,2016-01-07,55
65869902A0EAC42C6D84F55F704392AA,2016,FORD,E-450 SUPER DUTY,VAN,4X2,GASOLINE/E85,24915,2015-12-03,55
0656E99A29CB918CB1DF956598E5ECE1,2016,FORD,E-450 SUPER DUTY,VAN,4X2,GASOLINE/E85,42991,2015-12-11,55
9D2E45D843A1AF9D346922CB85809333,2016,FORD,E-450 SUPER DUTY,VAN,4X2,GASOLINE/E85,12687,2016-01-06,55
578A89F0415BCE866C9FBEA0041F5345,2016,FORD,E-450 SUPER DUTY,VAN,4X2,GASOLINE/E85,29360,2016-01-28,55
58BEBAE540E139AF3D056F3F48083C20,2013,FORD,F-150,PICKUP TRUCK,RWD,GASOLINE/E85,198639,2013-08-30,26
989730F7F57FAF41EE7A4BB9C69984E3,2013,FORD,F-350,PICKUP TRUCK,RWD,GASOLINE/E85,203773,2013-12-17,35
08D6561B569288961268C91DD84458B1,2013,FORD,F-350,PICKUP TRUCK,RWD,GASOLINE/E85,184148,2013-05-16,35
27FBD28C2B093182440ED9111842FA51,2013,FORD,F-350,PICKUP TRUCK,RWD,GASOLINE/E85,96614,2013-05-09,35
1F74D53180B751F39B9D39C15FBDAE83,2013,FORD,F-350,PICKUP TRUCK,RWD,GASOLINE/E85,117149,2013-05-07,35
221299FEED5DC5A0F443309A5F79420A,2016,FORD,E-450 SUPER DUTY,VAN,4X2,GASOLINE/E85,41862,2016-03-01,55
B5A579DC3FAB4B8E43E1FBC0720EFEAF,2016,FORD,E-450 SUPER DUTY,VAN,4X2,GASOLINE/E85,8792,2016-03-01,55
43DB0C0A5F202D4468069F34AA80331E,2016,FORD,E-450 SUPER DUTY,VAN,4X2,GASOLINE/E85,11248,2016-04-12,55
4B3A57BEC851AD5CEED39DBCB590344A,2016,FORD,E-450 SUPER DUTY,VAN,4X2,GASOLINE/E85,7747,2016-03-14,55
D7F666241DD35114A1B7D2971A138EF9,2016,FORD,E-450 SUPER DUTY,VAN,4X2,GASOLINE/E85,16915,2016-03-24,55
C18219F5DF8F26FDBA1D7B939C9C3A47,2016,FORD,E-450 SUPER DUTY,VAN,4X2,GASOLINE/E85,28571,2016-04-04,55
4EACA74E12FC3690714A70CA5C829E22,2016,FORD,E-450 SUPER DUTY,VAN,4X2,GASOLINE/E85,13232,2016-03-15,55
65A12F4495C22F614FF18B45EA9C90AD,2016,FORD,E-450 SUPER DUTY,VAN,4X2,GASOLINE/E85,8263,2016-04-11,55
CEE7F9D2D59A14FFF474B4F49E6F33AB,2016,FORD,E-450 SUPER DUTY,VAN,4X2,GASOLINE/E85,28879,2016-04-18,55
6A1D12BF7319C9588609D7F03806A149,2016,FORD,E-450 SUPER DUTY,VAN,4X2,GASOLINE/E85,7127,2016-05-16,55
2FA369CF433779C17BD2D1E275F86B17,2016,FORD,E-450 SUPER DUTY,VAN,4X2,GASOLINE/E85,12622,2016-04-20,55
E9007C3C286D31CA1E0A01775893A98B,2013,FORD,F-150,PICKUP TRUCK,RWD,GASOLINE/E85,8954,2013-08-14,26
90EB1C96C58ABC790CDFE10AAFEC111F,2013,FORD,F-150,PICKUP TRUCK,RWD,GASOLINE/E85,154650,2013-07-25,26
6FE6C9AD4D5536BF309B94EF13BCD65E,2013,FORD,F-350,PICKUP TRUCK,RWD,GASOLINE/E85,132743,2013-06-24,35
F5D680F946A6505158147750C7A73F38,2013,FORD,F-350,PICKUP TRUCK,RWD,GASOLINE/E85,95227,2013-06-19,35
63D79D348CDFE59B2CEF02A080A15791,2013,FORD,F-350,PICKUP TRUCK,RWD,GASOLINE/E85,117241,2013-05-29,35
22933017E3507EA96971DAEA49C773A4,2016,FORD,TRANSIT VAN,VAN,RWD,GASOLINE/E85,35770,2016-05-11,25
8A638EF8EC1006AA1C954BF3E05FC791,2016,FORD,TRANSIT VAN,VAN,RWD,GASOLINE/E85,56005,2016-06-27,25
443888D15D56E6E7AC51F0FDDA4DAA60,2016,FORD,TRANSIT VAN,VAN,RWD,GASOLINE/E85,70522,2016-05-11,25
05F4A5980A34615860CC18D725227FA5,2016,FORD,TRANSIT VAN,VAN,RWD,GASOLINE/E85,84890,2016-06-09,25
DE50BC1309AA5DC1330A136109B15F51,2012,FORD,FUSION,PASSENGER CAR,FWD,GASOLINE,138002,2012-04-12,17.5
DAF765947E885B053E1738196B7C6F2D,2013,FORD,F-350,PICKUP TRUCK,RWD,GASOLINE/E85,96796,2013-07-17,35
8B7937DB7875A4CBF162F0B55AFE1A41,2013,FORD,F-350,PICKUP TRUCK,RWD,GASOLINE/E85,104080,2013-09-09,35
00CF9C8071E374664DAC6772F280F88C,2013,FORD,F-350,PICKUP TRUCK,RWD,GASOLINE/E85,152231,2013-07-29,35
4ECFC0DD1A0E269E86375E410576B2B3,2013,FORD,F-150,PICKUP TRUCK,RWD,GASOLINE/E85,128195,2013-08-22,26
6F6BB36DD7DDACF8D0C8412376EE5DD2,2013,FORD,F-350,PICKUP TRUCK,RWD,GASOLINE/E85,150543,2013-06-14,35
B574E24AF21ED9412AF881264E432E5E,2013,FORD,F-350,PICKUP TRUCK,RWD,GASOLINE/E85,92920,2013-06-14,35
1697E9C68E36C0903ED4A7C3C9379F80,2013,FORD,F-350,PICKUP TRUCK,RWD,GASOLINE/E85,178723,2013-10-01,35
891E86066AE13F090CAFDDCF9383E65C,2013,FORD,F-350,PICKUP TRUCK,RWD,GASOLINE/E85,105890,2013-09-11,35
3971F54B78BED5F8141BCE9BAF0A88E4,2015,CHEVROLET,SILVERADO,PICKUP TRUCK,RWD,GASOLINE/E85,89299,2015-12-07,34
99C8EF10F70F2F322D00C8D2EB0056F0,2015,CHEVROLET,SILVERADO,PICKUP TRUCK,RWD,GASOLINE/E85,45063,2015-11-13,34
D9F797D6D8EE875E921D4BEDB3B078AE,2013,FORD,F-150,PICKUP TRUCK,RWD,GASOLINE/E85,94518,2013-06-13,26
865736D7674D3F9B41E6C384C5F2028A,2013,FORD,F-150,PICKUP TRUCK,RWD,GASOLINE/E85,202001,2013-06-18,26
B44EA68D1F1B693683AA1571E439DDF0,2013,FORD,F-150,PICKUP TRUCK,RWD,GASOLINE/E85,121026,2013-06-25,26
9D71B0F75218FD171BEFF2ADFE1D6103,2013,FORD,F-150,PICKUP TRUCK,RWD,GASOLINE/E85,90385,2013-06-27,26
9A22E9124737B6FAC337B3E6D64CD1DE,2013,FORD,F-150,PICKUP TRUCK,RWD,GASOLINE/E85,145050,2013-06-25,26
DD726A4A8EA214C28488604D16BDAC0C,2015,FORD,FOCUS,PASSENGER CAR,FWD,GASOLINE/E85,62782,2015-06-19,12.4
58698FA025483E2E97B8E55892F0211C,2015,FORD,FOCUS,PASSENGER CAR,FWD,GASOLINE/E85,80283,2015-07-28,12.4
1CBA3A5A850F1A35F8D8B41C1EE6C5A8,2015,FORD,FOCUS,PASSENGER CAR,FWD,GASOLINE/E85,58112,2015-07-28,12.4
18A02C8DA7480B59081B923035C95870,2015,FORD,FOCUS,PASSENGER CAR,FWD,GASOLINE/E85,76914,2015-07-28,12.4
E8ACEB8CFF34F530C41642D7177076CA,2015,FORD,FOCUS,PASSENGER CAR,FWD,GASOLINE/E85,61551,2015-07-06,12.4
893768C6F203CEC6763A6793379226DC,2015,FORD,FOCUS,PASSENGER CAR,FWD,GASOLINE/E85,67495,2015-07-28,12.4
8D4802EDACA9409F7D4AB8357164A6B4,2015,FORD,FOCUS,PASSENGER CAR,FWD,GASOLINE/E85,118772,2015-06-26,12.4
44D3A16BFAED0D6AD899EC4D6FBD6329,2015,FORD,FOCUS,PASSENGER CAR,FWD,GASOLINE/E85,84365,2015-06-25,12.4
D2B8BB097DF9258250C651E5A84042BA,2015,FORD,FOCUS,PASSENGER CAR,FWD,GASOLINE/E85,48915,2015-06-25,12.4
C10647D1B7A8824479E74F66509B5A77,2014,FORD,F-150,PICKUP TRUCK,4WD,GASOLINE/E85,193460,2014-11-14,36
34F9D866300ECFFBB92986844B1A2D6D,2014,FORD,F-150,PICKUP TRUCK,RWD,GASOLINE/E85,163500,2014-10-22,26
969A78055D66219CD8BE5D5B8A8AFAE5,2013,FORD,ECONOLINE WAGON,VAN,RWD,GASOLINE/E85,49240,2014-06-23,33
DB4E4DD29E4338874D589ACBA38C9990,2015,CHEVROLET,SILVERADO,PICKUP TRUCK,RWD,GASOLINE/E85,88149,2015-10-12,34
F101DEF5DCAC527178B89CA99DD099C7,2015,CHEVROLET,SILVERADO,PICKUP TRUCK,RWD,GASOLINE/E85,45460,2015-07-30,34
BC8D9BA0C11DDDDDBA3E319187C04045,2014,FORD,F-150,PICKUP TRUCK,RWD,GASOLINE/E85,69500,2015-01-13,26
94A1FE7AEBFFDCFFC73BA6DFF9192CA7,2014,CHEVROLET,SILVERADO,PICKUP TRUCK,4WD,GASOLINE/E85,113959,2015-02-11,34
05001D41E8764BCDA634F44E62685D8E,2015,CHEVROLET,SILVERADO,PICKUP TRUCK,RWD,GASOLINE/E85,98073,2015-05-07,34
0940917A3E02B3B49C38758839DDB022,2015,CHEVROLET,SILVERADO,PICKUP TRUCK,RWD,GASOLINE/E85,112282,2015-04-16,34
9DCD8D64555A7ED2D486AC62477E50F4,2015,CHEVROLET,SILVERADO,PICKUP TRUCK,RWD,GASOLINE/E85,41491,2015-06-10,34
A2D422106C5052B0807E6E9C0AB192AE,2015,CHEVROLET,SILVERADO,PICKUP TRUCK,RWD,GASOLINE/E85,95499,2015-07-14,34
B701F2BC2C15510960797FC873D4B87E,2014,FORD,F-150,PICKUP TRUCK,RWD,GASOLINE/E85,100785,2014-11-14,26
3EF587B1F7CD9B79CE9DB4C509D66D6E,2014,FORD,F-150,PICKUP TRUCK,RWD,GASOLINE/E85,88958,2014-11-01,26
634310D725149153395B71E999C7AB4A,2014,FORD,F-150,PICKUP TRUCK,RWD,GASOLINE/E85,30951,2014-11-24,26
9774307D401B80B30C2E2F510B89E0F9,2015,FORD,ECONOLINE,VAN,RWD,GASOLINE/E85,28342,2015-01-16,40
F9E645DB6918E987400A4991DB4C82CB,2014,FORD,F-350,PICKUP TRUCK,RWD,GASOLINE/E85,100670,2014-01-29,35
6134C1D5056B36C91F47B5C9E8D99E62,2014,FORD,F-350,PICKUP TRUCK,RWD,GASOLINE/E85,77413,2014-09-24,35
D03E55DB5DBF23BEA6A6BA4B3851B100,2014,FORD,F-350,PICKUP TRUCK,RWD,GASOLINE/E85,176459,2014-09-12,35
59F4B3762AAE73E9CF26DF061881D4FD,2014,FORD,F-350,PICKUP TRUCK,RWD,GASOLINE/E85,105848,2014-09-29,35
21F56386365239D5DB171873B0EEB7A0,2014,FORD,F-150,PICKUP TRUCK,RWD,GASOLINE/E85,106604,2014-06-23,26
2A768A2A10BE9BCD686F2DF80F072381,2014,FORD,F-150,PICKUP TRUCK,RWD,GASOLINE/E85,97356,2014-05-15,26
6C43176F5740F938697F1EE61C42135F,2014,FORD,F-350,PICKUP TRUCK,RWD,GASOLINE/E85,126184,2014-07-01,35
F5CE4FBCA569C2B13D17E2E0CC5FA762,2015,FORD,FOCUS,PASSENGER CAR,FWD,GASOLINE/E85,68677,2015-07-09,12.4
56D613FCAB56B444681E91F2ABF6D962,2015,FORD,FOCUS,PASSENGER CAR,FWD,GASOLINE/E85,54315,2015-07-22,12.4
C6DDAAE7CD80F5A5DDF1CAA1B27527BD,2015,FORD,FOCUS,PASSENGER CAR,FWD,GASOLINE/E85,56975,2015-07-09,12.4
3061A0784F51335D8DA1A1641ACA9DD4,2015,FORD,FOCUS,PASSENGER CAR,FWD,GASOLINE/E85,68987,2015-07-09,12.4
11C9A2C617D0A3F4B2F1D1C8540EFA96,2015,FORD,FOCUS,PASSENGER CAR,FWD,GASOLINE/E85,93839,2015-07-23,12.4
5D2B94252893428605F583CAF78D3261,2015,FORD,FOCUS,PASSENGER CAR,FWD,GASOLINE/E85,58486,2015-07-23,12.4
409094F850B96D10CD36517829F2127E,2015,CHEVROLET,SILVERADO,PICKUP TRUCK,RWD,GASOLINE/E85,69323,2015-08-06,34
0A4A27C31D64E8ECDE9E46288CB74670,2013,FORD,F-350,PICKUP TRUCK,RWD,GASOLINE/E85,83968,2013-12-27,35
1520EE91464BD7B4C062C5AC2C25A147,2013,FORD,TRANSIT CONNECT,VAN,FWD,GASOLINE,113680,2014-01-07,15.4
4FC7253213FB5BD7EF2E7C871F46FFFB,2013,FORD,TRANSIT CONNECT,VAN,FWD,GASOLINE,89213,2013-12-16,15.4
46059A3602FDCC55FA6336AE228CAF02,2013,FORD,F-150,PICKUP TRUCK,RWD,GASOLINE/E85,117210,2013-12-31,26
6E99C69EA44A2118FA1014C825434F96,2013,FORD,F-150,PICKUP TRUCK,RWD,GASOLINE/E85,97563,2013-12-31,26
C3B1E4763A266E24B924E6BA08F8B287,2013,FORD,F-150,PICKUP TRUCK,RWD,GASOLINE/E85,172208,2014-01-20,26
6FC3160AEC6041860714135C2848E7E2,2013,FORD,F-150,PICKUP TRUCK,RWD,GASOLINE/E85,181604,2013-03-25,26
FD13F542FC16A0D7DC5BA2B9C6B7FF34,2013,FORD,F-150,PICKUP TRUCK,RWD,GASOLINE/E85,146667,2013-03-25,26
5BCA4BC6F66F2D5A626FA7D173860223,2013,FORD,F-150,PICKUP TRUCK,RWD,GASOLINE/E85,125987,2013-12-31,26
3CA6FE3C2EA002A0AC18DD4D0FBA11CD,2013,FORD,F-150,PICKUP TRUCK,RWD,GASOLINE/E85,180084,2013-03-25,26
F43CFDB314C6DFB481510F0936EE340B,2013,FORD,F-150,PICKUP TRUCK,RWD,GASOLINE/E85,132402,2014-02-04,26
5C7CF612062CB7DD1B7A47076ACC804B,2013,FORD,F-150,PICKUP TRUCK,RWD,GASOLINE/E85,127585,2014-01-22,26
13CE55EEEA825546C4F476A2F7C0DBE4,2013,FORD,F-150,PICKUP TRUCK,RWD,GASOLINE/E85,150639,2014-04-03,26
3C2A308CAFA9E2B51AFB0799302E0B5A,2013,FORD,F-150,PICKUP TRUCK,RWD,GASOLINE/E85,130361,2013-08-16,26
0BE40A8F4E35FC0A1B12CF2B7DA68A05,2013,FORD,F-150,PICKUP TRUCK,RWD,GASOLINE/E85,89782,2013-11-06,26
AE66612B6CE4FE212132EA5F09D362D3,2013,FORD,F-150,PICKUP TRUCK,RWD,GASOLINE/E85,67058,2013-09-20,26
CBEEB766160B02CF16E62426E522233F,2016,FORD,E-450 SUPER DUTY,VAN,4X2,GASOLINE/E85,20788,2016-01-14,55
4A12893FD59BF5E97D68C14C0F6A259D,2016,FORD,E-450 SUPER DUTY,VAN,4X2,GASOLINE/E85,20017,2016-01-21,55
8AC552E4460A0EB442E7FC16614EE117,2016,FORD,E-450 SUPER DUTY,VAN,4X2,GASOLINE/E85,14325,2016-01-26,55
40E084B994E6B759BD926F521103525E,2016,FORD,E-450 SUPER DUTY,VAN,4X2,GASOLINE/E85,14304,2016-02-29,55
E8B12DF65D942A0CB859F47E7C5D832C,2007,FORD,F-550,TRUCK,4X4; DUAL REAR WHEELS,DIESEL,145897,2015-03-31,40
073C80DF289B8DB6D4349EEB88227BE2,2013,FORD,F-150,PICKUP TRUCK,RWD,GASOLINE/E85,161930,2013-09-20,26
8CE27152111F5D2FF46092CC632D3FCB,2013,FORD,F-150,PICKUP TRUCK,RWD,GASOLINE/E85,82556,2013-09-09,26
B2C0D3ACD63C5979E502685FE521E0ED,2013,FORD,F-350,PICKUP TRUCK,RWD,GASOLINE/E85,119071,2013-05-16,35
49A83C05D7A32357BA8C5F180F4EE966,2013,FORD,F-150,PICKUP TRUCK,RWD,GASOLINE/E85,82822,2013-08-16,26
6D79E0ADF594BAF70DC6B3160E0E0D4D,2013,FORD,F-150,PICKUP TRUCK,RWD,GASOLINE/E85,117007,2013-08-22,26
10169E1C31B0D6BC2CB5E75B750C8887,2013,FORD,F-350,PICKUP TRUCK,RWD,GASOLINE/E85,145868,2013-06-25,35
1954DA97171BDEF81D5BAD64A39DA235,2013,FORD,F-350,PICKUP TRUCK,RWD,GASOLINE/E85,105722,2013-06-24,35
686E4D32744B3A8524FEBD44C64B06DA,2013,FORD,F-150,PICKUP TRUCK,RWD,GASOLINE/E85,155925,2013-08-23,26
7309F58E98074212458C40C0DBAE4D4C,2013,FORD,F-350,PICKUP TRUCK,RWD,GASOLINE/E85,119680,2013-07-22,35
4C1C262669579ECF62DA79F14E5D6B12,2013,FORD,F-350,PICKUP TRUCK,RWD,GASOLINE/E85,160416,2013-07-11,35
2C0E4DF2265561DB51BF51249FA79728,2013,FORD,F-350,PICKUP TRUCK,RWD,GASOLINE/E85,114128,2013-07-11,35
F886820A288BD3056028283846CC357D,2013,FORD,FUSION,PASSENGER CAR,FWD,GASOLINE,89721,2013-03-29,16.5
101AF57B08CB8C9A2EDE96F252E56713,2013,FORD,FUSION,PASSENGER CAR,FWD,GASOLINE,64357,2012-10-10,16.5
1FA0A649B0184234BDA760E52BB5216B,2013,FORD,FUSION,PASSENGER CAR,FWD,GASOLINE,194900,2012-11-02,16.5
FD076F5D5527529B68CF517B2A98DB72,2013,FORD,F-150,PICKUP TRUCK,RWD,GASOLINE/E85,60938,2013-08-23,26
F429B61735C3D3D2D94A708DF0E47B97,2013,FORD,F-150,PICKUP TRUCK,RWD,GASOLINE/E85,172509,2013-12-31,26
1C2CD93D436A0BD656F55E0B8BDF1E83,2013,FORD,F-150,PICKUP TRUCK,RWD,GASOLINE/E85,89495,2013-12-18,26
B1D924D34783B21D29A62C7F0A28E7AB,2013,FORD,F-150,PICKUP TRUCK,RWD,GASOLINE/E85,123993,2014-01-06,26
2D4D377A0EE14DB411A2D011B16D112F,2013,FORD,F-150,PICKUP TRUCK,RWD,GASOLINE/E85,148067,2014-01-06,26
CDE29D198F9F7DA3C2910B0169F3F1DD,2013,FORD,F-150,PICKUP TRUCK,RWD,GASOLINE/E85,50118,2013-12-16,26
B7A492F1841CF7E9855B9C4A68258BDB,2013,FORD,F-150,PICKUP TRUCK,RWD,GASOLINE/E85,121870,2013-07-18,26
2954E9E79146A124A50A8ADEFA2E9DDB,2013,FORD,F-150,PICKUP TRUCK,RWD,GASOLINE/E85,208598,2013-07-24,26
C002C6D65168B423261FCB474CAFD356,2013,FORD,F-150,PICKUP TRUCK,RWD,GASOLINE/E85,95172,2013-07-26,26
AACBB4F285D43CA85E44BC996CFB1ECC,2013,FORD,F-150,PICKUP TRUCK,RWD,GASOLINE/E85,135828,2013-08-14,26
1AEC5C7C7F397325C9121FDAA4B12C71,2013,FORD,F-150,PICKUP TRUCK,RWD,GASOLINE/E85,121428,2013-07-26,26
8F9A3A7EEFA9BE5BF2092BE86B2AF2BF,2013,FORD,F-150,PICKUP TRUCK,RWD,GASOLINE/E85,96647,2013-08-09,26
B991E488A1EC450997B6B26C2CE17968,2013,FORD,F-150,PICKUP TRUCK,RWD,GASOLINE/E85,220090,2013-08-13,26
F1C10A48BA06D056D58D4DF03F79EDED,2015,CHEVROLET,SILVERADO,PICKUP TRUCK,RWD,GASOLINE/E85,89033,2015-09-08,34
48E9A78B5C13987A659EF5642FC6B48E,2015,CHEVROLET,SILVERADO,PICKUP TRUCK,RWD,GASOLINE/E85,81135,2015-08-19,34
E23DF03F7A36431753707433A9271717,2015,CHEVROLET,SILVERADO,PICKUP TRUCK,RWD,GASOLINE/E85,118028,2015-08-28,34
088828D145905AD58868C380D361E028,2015,CHEVROLET,SILVERADO,PICKUP TRUCK,RWD,GASOLINE/E85,149054,2015-09-30,34
D7DC67B9F5291E04B74FC71D89607A90,2015,CHEVROLET,SILVERADO,PICKUP TRUCK,RWD,GASOLINE/E85,53372,2016-01-05,34
9CD5E083ED08B14E38215A8BE01A6E3F,2015,CHEVROLET,SILVERADO,PICKUP TRUCK,RWD,GASOLINE/E85,154496,2015-09-10,34
773044BE3B5676C1AFA961370B727EDC,2015,CHEVROLET,SILVERADO,PICKUP TRUCK,RWD,GASOLINE/E85,78177,2015-08-13,34
8F0EA82BE60DC6E53AFF93A4D83AF813,2015,CHEVROLET,SILVERADO,PICKUP TRUCK,RWD,GASOLINE/E85,126151,2015-09-21,34
67830120F0363D5CBD15BDA22BD5C711,2015,CHEVROLET,SILVERADO,PICKUP TRUCK,RWD,GASOLINE/E85,58867,2015-08-24,34
C5996A78C9423C8D0F342F81C8440E04,2015,CHEVROLET,SILVERADO,PICKUP TRUCK,RWD,GASOLINE/E85,85960,2015-11-04,34
E96D98469A49620489A45F648CAA7448,2014,CHEVROLET,SILVERADO,PICKUP TRUCK,4WD,GASOLINE/E85,91335,2015-02-11,34
73465F64920801A040C53510216C7C90,2014,FORD,F-150,PICKUP TRUCK,RWD,GASOLINE/E85,143600,2014-11-07,26
82D6033B6F1675A5579B4C6893E2A993,2014,FORD,F-150,PICKUP TRUCK,RWD,GASOLINE/E85,129133,2014-10-31,26
DF3D9F510ECD0B08E5ACD6B40FBBC361,2015,CHEVROLET,SILVERADO,PICKUP TRUCK,RWD,GASOLINE/E85,37447,2015-07-09,34
D6F2A4779D5452B1140085ECCEB94076,2015,CHEVROLET,SILVERADO,PICKUP TRUCK,RWD,GASOLINE/E85,107997,2015-07-17,34
DA3CA62F273C8882323863F562F16D31,2014,FORD,F-150,PICKUP TRUCK,RWD,GASOLINE/E85,90250,2014-11-10,36
23DAD50527DF90C86EEC34F51B8F4480,2015,CHEVROLET,SILVERADO,PICKUP TRUCK,RWD,GASOLINE/E85,87263,2015-08-06,34
9FE11111868F8F5AA1D03879CD819A14,2015,FORD,ECONOLINE,VAN,RWD,GASOLINE/E85,36259,2015-01-16,40
29092D76DF9AED89F954CB3415D05409,2015,FORD,ECONOLINE,VAN,RWD,GASOLINE/E85,25124,2015-01-16,40
058EAA46BAD16C75E8F8B43C5B32FB51,2015,CHEVROLET,SILVERADO,PICKUP TRUCK,RWD,GASOLINE/E85,75271,2015-07-31,34
CF44EA316DD7F9AA36DCE0C421D0839D,2015,CHEVROLET,SILVERADO,PICKUP TRUCK,RWD,GASOLINE/E85,52052,2015-06-23,34
665FDD7132EC794599594900A465DF66,2015,CHEVROLET,SILVERADO,PICKUP TRUCK,RWD,GASOLINE/E85,83240,2015-07-09,34
230F50C561A816931EC7C2F8041237E4,2015,CHEVROLET,SILVERADO,PICKUP TRUCK,RWD,GASOLINE/E85,75095,2015-07-01,34
54BC03F9AAA3EE853B77581C70491F16,2015,CHEVROLET,SILVERADO,PICKUP TRUCK,RWD,GASOLINE/E85,66920,2015-08-06,34
25370F6A14520630C3906830C5473855,2015,CHEVROLET,SILVERADO,PICKUP TRUCK,RWD,GASOLINE/E85,119450,2015-08-11,34
028411CC065CF1DCA566CC2CAFC63C72,2014,FORD,F-150,PICKUP TRUCK,RWD,GASOLINE/E85,73922,2014-06-18,26
0AC8F0B2F4B3D0E9902F14902EA2DB9E,2014,FORD,F-150,PICKUP TRUCK,RWD,GASOLINE/E85,100660,2014-06-05,26
D0FF3828D464F5C78C0D6CC3C127DE5D,2014,FORD,F-150,PICKUP TRUCK,RWD,GASOLINE/E85,56109,2014-06-06,26
F857916A6E040B974A409D5AF46A5A81,2014,FORD,F-150,PICKUP TRUCK,RWD,GASOLINE/E85,95124,2014-08-06,26
F13EEFC7935F22402CAE8ECD427858B0,2014,FORD,F-150,PICKUP TRUCK,RWD,GASOLINE/E85,168099,2014-05-22,26
4CA46C5BFAA853A77BF7A56B5C0E04AC,2014,FORD,F-150,PICKUP TRUCK,RWD,GASOLINE/E85,176833,2014-07-01,26
8CF4FCF13D97838F74BBE1646826B61A,2015,CHEVROLET,SILVERADO,PICKUP TRUCK,4WD,GASOLINE/E85,105616,2015-06-24,26
4038EB95E91EA69B3F0D711F09F09327,2015,CHEVROLET,SILVERADO,PICKUP TRUCK,RWD,GASOLINE/E85,81676,2015-08-20,34
ADDC63F9633E26C0C76C7A2D5611BDA9,2015,CHEVROLET,SILVERADO,PICKUP TRUCK,RWD,GASOLINE/E85,98373,2015-08-20,34
F1C65F34C137FC91DC907F09595ECE12,2015,CHEVROLET,SILVERADO,PICKUP TRUCK,RWD,GASOLINE/E85,114167,2015-08-20,34
DDFBE121E7A13B0662EFC32370251366,2015,CHEVROLET,SILVERADO,PICKUP TRUCK,RWD,GASOLINE/E85,49105,2015-10-09,34
A8072570CBFE987DF90E620193011A53,2015,CHEVROLET,SILVERADO,PICKUP TRUCK,RWD,GASOLINE/E85,73595,2015-09-08,34
00CD6BA5A6F7C9BDE3502F548F92D462,2015,CHEVROLET,SILVERADO,PICKUP TRUCK,RWD,GASOLINE/E85,58707,2015-08-06,34
C306FADD42DE4ACD36CAA05B224383C4,2015,CHEVROLET,SILVERADO,PICKUP TRUCK,RWD,GASOLINE/E85,51217,2015-10-30,34
5E8786AAAA5A88D0EFC0CCDB29418E58,2013,FORD,F-150,PICKUP TRUCK,RWD,GASOLINE/E85,85013,2013-12-31,26
318A74957D473DF99CCEB9F91182F216,2013,FORD,F-150,PICKUP TRUCK,RWD,GASOLINE/E85,136312,2013-12-18,26
F7223B587193DACD451D283AB1223BBC,2013,FORD,F-150,PICKUP TRUCK,RWD,GASOLINE/E85,121625,2014-01-31,26
A2DD035F0E1C369CD6DB4C3218FBF1F9,2014,FORD,F-150,PICKUP TRUCK,RWD,GASOLINE/E85,135788,2014-07-28,26
10B9DDF8DFE3053D68DDA0EE3022E1C6,2014,FORD,F-150,PICKUP TRUCK,RWD,GASOLINE/E85,79160,2014-04-17,26
F2672EC43456E09191697599E4467EC6,2014,FORD,F-150,PICKUP TRUCK,RWD,GASOLINE/E85,90185,2014-05-01,26
AB75A1F2B1F0B6CB14B2DFA591A2A62B,2014,FORD,F-150,PICKUP TRUCK,RWD,GASOLINE/E85,81581,2014-04-09,26
6F18CB703F571D0EA32036214F9F29B2,2014,FORD,F-150,PICKUP TRUCK,RWD,GASOLINE/E85,157888,2014-05-15,26
E2DC5B73BA6EC778150D006A621F483A,2013,FORD,F-150,PICKUP TRUCK,RWD,GASOLINE/E85,7638,2014-04-11,26
CBDB17A17DE25F233DFD71510E70DCD5,2013,FORD,F-150,PICKUP TRUCK,RWD,GASOLINE/E85,135173,2014-01-09,26
6BF04790E05AF034591B3A86A4F852A5,2013,FORD,F-150,PICKUP TRUCK,RWD,GASOLINE/E85,85099,2014-01-28,26
B29DFF062C05881CB89D26454335AEED,2014,FORD,F-150,PICKUP TRUCK,RWD,GASOLINE/E85,99999,2014-04-25,26
34D8EA63AFCF7A6C7E20710E3E58E477,2013,FORD,F-150,PICKUP TRUCK,RWD,GASOLINE/E85,82995,2013-08-01,26
E0860E0FBFDE5F602AA1429927DF7087,2013,FORD,F-150,PICKUP TRUCK,RWD,GASOLINE/E85,151342,2013-07-17,26
C9B79F484D519843A471A9950ED18EFB,2013,FORD,F-150,PICKUP TRUCK,RWD,GASOLINE/E85,152962,2013-08-07,26
9237E2473F47037FFA5B97E93EBC4B1D,2013,FORD,F-150,PICKUP TRUCK,RWD,GASOLINE/E85,146549,2013-08-13,26
BAD6A73E5BBE8B70027A22E2FE14D207,2013,FORD,F-150,PICKUP TRUCK,RWD,GASOLINE/E85,109280,2013-07-29,26
5AD253FC2900A346A6F0EDFCA91860CB,2013,FORD,F-150,PICKUP TRUCK,RWD,GASOLINE/E85,81458,2014-05-02,26
1977DBF4A1B989071BD3199C4D4F2235,2013,FORD,F-150,PICKUP TRUCK,RWD,GASOLINE/E85,107031,2014-06-16,26
C8016193261EC11536E0435AD396B65D,2013,FORD,F-150,PICKUP TRUCK,RWD,GASOLINE/E85,175732,2013-08-16,26
434B822CFF2428308907C898FA37422A,2013,FORD,F-150,PICKUP TRUCK,RWD,GASOLINE/E85,144161,2013-08-21,26
FE556E6EAD11BD2D717130A991478EDF,2013,FORD,F-150,PICKUP TRUCK,RWD,GASOLINE/E85,207424,2013-08-14,26
980E956096B9FA79A3629582D371FFE6,2013,FORD,F-150,PICKUP TRUCK,RWD,GASOLINE/E85,126003,2013-09-06,26
C16B3F7D2C5FD03879C1447628B2AC82,2013,FORD,F-150,PICKUP TRUCK,RWD,GASOLINE/E85,58363,2013-07-23,26
2E360711908793CB8C764628154DBCD9,2013,FORD,F-150,PICKUP TRUCK,RWD,GASOLINE/E85,130763,2013-07-11,26
4A5ECB044D7F760B91E37E441E475EAE,2013,FORD,F-150,PICKUP TRUCK,RWD,GASOLINE/E85,122969,2013-10-24,26
EC171EE22EC415CE8565CB0A37435FF7,2013,FORD,F-150,PICKUP TRUCK,RWD,GASOLINE/E85,185071,2013-08-15,26
A9EA4D45464F927F0E93AD9325F1962A,2013,FORD,F-150,PICKUP TRUCK,RWD,GASOLINE/E85,144648,2013-08-19,26
7589DFFEC89F4CD772FC11EF83B17EE7,2013,FORD,F-150,PICKUP TRUCK,RWD,GASOLINE/E85,158567,2013-08-16,26
E156102014859D123E675D574CA337EC,2013,FORD,F-150,PICKUP TRUCK,RWD,GASOLINE/E85,116582,2013-10-17,26
A279DA42FEFC8DC51772D750D0B6C093,2013,FORD,F-150,PICKUP TRUCK,RWD,GASOLINE/E85,92631,2013-09-16,26
6B96144F7D29E2CF0C5CB90CC527C7B5,2013,FORD,F-150,PICKUP TRUCK,RWD,GASOLINE/E85,99508,2013-09-18,26
73241C3064105BC38AA008E4C7593B27,2013,FORD,F-150,PICKUP TRUCK,RWD,GASOLINE/E85,120905,2013-09-06,26
AA46935EB78D500712557C79431B4869,2013,FORD,F-150,PICKUP TRUCK,RWD,GASOLINE/E85,90174,2013-09-23,26
265EE9F326966FC9E3F828E38175E0A0,2013,FORD,F-150,PICKUP TRUCK,RWD,GASOLINE/E85,95699,2013-09-11,26
F299E0D74F5A9613B018A0153C952D4D,2013,FORD,F-150,PICKUP TRUCK,RWD,GASOLINE/E85,81667,2013-09-11,26
66CE51896B5F2DB07EBF3D64245E1F83,2013,FORD,F-150,PICKUP TRUCK,RWD,GASOLINE/E85,82800,2013-10-23,26
C97F28DDBF4BC18B9AABD36945489587,2013,FORD,F-350,PICKUP TRUCK,RWD,GASOLINE/E85,92106,2013-07-24,35
9D43DC9AF10FF52F11945DC3463D1FE2,2013,FORD,F-350,PICKUP TRUCK,RWD,GASOLINE/E85,149991,2013-06-21,35
864AECB6AD57FED51A5A538123E312E6,2013,FORD,F-350,PICKUP TRUCK,RWD,GASOLINE/E85,138954,2013-08-19,35
BA5633D2E60521EB831793F6052FF4A5,2013,FORD,F-350,PICKUP TRUCK,RWD,GASOLINE/E85,153430,2013-08-26,35
01AF405E47663170FE0FF93993E56A2F,2013,FORD,F-350,PICKUP TRUCK,RWD,GASOLINE/E85,142201,2013-06-12,35
AE2E3BEE5BB7DD6EE20BD8EEBC1F71F5,2013,FORD,F-350,PICKUP TRUCK,RWD,GASOLINE/E85,103831,2013-06-25,35
C911C5C1E0029C84ADBD1DF4F58DE6FF,2013,FORD,F-350,PICKUP TRUCK,RWD,GASOLINE/E85,114250,2013-09-05,35
93BAD4C384764B6CEA26372E640C77F4,2015,CHEVROLET,SILVERADO,PICKUP TRUCK,RWD,GASOLINE/E85,98758,2015-11-16,34
137708656A4D50D03E9B15A7E07550EC,2015,CHEVROLET,SILVERADO,PICKUP TRUCK,RWD,GASOLINE/E85,96185,2015-11-18,34
069F0FCFBBADD28E1B825462530674F5,2015,CHEVROLET,SILVERADO,PICKUP TRUCK,RWD,GASOLINE/E85,67181,2015-12-17,34
BBA0A64461E1046E793C783BDD8C626C,2015,CHEVROLET,SILVERADO,PICKUP TRUCK,RWD,GASOLINE/E85,52401,2016-02-04,34
5D39F8BB963B224DB51E0DD2834DD22F,2015,CHEVROLET,SILVERADO,PICKUP TRUCK,RWD,GASOLINE/E85,29112,2016-02-12,34
17420766DD11CE3CD04FFDF2E42DF80E,2015,CHEVROLET,SILVERADO,PICKUP TRUCK,RWD,GASOLINE/E85,35223,2015-10-22,34
409C5DB27E83F550046962402DA9E2F9,2015,CHEVROLET,SILVERADO,PICKUP TRUCK,RWD,GASOLINE/E85,29767,2016-01-29,34
EF62B8855A43E86EBED4DF3C567C0491,2015,CHEVROLET,SILVERADO,PICKUP TRUCK,RWD,GASOLINE/E85,66266,2015-12-28,34
60AE3789510DEDDB6BE67C61F31C215F,2015,CHEVROLET,SILVERADO,PICKUP TRUCK,RWD,GASOLINE/E85,69720,2016-02-01,34
4BA80D8434FF456265AA4C5BD24ECFAA,2015,CHEVROLET,SILVERADO,PICKUP TRUCK,RWD,GASOLINE/E85,68387,2016-02-01,34
8583E4A3CE9BA4955DC5CD469FD5955E,2015,CHEVROLET,SILVERADO,PICKUP TRUCK,RWD,GASOLINE/E85,75793,2015-07-02,34
746DF8BB31483EDAFCE1100C76188299,2015,CHEVROLET,SILVERADO,PICKUP TRUCK,RWD,GASOLINE/E85,51658,2015-08-20,34
04EB03BA606B8F672AC61063B1C6AB04,2015,CHEVROLET,SILVERADO,PICKUP TRUCK,RWD,GASOLINE/E85,56734,2015-08-14,34
A1737C709998D52CA916CCFB3A0E7230,2015,CHEVROLET,SILVERADO,PICKUP TRUCK,RWD,GASOLINE/E85,62321,2015-07-02,34
9E4739629E2F4381F150C30C16D30039,2015,FORD,FOCUS,PASSENGER CAR,FWD,GASOLINE/E85,45195,2015-08-10,12.4
9309FE939E90A1BE59E313B7E70561BA,2015,CHEVROLET,SILVERADO,PICKUP TRUCK,RWD,GASOLINE/E85,44815,2015-07-31,34
B1FA931A15BCEE270D886AAF66BA7D07,2015,FORD,FOCUS,PASSENGER CAR,FWD,GASOLINE/E85,52223,2015-08-05,12.4
0768DFD9E890C3E2C7CBD7DD6224B60D,2015,FORD,FOCUS,PASSENGER CAR,FWD,GASOLINE/E85,37312,2015-08-10,12.4
CFC9D5A93539E6E0FE2F1ABB1D2ECB86,2015,FORD,FOCUS,PASSENGER CAR,FWD,GASOLINE/E85,76814,2015-08-13,12.4
6A19BB49076804CF0B36D56D2DDF62A9,2015,CHEVROLET,SILVERADO,PICKUP TRUCK,RWD,GASOLINE/E85,66723,2015-08-10,34
793902849F5D58A1551E714F3BBB52D6,2015,CHEVROLET,SILVERADO,PICKUP TRUCK,RWD,GASOLINE/E85,113464,2015-08-05,34
4B70C794F548FC246D9FA7E3FB3B2A2C,2015,FORD,FOCUS,PASSENGER CAR,FWD,GASOLINE/E85,68247,2015-08-13,12.4
F20F0578A70BB73FD601DBC1BF66E887,2015,FORD,FOCUS,PASSENGER CAR,FWD,GASOLINE/E85,47483,2015-08-13,12.4
06575D5D9BC0DF84BF26749A51347832,2015,FORD,FOCUS,PASSENGER CAR,FWD,GASOLINE/E85,92110,2015-08-11,12.4
A6750980D5956656608C77059FEBFD71,2015,FORD,FOCUS,PASSENGER CAR,FWD,GASOLINE/E85,28700,2015-08-13,12.4
51BBC19214907929B41C48AA208D14C4,2015,FORD,FOCUS,PASSENGER CAR,FWD,GASOLINE/E85,112591,2015-08-11,12.4
1A6BF6AB7AD085A4EBB6131169184A97,2013,FORD,F-150,PICKUP TRUCK,RWD,GASOLINE/E85,130603,2013-06-05,26
ED93114B104870E378DF9F0626C480A0,2014,FORD,F-150,PICKUP TRUCK,RWD,GASOLINE/E85,116364,2014-06-06,26
355E316173AC76409F4783F109DBD04C,2014,FORD,F-150,PICKUP TRUCK,RWD,GASOLINE/E85,66431,2014-07-23,26
3A4D7BBAE374597A9B13DBD799B7C6E2,2014,FORD,F-150,PICKUP TRUCK,RWD,GASOLINE/E85,167877,2014-07-24,26
EB4013D68B2420FBC2718A33114748C4,2014,FORD,F-150,PICKUP TRUCK,RWD,GASOLINE/E85,65927,2014-07-23,26
B3E88332F53D9CD24CE942780E2F377B,2014,FORD,F-150,PICKUP TRUCK,RWD,GASOLINE/E85,96461,2014-06-05,26
75B689A0690F3766A6764F9E70E1B0D6,2014,FORD,F-150,PICKUP TRUCK,RWD,GASOLINE/E85,111875,2014-06-11,26
76A430D5178DEAD503E7103B91EDB7EF,2014,FORD,F-150,PICKUP TRUCK,RWD,GASOLINE/E85,124700,2014-06-12,26
3B536CD612BD4CCFE286CF517221F376,2015,CHEVROLET,SILVERADO,PICKUP TRUCK,RWD,GASOLINE/E85,69130,2015-10-20,34
9E820D9C0792C866BC4A99AF7102410F,2015,CHEVROLET,SILVERADO,PICKUP TRUCK,RWD,GASOLINE/E85,95567,2015-09-02,34
4DC3AF1AFAD5E06526A2904A8BB0C43B,2015,CHEVROLET,SILVERADO,PICKUP TRUCK,RWD,GASOLINE/E85,68821,2015-10-26,34
5EA9743DC6307F003D31F9988588C989,2015,CHEVROLET,SILVERADO,PICKUP TRUCK,RWD,GASOLINE/E85,108581,2015-10-28,34
6692A9E5F05B52DF42C50091D55E8CE3,2015,CHEVROLET,SILVERADO,PICKUP TRUCK,RWD,GASOLINE/E85,123925,2015-09-17,34
6DB13C258C0657D543E7CF2D3DB088C6,2015,CHEVROLET,SILVERADO,PICKUP TRUCK,RWD,GASOLINE/E85,99351,2015-10-06,34
65E2AB0536731BC98EFA7DE83804F360,2014,FORD,F-150,PICKUP TRUCK,RWD,GASOLINE/E85,131507,2014-04-10,26
322E260246B08019EFBA8B7638149DF3,2014,FORD,F-150,PICKUP TRUCK,RWD,GASOLINE/E85,82090,2014-06-16,26
AED18F8167F1FE5F106FBFC0FF6DE5D6,2014,FORD,F-150,PICKUP TRUCK,RWD,GASOLINE/E85,84415,2014-08-20,26
F494E04138B1FDE8BB25D2E5CC38C40C,2014,FORD,F-150,PICKUP TRUCK,RWD,GASOLINE/E85,118491,2014-08-04,26
93F33FC03E641F3DE116423C82596CDA,2014,FORD,F-150,PICKUP TRUCK,RWD,GASOLINE/E85,110684,2014-04-17,26
17C763A72416E2D53681952A42A75F45,2014,FORD,F-150,PICKUP TRUCK,RWD,GASOLINE/E85,186874,2014-04-16,26
DEA8BA1F991654ACD539372FB489F949,2014,FORD,F-150,PICKUP TRUCK,RWD,GASOLINE/E85,83826,2014-06-04,26
A1E10FEE87D2C5922796537C9D91DE62,2014,FORD,F-150,PICKUP TRUCK,RWD,GASOLINE/E85,217044,2014-04-09,26
5A95ACB44AE03A598DE74039B7ADA10E,2014,FORD,F-150,PICKUP TRUCK,RWD,GASOLINE/E85,119383,2014-06-11,26
BEA7B86BE33AB05711D3EE10E8504288,2014,FORD,F-150,PICKUP TRUCK,RWD,GASOLINE/E85,111919,2014-09-10,26
4C87C5970AAEDC8C84A96172E79B1806,2014,FORD,F-150,PICKUP TRUCK,RWD,GASOLINE/E85,89834,2014-08-22,26
4EAD22FC79CF5150584209C8EFA2C737,2013,FORD,F-150,PICKUP TRUCK,RWD,GASOLINE/E85,91609,2013-12-31,26
A2FAA4523DAF3CAC83352D646B926592,2013,FORD,F-150,PICKUP TRUCK,RWD,GASOLINE/E85,124317,2014-06-16,26
F474A2008E9D31A50F66DF3E5F23B9CB,2013,FORD,F-150,PICKUP TRUCK,RWD,GASOLINE/E85,133375,2014-01-07,26
0BBFE102E5EA00A94943E84DE80D42B8,2013,FORD,F-150,PICKUP TRUCK,RWD,GASOLINE/E85,97085,2014-01-07,26
6461742F6B21BF306C48F1B9511E6AAB,2014,FORD,F-150,PICKUP TRUCK,RWD,GASOLINE/E85,168985,2014-04-17,26
635B1D524DAA6D766E8AD4690AC10D76,2014,FORD,F-150,PICKUP TRUCK,RWD,GASOLINE/E85,135431,2014-06-19,26
CA22D8FFFFB85283B692FDA60BC0CE0A,2013,FORD,F-150,PICKUP TRUCK,RWD,GASOLINE/E85,142325,2013-09-03,26
B4B4B04C943CCDFC517E102E008D0B9D,2013,FORD,F-150,PICKUP TRUCK,RWD,GASOLINE/E85,62987,2014-01-28,26
96403A3AEF9FE9E17FE62FD27263EFF9,2013,FORD,F-150,PICKUP TRUCK,RWD,GASOLINE/E85,107164,2014-01-06,26
F9745569FEB21AECA8F947E04415A5F4,2013,FORD,F-150,PICKUP TRUCK,RWD,GASOLINE/E85,107735,2014-01-07,26
73169BFDA52DB3162062CAC358D8A90E,2013,FORD,F-150,PICKUP TRUCK,RWD,GASOLINE/E85,135451,2013-09-23,26
36D05CEF40A30D788AA8A1612E725785,2013,FORD,F-150,PICKUP TRUCK,RWD,GASOLINE/E85,144890,2013-09-16,26
B0DF4400AD179CD9771152B6767B0138,2013,FORD,F-150,PICKUP TRUCK,RWD,GASOLINE/E85,64419,2013-10-31,26
ABB01D4611BAF3CB2F55AB668FB86472,2013,FORD,F-150,PICKUP TRUCK,RWD,GASOLINE/E85,109889,2014-01-09,26
6883E6BCF8C03561364D8DB4FB719B15,2013,FORD,F-150,PICKUP TRUCK,RWD,GASOLINE/E85,125828,2014-01-27,26
85994C03D3FF3F58A340ED0669BDE93E,2013,FORD,F-150,PICKUP TRUCK,RWD,GASOLINE/E85,120586,2014-01-06,26
81F749C1E337792B892539A2C284F8F6,2013,FORD,F-150,PICKUP TRUCK,RWD,GASOLINE/E85,180680,2014-01-07,26
CC360004D2791CD084B47728EC7748EE,2013,FORD,F-150,PICKUP TRUCK,RWD,GASOLINE/E85,142652,2013-10-23,26
50A884CB330FCD77FCE01A60A623DDC2,2013,FORD,F-150,PICKUP TRUCK,RWD,GASOLINE/E85,70934,2014-01-24,26
E70925AB68E112945FAAD0E5266E0A5E,2013,FORD,F-150,PICKUP TRUCK,RWD,GASOLINE/E85,127929,2014-01-27,26
6AA32C911CDE8BDB49E49BB6D40766BB,2013,FORD,F-150,PICKUP TRUCK,RWD,GASOLINE/E85,134022,2013-10-03,26
E4F075B8448A8ED42F4FE8AD9F3546FE,2013,FORD,F-150,PICKUP TRUCK,RWD,GASOLINE/E85,71885,2014-01-08,26
465341EBCC07F758E96883484C6B4F25,2013,FORD,F-150,PICKUP TRUCK,RWD,GASOLINE/E85,94195,2013-09-26,26
EC9835A1396E10BFA1C976A6EBCFBD2A,2013,FORD,F-150,PICKUP TRUCK,RWD,GASOLINE/E85,94585,2013-12-05,26
A0FEFCB74DAA4F51DB8E2F42EC5350CF,2013,FORD,F-150,PICKUP TRUCK,RWD,GASOLINE/E85,125773,2014-01-27,26
8364C884E7F7A90CB980631B420588CD,2013,FORD,F-150,PICKUP TRUCK,RWD,GASOLINE/E85,92220,2013-12-31,26
C22160E6E287EC34BFDCC57029FDF7C1,2013,FORD,F-150,PICKUP TRUCK,RWD,GASOLINE/E85,143645,2013-12-31,26
42E0C762ED65902162A7D552FAD395D4,2013,FORD,F-150,PICKUP TRUCK,RWD,GASOLINE/E85,96854,2013-12-31,26
1DC29A225F85112FC463D863D4417252,2013,FORD,F-150,PICKUP TRUCK,RWD,GASOLINE/E85,113652,2013-06-12,26
2FA297F0EDD27B72D6CDD31E503D1E29,2015,FORD,FOCUS,PASSENGER CAR,FWD,GASOLINE/E85,87097,2015-07-30,12.4
03889DFCAFC84B3D31F4FD6725873536,2015,FORD,FOCUS,PASSENGER CAR,FWD,GASOLINE/E85,90604,2015-08-05,12.4
A4BB49DD72F5EB1E333A46615BAC6D50,2015,FORD,FOCUS,PASSENGER CAR,FWD,GASOLINE/E85,36272,2015-08-10,12.4
62E818BC88CB9BC9C5370DEF3A8764A7,2015,FORD,FOCUS,PASSENGER CAR,FWD,GASOLINE/E85,97196,2015-06-25,12.4
44EE185A71BB7EF4F9BE50ADAA832FD6,2015,FORD,FOCUS,PASSENGER CAR,FWD,GASOLINE/E85,86349,2015-06-25,12.4
AF80771C431ACDB7D7ABFF66956A7FC8,2015,FORD,FOCUS,PASSENGER CAR,FWD,GASOLINE/E85,55182,2015-08-13,12.4
D3AA49006CE860979FD932C1C3C420E3,2015,FORD,FOCUS,PASSENGER CAR,FWD,GASOLINE/E85,153665,2015-08-07,12.4
D1948014E72AF69EDEBF66425AC7E5C1,2015,FORD,FOCUS,PASSENGER CAR,FWD,GASOLINE/E85,108313,2015-07-22,12.4
31BA6CF92FB4C9E6358A9DEC092499EC,2015,FORD,FOCUS,PASSENGER CAR,FWD,GASOLINE/E85,153032,2015-08-13,12.4
887F8F9262C925B10A5A3D26423438FA,2015,FORD,FOCUS,PASSENGER CAR,FWD,GASOLINE/E85,51236,2015-07-17,12.4
62E1EA936E50CF9BC76D1AA74C28320C,2015,FORD,FOCUS,PASSENGER CAR,FWD,GASOLINE/E85,118882,2015-07-23,12.4
F447A3C9529319F448804C80EEA24669,2015,FORD,FOCUS,PASSENGER CAR,FWD,GASOLINE/E85,118863,2015-07-23,12.4
A917338AB0FCB7A91B1FBC86414903EB,2015,FORD,FOCUS,PASSENGER CAR,FWD,GASOLINE/E85,132231,2015-07-21,12.4
6F820ADAB6B4580D0943AABD9235AA67,2015,FORD,FOCUS,PASSENGER CAR,FWD,GASOLINE/E85,86887,2015-07-23,12.4
674786B0BD52405E43DA73EF9EA68320,2015,FORD,FOCUS,PASSENGER CAR,FWD,GASOLINE/E85,61296,2015-05-07,12.4
4340214A5E73E7A8A27D14B917DA1D8F,2013,FORD,F-150,PICKUP TRUCK,RWD,GASOLINE/E85,106263,2013-06-26,26
92CD637130B9648D1588BD37954A4CEF,2013,FORD,F-150,PICKUP TRUCK,RWD,GASOLINE/E85,96394,2013-06-26,26
C8D7FDADCDF0EFB68FCAFA0108BB82EF,2013,FORD,F-150,PICKUP TRUCK,RWD,GASOLINE/E85,116022,2013-06-05,26
7A3DAAE67061743C0D7216D0884C50E9,2013,FORD,F-150,PICKUP TRUCK,RWD,GASOLINE/E85,89889,2013-06-27,26
20D5F7076CAB3C04CD14D1EAAF5EF141,2013,FORD,F-150,PICKUP TRUCK,RWD,GASOLINE/E85,111387,2013-06-17,26
55FB648284A0E27D28986E61D0696760,2013,FORD,F-150,PICKUP TRUCK,RWD,GASOLINE/E85,90393,2013-08-27,26
5E5004775A8D9C725AFE488F5E8159B0,2013,FORD,F-150,PICKUP TRUCK,RWD,GASOLINE/E85,106215,2013-05-22,26
A49B791BE0EEC03A03E689EB70F9B513,2013,FORD,F-150,PICKUP TRUCK,RWD,GASOLINE/E85,174764,2013-07-02,26
185D0DD433707784121136D7148F1F2B,2013,FORD,F-150,PICKUP TRUCK,RWD,GASOLINE/E85,111462,2013-08-16,26
37F8541E661EBB5EECB0AE291ADAAFE8,2014,FORD,F-150,PICKUP TRUCK,RWD,GASOLINE/E85,53487,2014-06-13,26
FB1A6AC016BCC0AE61AA894C9EFF6CD1,2014,FORD,F-150,PICKUP TRUCK,RWD,GASOLINE/E85,129051,2014-07-10,26
89F2AB04704B9576341CF7A7D2CC628B,2014,FORD,F-150,PICKUP TRUCK,RWD,GASOLINE/E85,101312,2014-07-01,26
B43A1C2A6F2A6C42779B247834EFEB27,2014,FORD,F-150,PICKUP TRUCK,RWD,GASOLINE/E85,136812,2014-06-17,26
1F24F2BBC920120EE8B63ED05B78110C,2014,FORD,F-150,PICKUP TRUCK,RWD,GASOLINE/E85,133219,2014-07-16,26
ABF6BB38D0F6E5BA940DF1F94ECCF0E6,2014,FORD,F-150,PICKUP TRUCK,RWD,GASOLINE/E85,142269,2014-07-10,26
2C6630D2BE51502530699DAD6E538154,2014,FORD,F-150,PICKUP TRUCK,RWD,GASOLINE/E85,110030,2014-11-03,26
AC6664D1EFEDDD1A9D805598125815D4,2014,FORD,F-150,PICKUP TRUCK,RWD,GASOLINE/E85,53466,2014-08-20,26
E7B3EBA093AD5876A1930C734D5B8D7B,2014,FORD,F-150,PICKUP TRUCK,RWD,GASOLINE/E85,122378,2014-06-30,26
DEC846295086EF4393D09CC31797BE27,2014,FORD,F-150,PICKUP TRUCK,RWD,GASOLINE/E85,113358,2014-07-01,26
CE8479F4EA92F446B61DEB365FCA415A,2014,FORD,F-150,PICKUP TRUCK,RWD,GASOLINE/E85,131729,2014-08-21,26
C69BBF374B6D4BD9396E6A02B2D5C280,2014,FORD,F-150,PICKUP TRUCK,RWD,GASOLINE/E85,54866,2014-05-05,26
406FD3D91D18A8C6A0584136571D89D7,2014,FORD,F-150,PICKUP TRUCK,RWD,GASOLINE/E85,94299,2014-05-15,26
AE2DDCFD8DC38215F4FC477FBE890410,2014,FORD,F-150,PICKUP TRUCK,RWD,GASOLINE/E85,122822,2014-08-22,26
DE67C4A8FD49D70E4FC4018F50712788,2014,FORD,F-150,PICKUP TRUCK,RWD,GASOLINE/E85,82600,2014-08-29,26
C73BDF6EBFFBDB4B8EC0BE4FBDE28875,2014,FORD,F-150,PICKUP TRUCK,RWD,GASOLINE/E85,71121,2014-06-19,26
F1BE201220531CFD29F2104BF7A0951A,2014,FORD,F-150,PICKUP TRUCK,RWD,GASOLINE/E85,145597,2014-07-03,26
375B3E1A845CE157DE772A446C215432,2014,FORD,F-150,PICKUP TRUCK,RWD,GASOLINE/E85,128219,2014-06-23,26
59E6397FD052E96F5AC69F426F8C3F09,2014,FORD,F-150,PICKUP TRUCK,RWD,GASOLINE/E85,92632,2014-06-13,26
6760FBC1BA802A990F7AC458A0AF224A,2014,FORD,F-150,PICKUP TRUCK,RWD,GASOLINE/E85,81744,2014-06-26,26
D1234E545D817150B3BBA41DD9E6668D,2014,FORD,F-150,PICKUP TRUCK,RWD,GASOLINE/E85,164160,2014-06-12,26
F284DCA426008A36B96CE7231B2BBF6E,2014,FORD,F-150,PICKUP TRUCK,RWD,GASOLINE/E85,124715,2014-08-21,26
C2AFC5A3CB84E5EA2B118611E2BA53D9,2014,FORD,F-150,PICKUP TRUCK,RWD,GASOLINE/E85,188442,2014-05-01,26
1651B16998E89A3AB1EB663B44C5AD4A,2014,FORD,F-150,PICKUP TRUCK,RWD,GASOLINE/E85,102762,2014-08-29,26
E54A6DDE032418A18781389FFF3869E3,2014,FORD,F-150,PICKUP TRUCK,RWD,GASOLINE/E85,92931,2014-08-12,26
9592C72921C9385516653A60E2F51093,2014,FORD,F-150,PICKUP TRUCK,RWD,GASOLINE/E85,107000,2014-05-23,26
8D866F7673494310531E96580F99099B,2013,FORD,F-150,PICKUP TRUCK,RWD,GASOLINE/E85,77429,2014-01-07,26
F37DDB6A0FB81FC5B8390753D3C9A940,2014,FORD,F-150,PICKUP TRUCK,RWD,GASOLINE/E85,113538,2014-04-21,26
6776DD60ADDBB402DC0842765D8CBDF7,2013,FORD,F-150,PICKUP TRUCK,RWD,GASOLINE/E85,85368,2014-01-09,26
9207F05B92C377E4E1BBBBD6011C106E,2014,FORD,F-150,PICKUP TRUCK,RWD,GASOLINE/E85,100329,2014-05-01,26
4D92B77B621FB38AE9DF0C79C57174FF,2013,FORD,F-150,PICKUP TRUCK,RWD,GASOLINE/E85,109870,2014-01-06,26
4A6FC3D0E665B886E4E8EA04D96C2BD0,2013,FORD,F-150,PICKUP TRUCK,RWD,GASOLINE/E85,75547,2013-12-31,26
0E354EAEAA911AB93BF6AFDC2692A7FC,2014,FORD,F-150,PICKUP TRUCK,RWD,GASOLINE/E85,261250,2014-05-02,26
D76B3357F3BE417AFA1403A361B62140,2013,FORD,F-150,PICKUP TRUCK,RWD,GASOLINE/E85,118777,2014-01-09,26
239BF4D468BD874F095D91F5AFA418A5,2014,FORD,F-150,PICKUP TRUCK,RWD,GASOLINE/E85,174350,2014-05-21,26
3D6CE5B026BEF769A739CE4D2EEE7AD4,2014,FORD,F-150,PICKUP TRUCK,RWD,GASOLINE/E85,73648,2014-05-14,26
955D0C6965EFD089EC6D039434CCEDC9,2014,FORD,F-150,PICKUP TRUCK,RWD,GASOLINE/E85,108297,2014-05-19,26
40BAEC557583913EB3913D791D46BB6D,2014,FORD,F-150,PICKUP TRUCK,RWD,GASOLINE/E85,67593,2014-05-02,26
ECBD2B4C95EF8B2E776D313CA3B9EBA9,2013,FORD,F-150,PICKUP TRUCK,RWD,GASOLINE/E85,77998,2014-01-07,26
70C72CD9A4F70CD9854C43FF282C0707,2013,FORD,F-150,PICKUP TRUCK,RWD,GASOLINE/E85,119495,2013-10-09,26
9608A0AA1675BF526A5C0195537D2577,2013,FORD,F-150,PICKUP TRUCK,RWD,GASOLINE/E85,95236,2013-10-09,26
221637E49A7182161A12F65789C92524,2014,FORD,F-150,PICKUP TRUCK,RWD,GASOLINE/E85,156449,2014-04-30,26
0E88AFAA3EF1D74171AB122209EE5419,2014,FORD,F-150,PICKUP TRUCK,RWD,GASOLINE/E85,121390,2014-04-28,26
57AFAF709FCAFAA44BF90F18FA3E6818,2014,FORD,F-150,PICKUP TRUCK,RWD,GASOLINE/E85,90501,2014-05-02,26
6882141235B01823049B650039C8882A,2014,FORD,F-150,PICKUP TRUCK,RWD,GASOLINE/E85,143647,2014-05-07,26
6EAB27BA8F09A1E678E12B8AB7F67951,2014,FORD,F-150,PICKUP TRUCK,RWD,GASOLINE/E85,100925,2014-05-02,26
A0ED45F0D77E2F3A1B03DD63F4DCD219,2013,FORD,F-150,PICKUP TRUCK,RWD,GASOLINE/E85,181102,2013-09-27,26
CAB2A844C18651963A4A0D78F94DA164,2013,FORD,F-150,PICKUP TRUCK,RWD,GASOLINE/E85,134849,2013-09-16,26
170577E67044DB0733D36103A756C3C1,2013,FORD,F-150,PICKUP TRUCK,RWD,GASOLINE/E85,117145,2013-09-27,26
A2F205E786E1ADFCA4F07E3EF1BF0E58,2013,FORD,F-150,PICKUP TRUCK,RWD,GASOLINE/E85,219084,2013-09-17,26
B21E01BD71E155EEE676B07A2A5DC247,2013,FORD,F-150,PICKUP TRUCK,RWD,GASOLINE/E85,100397,2013-09-06,26
235979C35523B33F44ECC212B3449E00,2013,FORD,F-150,PICKUP TRUCK,RWD,GASOLINE/E85,76865,2013-09-26,26
699366D545CD6270F210AC523132AAF7,2013,FORD,F-150,PICKUP TRUCK,RWD,GASOLINE/E85,75421,2013-09-27,26
9D0B18275CE03E97542894FDA70EA1EE,2013,FORD,F-150,PICKUP TRUCK,RWD,GASOLINE/E85,119178,2013-06-11,26
0B5DF7FFEB5B8CEC67523B63CD0946FB,2013,FORD,F-150,PICKUP TRUCK,RWD,GASOLINE/E85,104717,2013-07-10,26
92A2AA13ACB4880A52A42E4E1DE94A09,2013,FORD,F-150,PICKUP TRUCK,RWD,GASOLINE/E85,117553,2013-07-10,26
3351902DAF7E4A70B846F982E95779DB,2013,FORD,F-150,PICKUP TRUCK,RWD,GASOLINE/E85,126036,2013-06-27,26
4DF7F55DE21EEE43968FCF8B7ADE15B1,2013,FORD,F-150,PICKUP TRUCK,RWD,GASOLINE/E85,82999,2013-07-01,26
14E73E4992D3679CC3AE9FAF0E73A9DF,2013,FORD,F-150,PICKUP TRUCK,RWD,GASOLINE/E85,68966,2013-08-09,26
0F9C2DFF2CBB7E2F5B64BED0BA76B4A7,2013,FORD,F-150,PICKUP TRUCK,RWD,GASOLINE/E85,151404,2013-08-07,26
3193B4C3B3EF4E8DB8AA1222C678A8F2,2015,FORD,FOCUS,PASSENGER CAR,FWD,GASOLINE/E85,76048,2015-07-22,12.4
82DAA21DDDC0AD407BAC77A4E34A00DB,2015,FORD,FOCUS,PASSENGER CAR,FWD,GASOLINE/E85,90657,2015-07-22,12.4
0D7304BBB5C0F9E1B028EBEBC2152DBF,2015,FORD,FOCUS,PASSENGER CAR,FWD,GASOLINE/E85,79560,2015-07-22,12.4
97A27C0CDDDCB943A06BC7AE22A3D84B,2015,FORD,FOCUS,PASSENGER CAR,FWD,GASOLINE/E85,133583,2015-07-22,12.4
C72C26533910DC01DE95294B9825D157,2015,FORD,FOCUS,PASSENGER CAR,FWD,GASOLINE/E85,90799,2015-07-21,12.4
EAC3E267B5675E5CCE8805EA226BDC4C,2015,CHEVROLET,SILVERADO,PICKUP TRUCK,RWD,GASOLINE/E85,85403,2015-09-03,34
5C170B400EFC4CBB56230DEE3A5CCEF7,2015,CHEVROLET,SILVERADO,PICKUP TRUCK,RWD,GASOLINE/E85,94827,2015-08-24,34
0E62D54ABE219D7F36702ABB9459FE35,2015,CHEVROLET,SILVERADO,PICKUP TRUCK,RWD,GASOLINE/E85,81833,2015-10-29,34
BCBC16F32E9EC4AE771BF64911C844DF,2015,CHEVROLET,SILVERADO,PICKUP TRUCK,RWD,GASOLINE/E85,63650,2015-12-08,34
D43534A62713BAC2D1A384C20DEB4D21,2013,FORD,F-150,PICKUP TRUCK,RWD,GASOLINE/E85,141543,2013-08-01,26
FF2A2EF290601F9BF24FEEB796B1694C,2013,FORD,F-150,PICKUP TRUCK,RWD,GASOLINE/E85,100297,2013-07-01,26
3F15E8413273F794AB75FF1A7F0BC3BC,2013,FORD,F-150,PICKUP TRUCK,RWD,GASOLINE/E85,185014,2013-06-27,26
73F79ADC7498C665ADC1AEDB30F1EC9D,2013,FORD,F-150,PICKUP TRUCK,RWD,GASOLINE/E85,135411,2013-06-27,26
A376F8CBA8DD3DE463FECB7016D48C87,2013,FORD,F-150,PICKUP TRUCK,RWD,GASOLINE/E85,100169,2013-07-01,26
B735A783D396F4C953C55936474FE6E7,2013,FORD,F-150,PICKUP TRUCK,RWD,GASOLINE/E85,209749,2013-06-17,26
CBDBF05CE284E88E2A5628C27A049F21,2015,CHEVROLET,SILVERADO,PICKUP TRUCK,RWD,GASOLINE/E85,41110,2016-02-18,34
33562251A887C64A0F3BEE5F26083B4C,2015,CHEVROLET,SILVERADO,PICKUP TRUCK,RWD,GASOLINE/E85,99533,2015-09-08,34
01EA8864E9FE18A3A42D019695028F83,2015,FORD,FOCUS,PASSENGER CAR,FWD,GASOLINE/E85,26386,2015-07-23,12.4
2BF38567FEF25B7E789CE5C7F117D215,2015,CHEVROLET,SILVERADO,PICKUP TRUCK,RWD,GASOLINE/E85,63126,2015-09-21,34
1578FBC9A71F8E823F63043444C448A1,2015,CHEVROLET,SILVERADO,PICKUP TRUCK,RWD,GASOLINE/E85,86079,2015-09-11,34
8328A68A8582A3CA553CC81100513AB8,2015,CHEVROLET,SILVERADO,PICKUP TRUCK,RWD,GASOLINE/E85,58950,2016-01-14,34
EF44B1559C7ED34D04CCC2A93E57994B,2015,CHEVROLET,SILVERADO,PICKUP TRUCK,RWD,GASOLINE/E85,31015,2015-11-02,34
2652DFF2E6F20A63FE8168F7F6BF88F9,2015,CHEVROLET,SILVERADO,PICKUP TRUCK,RWD,GASOLINE/E85,68680,2015-10-05,34
F0344A585822FD32C73A0623FB2615EC,2013,FORD,F-150,PICKUP TRUCK,RWD,GASOLINE/E85,123990,2013-06-26,26
F2897A4F26C9C1FF1FD10D83F0A11555,2013,FORD,F-150,PICKUP TRUCK,RWD,GASOLINE/E85,148700,2013-07-18,26
30550B3E2074B0A8C6CDD431278E2348,2013,FORD,F-150,PICKUP TRUCK,RWD,GASOLINE/E85,143233,2013-07-23,26
3227DA0BDFBEC6F712D112F2AA7F875D,2013,FORD,F-150,PICKUP TRUCK,RWD,GASOLINE/E85,156525,2013-07-10,26
64A0536BC5B7C6295F4ADC9970FE9A2B,2013,FORD,F-150,PICKUP TRUCK,RWD,GASOLINE/E85,140590,2013-07-17,26
E21A78C554EC660ED5CDBD801C22E816,2013,FORD,F-150,PICKUP TRUCK,RWD,GASOLINE/E85,60311,2013-08-30,26
D99D485C3D8ECEB6807B01FBA55C63AE,2013,FORD,F-150,PICKUP TRUCK,RWD,GASOLINE/E85,89532,2013-08-30,26
DDBA57FC3C116D66C0537D8C47A3DDFF,2013,FORD,F-150,PICKUP TRUCK,RWD,GASOLINE/E85,122081,2013-08-30,26
7FC5C58966A6B11D1C4841920FD53F22,2013,FORD,F-150,PICKUP TRUCK,RWD,GASOLINE/E85,135012,2013-07-15,26
AD5747BC5C12AED4E82557C56FC3E52B,2013,FORD,F-150,PICKUP TRUCK,RWD,GASOLINE/E85,134038,2013-12-31,26
281867047FCBC5826BDE3AFE1BC5A3C9,2014,FORD,F-150,PICKUP TRUCK,RWD,GASOLINE/E85,110285,2014-09-05,26
ECD998EC91F56B7A5C0F08FD6BE41F92,2014,FORD,F-150,PICKUP TRUCK,RWD,GASOLINE/E85,69345,2014-11-14,26
2933B6C7B037366F3AF65FD2042B74B1,2014,FORD,F-150,PICKUP TRUCK,RWD,GASOLINE/E85,70057,2014-11-10,26
D4A6DEF91D48C239432C771A965BFC9B,2014,FORD,F-150,PICKUP TRUCK,RWD,GASOLINE/E85,117375,2014-10-02,26
7E1CB24C9F481295174E9F558E25E887,2014,FORD,F-150,PICKUP TRUCK,RWD,GASOLINE/E85,113211,2014-08-22,26
3AE19946EC212F92E6D9D82B713DF9E0,2014,FORD,F-150,PICKUP TRUCK,RWD,GASOLINE/E85,86460,2014-10-08,26
C47593CC73DECEE9DE0C4BB4D935F5B1,2014,FORD,F-150,PICKUP TRUCK,RWD,GASOLINE/E85,89717,2014-11-20,26
214A8A0084E0984C0DBE7A452FAF9FAC,2014,FORD,F-150,PICKUP TRUCK,RWD,GASOLINE/E85,104787,2014-06-11,26
71C0F98159AE033B0918E8BAF2ADD85B,2014,FORD,F-150,PICKUP TRUCK,RWD,GASOLINE/E85,42693,2014-07-01,26
2A665FFAB00D8225058354EC0A007256,2013,FORD,F-150,PICKUP TRUCK,4WD,GASOLINE/E85,210850,2013-11-07,36
14310C5D0A00BE8B6B5E18E2735A72CC,2014,FORD,FUSION,PASSENGER CAR,FWD,GASOLINE,96481,2014-05-05,16.5
A269974C2CAA6F41222F5EBD60703273,2014,FORD,F-150,PICKUP TRUCK,RWD,GASOLINE/E85,105689,2014-07-01,26
5F9441600B6D0F5262D049CEC979C3F9,2014,FORD,F-150,PICKUP TRUCK,RWD,GASOLINE/E85,56915,2014-06-19,26
2489AF49E455CFDB091BCFCB2A20E632,2013,FORD,F-150,PICKUP TRUCK,4WD,GASOLINE/E85,209275,2013-11-07,36
45D92DB3270D98CC35941FF562A46DD1,2014,FORD,F-150,PICKUP TRUCK,RWD,GASOLINE/E85,140669,2014-06-20,26
D9EDC546A48A917D3CDD1417B2135041,2014,FORD,F-150,PICKUP TRUCK,RWD,GASOLINE/E85,90671,2014-06-24,26
1A92BCEC8799C3F9ADFE2034D681FF4C,2014,FORD,F-150,PICKUP TRUCK,RWD,GASOLINE/E85,92876,2014-09-05,26
8D1B08A96C076EAB7150A2554A11D75A,2014,FORD,F-150,PICKUP TRUCK,RWD,GASOLINE/E85,79964,2014-08-05,26
B6EA44C3DCAA75127E813C8F52CCCA02,2014,FORD,F-150,PICKUP TRUCK,RWD,GASOLINE/E85,102746,2014-08-26,26
3B18B26007D81A08C7386914853B68B0,2014,FORD,F-150,PICKUP TRUCK,RWD,GASOLINE/E85,114018,2014-08-20,26
7DA8664EF7869AE67FBA9B86E156BB2A,2014,FORD,F-150,PICKUP TRUCK,RWD,GASOLINE/E85,39410,2014-07-24,26
D22697C200105CA9BF8B8221E7981D6E,2014,FORD,F-150,PICKUP TRUCK,RWD,GASOLINE/E85,106777,2014-11-11,26
50388570DEB7BC0AA581684DE1B9F556,2014,FORD,F-150,PICKUP TRUCK,RWD,GASOLINE/E85,128784,2014-09-13,26
EB4CE0B79633489D9427637134A635EB,2014,FORD,F-150,PICKUP TRUCK,RWD,GASOLINE/E85,134854,2014-04-25,26
8E4CD03581758C1FB08FCEFD5CBEC1D6,2014,FORD,F-150,PICKUP TRUCK,RWD,GASOLINE/E85,86050,2014-04-30,26
36532BCECE630164851697F5A0428421,2014,FORD,F-150,PICKUP TRUCK,RWD,GASOLINE/E85,138988,2014-09-10,26
47F65D918C597E791A0920486D6023FE,2014,FORD,F-150,PICKUP TRUCK,RWD,GASOLINE/E85,173026,2014-04-17,26
8C96C3A286698DD556B20C1958F956A3,2014,FORD,F-150,PICKUP TRUCK,RWD,GASOLINE/E85,102061,2014-08-19,26
D54B1828651588C3EB014D336E24AD96,2014,FORD,F-150,PICKUP TRUCK,RWD,GASOLINE/E85,110227,2014-09-15,26
DD008E5603647823A4F553B332A3EF41,2014,FORD,F-150,PICKUP TRUCK,RWD,GASOLINE/E85,127294,2014-05-14,26
BBCAA622D733084B4E79BB04AED8A5A0,2014,FORD,F-150,PICKUP TRUCK,RWD,GASOLINE/E85,106794,2014-05-23,26
7F147BF9693BD0C1A6CDBBBDB73AE834,2014,FORD,F-150,PICKUP TRUCK,RWD,GASOLINE/E85,62002,2014-10-21,26
ACBAAB52D2E94C11884E3E40E8941777,2014,FORD,F-150,PICKUP TRUCK,RWD,GASOLINE/E85,93775,2014-05-02,26
951E65FF3D18B278E44CFDAF7F492107,2014,FORD,F-150,PICKUP TRUCK,RWD,GASOLINE/E85,106279,2014-08-22,26
AB763543DD0CFFEB50E4B92F1548F7CB,2014,FORD,F-150,PICKUP TRUCK,RWD,GASOLINE/E85,97064,2014-08-22,26
2856FD81D95184DD78EFF9A60CD3393B,2014,FORD,F-150,PICKUP TRUCK,RWD,GASOLINE/E85,96097,2014-08-22,26
6DA811BCDA0C84480EE07DD91157EBDB,2014,FORD,F-150,PICKUP TRUCK,RWD,GASOLINE/E85,120259,2014-06-13,26
4EAA402BF1B652176E13C4DD77303A9C,2014,FORD,F-150,PICKUP TRUCK,RWD,GASOLINE/E85,87502,2014-05-02,26
DA2AE8D50249CAD884CF3FBC74416FB1,2014,FORD,F-150,PICKUP TRUCK,RWD,GASOLINE/E85,127853,2014-08-18,26
2DCE8982556B5A668A3D0E0B3CFAE59E,2014,FORD,F-150,PICKUP TRUCK,RWD,GASOLINE/E85,96068,2014-08-26,26
704A623528755345C95B0A834E76C785,2014,FORD,F-150,PICKUP TRUCK,RWD,GASOLINE/E85,79111,2014-08-26,26
7EC6817C64A4A94DD62B2916EED7E9F5,2014,FORD,F-150,PICKUP TRUCK,RWD,GASOLINE/E85,106385,2014-06-06,26
1A48032BB3E89B0FD440D1788CB6F7D5,2013,FORD,F-150,PICKUP TRUCK,RWD,GASOLINE/E85,91998,2013-10-14,26
70EBE8F3EAA8AB9B1C98E1E234AE7C87,2013,FORD,F-150,PICKUP TRUCK,RWD,GASOLINE/E85,131750,2013-08-12,26
08F93890EEB500FE94E781803496A8BF,2013,FORD,F-150,PICKUP TRUCK,RWD,GASOLINE/E85,59966,2013-10-09,26
EF84A24B6E7A35A0A1CF9F5750ACE136,2014,FORD,F-150,PICKUP TRUCK,RWD,GASOLINE/E85,79917,2014-05-21,26
76F1FC3D1373CD2E10966637A2A888A3,2013,FORD,F-150,PICKUP TRUCK,RWD,GASOLINE/E85,118507,2013-08-12,26
A86D7D85A8432597A61E18870E147D39,2013,FORD,F-150,PICKUP TRUCK,RWD,GASOLINE/E85,90010,2013-08-15,26
ECAB5A0A8624028C3DF36B1337441CBE,2013,FORD,F-150,PICKUP TRUCK,RWD,GASOLINE/E85,101701,2013-08-05,26
2830C9F54527F106683DD7D685550D85,2013,FORD,F-150,PICKUP TRUCK,RWD,GASOLINE/E85,104351,2013-08-19,26
E3279F2C11FBFD69D3656BAA2F0CD249,2013,FORD,F-150,PICKUP TRUCK,RWD,GASOLINE/E85,61953,2013-07-05,26
DA45D7AB9E908B69C1825F6E274D6E78,2013,FORD,F-150,PICKUP TRUCK,RWD,GASOLINE/E85,185209,2013-07-22,26
7FFF00FB8AA431DEBEE313BBC1AEF636,2013,FORD,F-350,PICKUP TRUCK,RWD,GASOLINE/E85,186829,2013-05-24,35
613746ECA67C37548E0850509E7B4F01,2013,FORD,F-350,PICKUP TRUCK,RWD,GASOLINE/E85,143019,2014-01-02,35
F10E6FC9F37366B035752F80D7341FA9,2013,FORD,F-350,PICKUP TRUCK,RWD,GASOLINE/E85,142131,2013-06-28,35
0AC39BB6582BC5060BABE980F954B4B8,2015,CHEVROLET,SILVERADO,PICKUP TRUCK,RWD,GASOLINE/E85,59652,2015-08-14,34
67B8403C00766F5CF4118350A508AB33,2015,CHEVROLET,SILVERADO,PICKUP TRUCK,RWD,GASOLINE/E85,66800,2015-12-08,34
67CF6690C0D1BE95B3138520DB6A37C8,2015,CHEVROLET,SILVERADO,PICKUP TRUCK,RWD,GASOLINE/E85,54586,2015-08-14,34
AF33F72BA394B0694BE438894024E88C,2015,CHEVROLET,SILVERADO,PICKUP TRUCK,RWD,GASOLINE/E85,79129,2015-09-14,34
C8782371316FE40D0013F14466FB0F59,2015,CHEVROLET,SILVERADO,PICKUP TRUCK,RWD,GASOLINE/E85,105591,2015-08-28,34
C0DD18059EB690303B7B060D7FEA5F88,2015,CHEVROLET,SILVERADO,PICKUP TRUCK,RWD,GASOLINE/E85,80125,2016-02-10,34
028D4F5D70071F9D7EB5B125359E4104,2015,CHEVROLET,SILVERADO,PICKUP TRUCK,RWD,GASOLINE/E85,74719,2015-10-16,34
31A808A35CD7B0DE128732384238CE80,2015,CHEVROLET,SILVERADO,PICKUP TRUCK,RWD,GASOLINE/E85,45325,2016-01-27,34
A84C6B5BB6C75A7C7FF99BA56DE923A0,2015,CHEVROLET,SILVERADO,PICKUP TRUCK,RWD,GASOLINE/E85,57617,2016-01-25,34
F707C0E6ACBA7E950283FD81653A1D85,2015,CHEVROLET,SILVERADO,PICKUP TRUCK,RWD,GASOLINE/E85,97538,2016-01-26,34
BDDFB16C92BE892C0F60DD421E275A7C,2015,CHEVROLET,SILVERADO,PICKUP TRUCK,RWD,GASOLINE/E85,49387,2015-11-12,34
6D1980B975ECC0025EAFB4D610A52C28,2013,FORD,F-150,PICKUP TRUCK,RWD,GASOLINE/E85,156198,2013-06-06,26
C69D6D60B007579E6CE7EED837C42775,2013,FORD,F-150,PICKUP TRUCK,RWD,GASOLINE/E85,98528,2013-07-25,26
778D07FD4D2A65BFCDA959D927EDAEA0,2013,FORD,F-150,PICKUP TRUCK,RWD,GASOLINE/E85,116659,2013-08-06,26
34D3B8EB241361DB085F70DE6DA5B6A1,2013,FORD,F-150,PICKUP TRUCK,RWD,GASOLINE/E85,119880,2013-08-07,26
5294F56A1398B79F1C8DE57693F14C9B,2013,FORD,F-150,PICKUP TRUCK,RWD,GASOLINE/E85,93707,2013-08-15,26
D3D0A83FA1F74A16693A0F1F7C20F1D3,2013,FORD,F-150,PICKUP TRUCK,RWD,GASOLINE/E85,94414,2013-07-29,26
D6A8AE4CCB8C51733E212447BF055E43,2015,CHEVROLET,SILVERADO,PICKUP TRUCK,RWD,GASOLINE/E85,88340,2015-09-24,34
B4ADAA344909AB5F1E78CE45EE8D5FB9,2015,CHEVROLET,SILVERADO,PICKUP TRUCK,RWD,GASOLINE/E85,74269,2016-02-16,34
F4669CC962C0D4D8D6D180755DADB482,2015,CHEVROLET,SILVERADO,PICKUP TRUCK,RWD,GASOLINE/E85,87571,2016-02-01,34
29313A33790CF2C9D371CBD4E2CDBD79,2015,CHEVROLET,SILVERADO,PICKUP TRUCK,RWD,GASOLINE/E85,50701,2016-01-21,34
EEC43605E96163BB8DB297770202D37C,2015,CHEVROLET,SILVERADO,PICKUP TRUCK,RWD,GASOLINE/E85,80996,2016-02-05,34
560F122A91A649EC06E9D03A8EB8A8B2,2015,CHEVROLET,SILVERADO,PICKUP TRUCK,RWD,GASOLINE/E85,47058,2016-01-21,34
2EC4837513E18F8A730AD27DEE147E16,2015,CHEVROLET,SILVERADO,PICKUP TRUCK,RWD,GASOLINE/E85,63194,2016-02-10,34
1E78FDE25A4339B15F5B2E03FD10CCE7,2015,CHEVROLET,SILVERADO,PICKUP TRUCK,RWD,GASOLINE/E85,58554,2016-03-02,34
C51E279CB563EFEDD3D3DEB802353F20,2015,CHEVROLET,SILVERADO,PICKUP TRUCK,RWD,GASOLINE/E85,51513,2016-01-29,34
DF352847D960E5F7188ED3B85AACAC07,2015,CHEVROLET,SILVERADO,PICKUP TRUCK,RWD,GASOLINE/E85,43158,2016-01-21,34
3A9811899D24960A9FD9DB643B2DF9AF,2015,CHEVROLET,SILVERADO,PICKUP TRUCK,RWD,GASOLINE/E85,76460,2016-03-11,34
DBD956B7ACD291F9259460B0EEB45AA2,2015,CHEVROLET,SILVERADO,PICKUP TRUCK,RWD,GASOLINE/E85,48729,2016-01-29,34
1F087ED8D8DBB536E9DF7EB010E14470,2013,FORD,F-150,PICKUP TRUCK,RWD,GASOLINE/E85,147679,2013-07-10,26
7901989BE66F93199DC401DA6AC2A700,2013,FORD,F-150,PICKUP TRUCK,RWD,GASOLINE/E85,175213,2013-08-15,26
9AEBEB3A53B3C0F58E5221F51A939864,2013,FORD,F-150,PICKUP TRUCK,RWD,GASOLINE/E85,174000,2013-07-31,26
9264AFCFA8B06822CE0172905C3BF671,2013,FORD,F-150,PICKUP TRUCK,RWD,GASOLINE/E85,124246,2013-06-13,26
EC9D70C7657237B39ADC34093455C8D8,2013,FORD,F-150,PICKUP TRUCK,RWD,GASOLINE/E85,107404,2013-06-13,26
8952B43150AB319D248A21E0F7F2C810,2013,FORD,F-150,PICKUP TRUCK,RWD,GASOLINE/E85,147529,2013-07-22,26
B057554F3A12C8AFF97DE6DB7B8A5B6F,2013,FORD,F-150,PICKUP TRUCK,RWD,GASOLINE/E85,98885,2013-07-01,26
84DBA64616817A765162BC3C987D93F7,2013,FORD,F-150,PICKUP TRUCK,RWD,GASOLINE/E85,187199,2013-07-05,26
43BFA8DE1AD8DF44C11B1D93B43E615F,2013,FORD,F-150,PICKUP TRUCK,RWD,GASOLINE/E85,111237,2013-07-05,26
BEB0CD24178D67F8357A8DBBA4857556,2013,FORD,F-150,PICKUP TRUCK,RWD,GASOLINE/E85,90090,2013-07-18,26
860BCEBA59669679584B86935DB14223,2013,FORD,F-150,PICKUP TRUCK,RWD,GASOLINE/E85,145468,2013-07-10,26
FFC330AB914CBA18515F2972C121FB99,2013,FORD,F-350,PICKUP TRUCK,RWD,GASOLINE/E85,154175,2013-09-20,35
12D77DD854F8B432F9BFB13C1DA82AD2,2013,FORD,F-150,PICKUP TRUCK,RWD,GASOLINE/E85,63741,2013-08-05,26
8A95689CFF4D46FA4EB1235F142C4180,2014,FORD,F-150,PICKUP TRUCK,RWD,GASOLINE/E85,97027,2014-09-22,26
1C11D26138D301C7237D759A345692CB,2014,FORD,F-150,PICKUP TRUCK,RWD,GASOLINE/E85,116066,2015-01-20,26
491C5D461F18E00BF44A042FEA061B00,2014,FORD,F-150,PICKUP TRUCK,RWD,GASOLINE/E85,106887,2014-10-14,26
7D73A908277FE5020F8B71A21D6CB8A3,2014,FORD,F-150,PICKUP TRUCK,RWD,GASOLINE/E85,64388,2014-10-14,26
E099ED8EF911D2230AB873F6C3F021BE,2014,FORD,F-150,PICKUP TRUCK,RWD,GASOLINE/E85,195845,2014-10-28,26
7D7445CBE77381E26DB2C7E6BF8E46D2,2014,FORD,F-150,PICKUP TRUCK,RWD,GASOLINE/E85,76727,2014-10-20,26
4A62287C68E44BF1619439C6DC07C563,2015,CHEVROLET,SILVERADO,PICKUP TRUCK,RWD,GASOLINE/E85,78563,2015-04-22,34
4216ED024891795359198C2F5E30E95C,2011,FORD,F-150,PICKUP TRUCK,RWD,GASOLINE/E85,189633,2012-03-07,26
097CCA2065092BAB1DDF85CFB90B47FF,2011,FORD,F-150,PICKUP TRUCK,RWD,GASOLINE/E85,121556,2012-03-09,26
99D0041D40C0DC170567BFF55A6CB79F,2012,FORD,F-150,PICKUP TRUCK,RWD,GASOLINE/E85,99999,2012-03-15,26
163100A447E10EC222D7D140751526EB,2012,FORD,F-150,PICKUP TRUCK,RWD,GASOLINE/E85,204442,2012-03-15,26
FF2DB1F6913C63A184CBA4920ED1A3F2,2012,FORD,F-150,PICKUP TRUCK,RWD,GASOLINE/E85,109240,2012-02-25,26
A540D626E03549FB8137C6C339E1D3DD,2011,FORD,F-150,PICKUP TRUCK,RWD,GASOLINE/E85,94141,2012-03-07,26
FBBD988C89529D7C2D880655575B39A3,2011,FORD,F-150,PICKUP TRUCK,RWD,GASOLINE/E85,109200,2012-03-13,26
FDA7C1837794CF308BB115611916B601,2012,FORD,F-150,PICKUP TRUCK,RWD,GASOLINE/E85,122329,2012-03-27,19
76BD16763FC21D054380B91B45BD1ABC,2012,FORD,F-150,PICKUP TRUCK,RWD,GASOLINE/E85,134884,2012-03-30,26
E3D598EE210C52E3CEDDF506E6D3F7DE,2012,FORD,F-150,PICKUP TRUCK,RWD,GASOLINE/E85,157492,2012-04-10,26
1A2B832670F4914758F596A566CAA25F,2012,FORD,F-150,PICKUP TRUCK,RWD,GASOLINE/E85,182281,2012-05-08,26
35501D79FEE683F17255F8486BA6D200,2012,FORD,F-150,PICKUP TRUCK,RWD,GASOLINE/E85,153882,2012-05-03,26
56E6FF46BFCAC1B80A6ACA0CFB7026EA,2012,FORD,F-150,PICKUP TRUCK,RWD,GASOLINE/E85,139019,2012-06-28,26
4CE8DEF300D165DA1CF02C68B34379EF,2012,FORD,F-150,PICKUP TRUCK,RWD,GASOLINE/E85,114275,2012-05-11,26
D7C62D6CBDE7B56EC49C09DC3B449326,2012,FORD,F-150,PICKUP TRUCK,RWD,GASOLINE/E85,169111,2012-05-16,26
F38BFEF5A467425D7E3AC9DC9B43B54F,2012,FORD,F-150,PICKUP TRUCK,RWD,GASOLINE/E85,127241,2012-05-24,26
01459AB8F6B5AAF2D048FD636177E538,2012,FORD,F-150,PICKUP TRUCK,RWD,GASOLINE/E85,128115,2012-03-16,26
E240C0E7CDA2C3643D10CFA7EFE1BB62,2012,FORD,F-150,PICKUP TRUCK,RWD,GASOLINE/E85,220492,2012-05-08,26
CB2598A079883389D404D340E1474399,2012,FORD,F-150,PICKUP TRUCK,RWD,GASOLINE/E85,144118,2012-05-09,26
C47D73B05E1BE9327660C59B3AC2E4B6,2012,FORD,F-150,PICKUP TRUCK,RWD,GASOLINE/E85,164790,2012-05-01,26
DB928C734744847983FAC7CC91275EAF,2012,FORD,F-150,PICKUP TRUCK,RWD,GASOLINE/E85,130772,2012-04-27,26
1ACAACF6573C7927CC261136773B9BF5,2012,FORD,F-150,PICKUP TRUCK,RWD,GASOLINE/E85,196500,2012-03-16,26
25A0A954BCBD59D8C3FA68E77F647605,2012,FORD,F-150,PICKUP TRUCK,RWD,GASOLINE/E85,163068,2012-09-21,26
F5B79946A8549A351D0AF79EDEEFDDA0,2012,FORD,F-150,PICKUP TRUCK,RWD,GASOLINE/E85,103111,2012-10-25,26
BE0239B4B4891967771E6EF98003670F,2012,FORD,F-150,PICKUP TRUCK,RWD,GASOLINE/E85,145993,2012-08-23,26
B19B77BD93DA1E69ED1C5C7FC03DB5DC,2012,FORD,F-150,PICKUP TRUCK,RWD,GASOLINE/E85,84353,2012-09-14,26
C59FB8D11EE9E66DD51F94DD5BB21020,2014,FORD,ECONOLINE,VAN,RWD,GASOLINE/E85,77140,2014-08-26,33
2414CB31A452BCFCD53BABEC53281D8B,2014,FORD,EXPLORER,MULTIPURPOSE VEHICLE (MPV),FWD,GASOLINE,83819,2014-06-15,18.6
300B0DF291167DE0FB4442202EF20B17,2014,FORD,TRANSIT CONNECT,VAN,FWD,GASOLINE,57986,2014-12-17,15.8
C83898FC29F61D6193F83C154918D75B,2014,FORD,F-150,PICKUP TRUCK,RWD,GASOLINE/E85,84597,2014-09-05,26
21A0E3FDCBDEC3789CC2685A6A9B8BD5,2014,FORD,F-150,PICKUP TRUCK,RWD,GASOLINE/E85,95975,2015-01-16,26
DEA70051CF662D5C126972F73B15F306,2014,FORD,F-150,PICKUP TRUCK,RWD,GASOLINE/E85,91999,2014-08-18,26
25BAFDBDAB6740EBCF43582884802F64,2014,FORD,F-150,PICKUP TRUCK,RWD,GASOLINE/E85,88360,2014-12-05,26
C2622F9BBBA0723BF194031F6357240E,2014,FORD,F-150,PICKUP TRUCK,RWD,GASOLINE/E85,34528,2014-09-05,26
5E5679BEDE46F83EB50532D3027A54EB,2014,FORD,F-150,PICKUP TRUCK,RWD,GASOLINE/E85,94532,2014-08-22,26
41EA55C79E7E983BFDCD4408BE72C1E4,2014,FORD,F-150,PICKUP TRUCK,RWD,GASOLINE/E85,62930,2014-09-18,26
808EFD913DC21B02D1A12F349745B653,2014,FORD,F-150,PICKUP TRUCK,RWD,GASOLINE/E85,107419,2014-09-05,26
C1C5D0603340DE6FDFCA4949889C107C,2014,FORD,F-150,PICKUP TRUCK,RWD,GASOLINE/E85,116780,2014-09-09,26
BE104EDCCAA8E03CE8F030D066BB213D,2014,FORD,F-150,PICKUP TRUCK,RWD,GASOLINE/E85,93168,2014-09-19,26
7AD5FAFAD7C493391EEB9E84A34DE7F3,2014,FORD,F-150,PICKUP TRUCK,RWD,GASOLINE/E85,93409,2014-11-12,26
95FD5019537B866874C2E881076CF72B,2014,FORD,F-150,PICKUP TRUCK,RWD,GASOLINE/E85,98075,2014-06-13,26
6BC6E28423209D7724C14F6820ED7381,2014,FORD,F-150,PICKUP TRUCK,RWD,GASOLINE/E85,60874,2014-08-12,26
C410DC1FFF7C722FE023C28433CD7EEA,2014,FORD,F-150,PICKUP TRUCK,RWD,GASOLINE/E85,169657,2014-07-08,26
1FE9B5113E1CA4454EE09EAD0AA0A6A5,2014,FORD,F-150,PICKUP TRUCK,RWD,GASOLINE/E85,75293,2014-09-11,26
E6C6B7E070589672F68660A57787152A,2014,FORD,F-150,PICKUP TRUCK,RWD,GASOLINE/E85,85488,2014-07-24,26
509592EBE227604B7FC1CE0280A52D70,2014,FORD,F-150,PICKUP TRUCK,RWD,GASOLINE/E85,82600,2014-07-29,26
49AB41D2D8F056F5B54314AC2179AEC3,2014,FORD,F-150,PICKUP TRUCK,RWD,GASOLINE/E85,91035,2014-08-05,26
FCB0F11F474763F2D6993A5006DB8AD4,2014,FORD,F-150,PICKUP TRUCK,RWD,GASOLINE/E85,88932,2014-08-12,26
4104FB2FAB1D6CF24E2F0EDAC71803D3,2014,FORD,F-150,PICKUP TRUCK,RWD,GASOLINE/E85,113220,2014-10-16,26
475C966087A5EE39F17C9B5D848A7626,2014,FORD,F-150,PICKUP TRUCK,RWD,GASOLINE/E85,183468,2014-07-03,26
C6547B99EB1C1A76BB1BEE2B5B47168B,2014,FORD,F-150,PICKUP TRUCK,RWD,GASOLINE/E85,91120,2014-08-20,26
914DE3855DBAF38CBD7161F2ED0851A4,2014,FORD,F-150,PICKUP TRUCK,RWD,GASOLINE/E85,82241,2014-07-29,26
A6F005DCEFDD8514D04C608D9A9EAAB4,2014,FORD,F-150,PICKUP TRUCK,RWD,GASOLINE/E85,95864,2014-08-07,26
5DC6BDFAD129F4637286F5E641A160AE,2014,FORD,F-150,PICKUP TRUCK,RWD,GASOLINE/E85,124783,2014-08-18,26
F413A8B368C4D60CDE5F266E64753CA2,2014,FORD,F-150,PICKUP TRUCK,RWD,GASOLINE/E85,123821,2014-08-22,26
33D4CB9545835141E237454127BD4AFE,2014,FORD,F-150,PICKUP TRUCK,RWD,GASOLINE/E85,124013,2014-07-25,26
02029E3B4406141B033915E550032029,2014,FORD,F-150,PICKUP TRUCK,RWD,GASOLINE/E85,153274,2014-08-19,26
A2091CD426A85C6A9D97D5B15A613538,2014,FORD,F-150,PICKUP TRUCK,RWD,GASOLINE/E85,73931,2014-09-13,26
DD2C8F55AE2F82FEFCF4C1AC825F0AA7,2014,FORD,F-150,PICKUP TRUCK,RWD,GASOLINE/E85,64643,2014-08-14,26
852C08F13BB4DAFDB50C0B9DF1536C5C,2014,FORD,F-150,PICKUP TRUCK,RWD,GASOLINE/E85,161600,2014-06-16,26
8BBE549D40A9E163B775C51D3568347F,2014,FORD,F-150,PICKUP TRUCK,RWD,GASOLINE/E85,26644,2014-05-09,26
2E78601499FA9E081CC32B1D6E9AD461,2014,FORD,F-150,PICKUP TRUCK,RWD,GASOLINE/E85,149957,2014-05-07,26
94B4B5537D659CFAC7DE64F26D920C8D,2014,FORD,F-150,PICKUP TRUCK,RWD,GASOLINE/E85,131061,2014-04-14,26
342133607D728F73F4801DE5D37C250F,2014,FORD,F-150,PICKUP TRUCK,RWD,GASOLINE/E85,153962,2014-04-10,26
D03076B24A6557A703DD5C4593EEEDBF,2014,FORD,F-150,PICKUP TRUCK,RWD,GASOLINE/E85,86014,2014-05-01,26
A0951103C6FB1F13988E2CD819AD5253,2014,FORD,F-150,PICKUP TRUCK,RWD,GASOLINE/E85,127717,2014-04-21,26
B1D77EA302BB1A3CDF91C487B8487EAF,2014,FORD,F-150,PICKUP TRUCK,RWD,GASOLINE/E85,117938,2014-05-12,26
DDCA7814F53212992C26C70802568759,2014,FORD,F-150,PICKUP TRUCK,RWD,GASOLINE/E85,91022,2014-08-08,26
DB595CF41582D592711FD72146FA9453,2014,FORD,F-150,PICKUP TRUCK,RWD,GASOLINE/E85,52208,2014-04-29,26
D578858FEAFA43D2EE9B5C1711A88AE7,2014,FORD,F-150,PICKUP TRUCK,RWD,GASOLINE/E85,60547,2014-05-06,26
3988B93CC8C9D29451B40C733B9D7D2A,2014,FORD,F-150,PICKUP TRUCK,RWD,GASOLINE/E85,119815,2014-07-24,26
43C0E915E249CE3C5D22C1CE7044A825,2013,FORD,EXPLORER,MULTIPURPOSE VEHICLE (MPV),FWD,GASOLINE,115977,2013-04-19,18.6
64AA914714D12E8CCC48351A9CF14A28,2013,FORD,F-150,PICKUP TRUCK,RWD,GASOLINE/E85,84497,2013-02-25,26
164A407E5C6ED44FC07E296AE4A9CCE4,2013,FORD,F-350,PICKUP TRUCK,RWD,GASOLINE/E85,113079,2013-06-25,35
7313A94984888E1A1DFA76502628818F,2013,FORD,F-150,PICKUP TRUCK,RWD,GASOLINE/E85,86289,2013-11-18,26
5ECD5659633A897AE1455927D74BB9BB,2013,FORD,F-350,PICKUP TRUCK,RWD,GASOLINE/E85,160474,2013-06-21,35
D18B10C09B9AB6E2B26649125CC93183,2013,FORD,F-150,PICKUP TRUCK,RWD,GASOLINE/E85,124376,2013-11-18,26
EB04ED4A44389DE93176BE43F310DA0B,2015,CHEVROLET,SILVERADO,PICKUP TRUCK,RWD,GASOLINE/E85,51170,2016-03-11,34
74F2587A0B75F79470132AB5D0F7588C,2015,CHEVROLET,SILVERADO,PICKUP TRUCK,RWD,GASOLINE/E85,75233,2016-02-01,34
35F47C1916E64594AECFA087463E91BE,2015,CHEVROLET,SILVERADO,PICKUP TRUCK,RWD,GASOLINE/E85,58085,2016-01-29,34
702591ED9AF3524A1BA398B88EBE430F,2015,CHEVROLET,SILVERADO,PICKUP TRUCK,RWD,GASOLINE/E85,26609,2016-01-26,34
E2099C027280C17C5178A1BF70B0E652,2015,CHEVROLET,SILVERADO,PICKUP TRUCK,RWD,GASOLINE/E85,39861,2016-01-26,34
9E1F697255C360DFFB9903158B0C09B2,2015,CHEVROLET,SILVERADO,PICKUP TRUCK,RWD,GASOLINE/E85,55635,2016-02-09,34
B4BCA9936A4B4D86B9517DD35E7E3BA0,2013,FORD,F-150,PICKUP TRUCK,RWD,GASOLINE/E85,159097,2013-07-18,26
FE97C0FFB9F223722219C7E4163CC495,2013,FORD,F-150,PICKUP TRUCK,RWD,GASOLINE/E85,113605,2013-02-19,26
5748C9B5223696AF507E544DC272B56F,2013,FORD,F-150,PICKUP TRUCK,RWD,GASOLINE/E85,129451,2013-02-19,26
35D7B2CFA32355E09E659CE1E8DC7126,2013,FORD,F-150,PICKUP TRUCK,RWD,GASOLINE/E85,75068,2013-02-19,26
6CB31AA78ED4CAD693797D2197350E41,2013,FORD,FUSION,PASSENGER CAR,FWD,GASOLINE,145822,2013-07-26,16.5
ABA896C88818215ECEC7525378F4A879,2013,FORD,F-150,PICKUP TRUCK,RWD,GASOLINE/E85,118069,2013-07-23,26
1683AD662D6BBFE83D13C553D83AF16F,2013,FORD,FUSION,PASSENGER CAR,FWD,GASOLINE,115576,2013-05-09,16.5
BF213DCF5B99D1E66C1B21212EEC25EB,2013,FORD,F-150,PICKUP TRUCK,RWD,GASOLINE/E85,160040,2013-11-22,26
5972BF1EAC8820A8517D3C49B1BB9980,2013,FORD,F-150,PICKUP TRUCK,RWD,GASOLINE/E85,101840,2013-12-04,26
4F4F220C81D9F3C50CE0AD1748BB52D9,2013,FORD,F-150,PICKUP TRUCK,RWD,GASOLINE/E85,139983,2013-12-11,26
8AA34AF27FBA5A62E8521A22F982EF61,2013,FORD,F-150,PICKUP TRUCK,RWD,GASOLINE/E85,190420,2013-06-28,26
6DC4FC6C8188365395DA3EA4C010BC59,2013,FORD,F-150,PICKUP TRUCK,RWD,GASOLINE/E85,122304,2013-07-29,26
5212C3689C83831CAC7395E5218775BB,2013,FORD,F-150,PICKUP TRUCK,RWD,GASOLINE/E85,176834,2013-08-09,26
4F5C302A6A81DAFF83380CB58F4FB853,2013,FORD,F-150,PICKUP TRUCK,RWD,GASOLINE/E85,125705,2013-12-31,26
094688FD40BC9BA03186CA816611C874,2013,FORD,F-350,PICKUP TRUCK,RWD,GASOLINE/E85,167390,2013-06-12,35
7394121EC27463E7561FA9D1ACC4BBB3,2013,FORD,F-350,PICKUP TRUCK,RWD,GASOLINE/E85,102064,2013-12-31,35
84DE420897E3A9E87B7E7336AFB0036B,2013,FORD,F-350,PICKUP TRUCK,RWD,GASOLINE/E85,113753,2013-12-31,35
10C9E22596652C03F5DCC7EF25F4451E,2013,FORD,F-350,PICKUP TRUCK,RWD,GASOLINE/E85,90471,2013-08-21,35
6F7507CF579E4E2ED2F0976454F28DF5,2013,FORD,F-150,PICKUP TRUCK,RWD,GASOLINE/E85,159921,2013-09-24,26
0CD49F732BC7A140C764D5E7990DD9C0,2013,FORD,F-350,PICKUP TRUCK,RWD,GASOLINE/E85,117239,2014-01-28,35
394218B27314C5DE37E875B9BD4A4D53,2013,FORD,F-350,PICKUP TRUCK,RWD,GASOLINE/E85,113389,2013-08-15,35
B4F620160CB1B126D892B8F50C0200E5,2015,CHEVROLET,SILVERADO,PICKUP TRUCK,RWD,GASOLINE/E85,91918,2015-07-14,34
18AB18FE385716DEE9EF6F59EA9D5A88,2015,CHEVROLET,SILVERADO,PICKUP TRUCK,RWD,GASOLINE/E85,95456,2015-05-05,34
5ACA164886165BE3D1292670274206FF,2015,CHEVROLET,SILVERADO,PICKUP TRUCK,RWD,GASOLINE/E85,64773,2015-05-15,34
C6AA6CD08448DBE1CE2B321645352AF3,2015,CHEVROLET,SILVERADO,PICKUP TRUCK,RWD,GASOLINE/E85,118300,2015-04-27,34
F2826B93B1ACB734F8F24C0119D6ACB0,2015,CHEVROLET,SILVERADO,PICKUP TRUCK,RWD,GASOLINE/E85,66857,2015-04-30,34
787BF590216C0E497E81D5F6ECE9A88F,2015,CHEVROLET,SILVERADO,PICKUP TRUCK,RWD,GASOLINE/E85,102745,2015-07-01,34
12FD560F8E92E177050643D2618278FA,2015,CHEVROLET,SILVERADO,PICKUP TRUCK,RWD,GASOLINE/E85,158539,2015-08-27,34
354B387AE0540DD64260AE142DA38842,2014,FORD,F-150,PICKUP TRUCK,RWD,GASOLINE/E85,65161,2014-11-24,26
C6B65F5F485257BEC1D0A37D5D392BB0,2014,FORD,F-150,PICKUP TRUCK,RWD,GASOLINE/E85,66748,2014-09-24,26
2481DD1BCDC079D6DFE989984110A69C,2014,FORD,F-150,PICKUP TRUCK,RWD,GASOLINE/E85,69429,2014-09-04,26
AB0C36EF96E85DCCEAFA9DAEA6ABE99A,2014,FORD,F-150,PICKUP TRUCK,RWD,GASOLINE/E85,63704,2014-11-24,26
20986717EF72E8E5908D7C1CC1C2E42B,2014,FORD,F-150,PICKUP TRUCK,RWD,GASOLINE/E85,128713,2014-12-23,26
E25E6427A1631BB10DC143F56582B47B,2014,FORD,F-150,PICKUP TRUCK,RWD,GASOLINE/E85,106238,2015-01-29,26
707F6FA02FE435C3192AB73490B3EFDB,2014,FORD,F-150,PICKUP TRUCK,RWD,GASOLINE/E85,70666,2015-02-20,26
1E918C322BB10170272D07E9F2934508,2014,FORD,F-150,PICKUP TRUCK,RWD,GASOLINE/E85,74713,2014-10-30,26
E3F950B0B3111EB95E0466E09191E38C,2014,FORD,F-150,PICKUP TRUCK,RWD,GASOLINE/E85,91915,2014-09-09,26
41E7DFD291617443BC52A4DC87E54DB1,2014,FORD,F-150,PICKUP TRUCK,RWD,GASOLINE/E85,83211,2015-01-09,26
E73648F3EA18C4D62C2200FDF0E6E8A7,2014,FORD,F-150,PICKUP TRUCK,RWD,GASOLINE/E85,122605,2014-12-09,26
7037B9BA0457A772027436FE9CFB7DDB,2014,FORD,F-150,PICKUP TRUCK,RWD,GASOLINE/E85,99681,2014-09-10,26
D9083F5F352C217877EF6113A661B862,2014,FORD,F-150,PICKUP TRUCK,RWD,GASOLINE/E85,76031,2014-09-08,26
BEAC5B33F10F366DE7023EE318EA44E7,2014,FORD,F-150,PICKUP TRUCK,RWD,GASOLINE/E85,146860,2014-09-26,26
51AD8CFD2857ED7BC0C07187F0397420,2014,FORD,F-150,PICKUP TRUCK,RWD,GASOLINE/E85,127637,2014-09-08,26
46BC0AE44C3DCBD98CFAB78E80150C8C,2014,FORD,F-150,PICKUP TRUCK,RWD,GASOLINE/E85,69145,2014-10-09,26
1B757F488A97AA20D48A5AA878E926D9,2014,FORD,F-150,PICKUP TRUCK,RWD,GASOLINE/E85,69778,2014-09-19,26
371D53251751DBB2A81A9E60CBC0C28B,2014,FORD,F-150,PICKUP TRUCK,RWD,GASOLINE/E85,103206,2014-06-25,26
B8CD1D25C77159494CFF6B8294C218A3,2014,FORD,F-150,PICKUP TRUCK,RWD,GASOLINE/E85,132024,2014-08-18,26
248253095D011087C6BBE7F73E217B76,2014,FORD,F-150,PICKUP TRUCK,RWD,GASOLINE/E85,42637,2014-08-22,26
41C79B705A996102141012D7048F994F,2014,FORD,F-150,PICKUP TRUCK,RWD,GASOLINE/E85,134155,2014-09-04,26
CE68757BA9820B78D61C3A6223426F5E,2014,FORD,F-150,PICKUP TRUCK,RWD,GASOLINE/E85,122415,2014-09-16,26
7595C89EC5ADE37FE56BC587EB85E8F1,2014,FORD,F-150,PICKUP TRUCK,RWD,GASOLINE/E85,121107,2014-08-29,26
B9E6CD078F973FE953FEBDACD4DD4EBC,2014,FORD,F-150,PICKUP TRUCK,RWD,GASOLINE/E85,128200,2014-07-03,26
C0993F26A2473DAEA3097FF97204794E,2014,FORD,F-150,PICKUP TRUCK,RWD,GASOLINE/E85,105872,2014-04-17,26
5538A045311297E08D209BA5C8A06D05,2014,FORD,F-150,PICKUP TRUCK,RWD,GASOLINE/E85,96829,2014-04-16,26
4F63AAC0FA8C1BC429CB5DF8C695BEF5,2014,FORD,F-150,PICKUP TRUCK,RWD,GASOLINE/E85,38146,2014-10-14,26
11185867E5A275AB9435D8AA9CB70F6E,2014,FORD,F-150,PICKUP TRUCK,RWD,GASOLINE/E85,106720,2014-11-12,26
67B0DCF1AA42A61FD6C94DB6B5AED168,2014,FORD,F-150,PICKUP TRUCK,RWD,GASOLINE/E85,128216,2014-07-03,26
DC0954A80CC5935C55A4729C3F73ED53,2014,FORD,F-150,PICKUP TRUCK,RWD,GASOLINE/E85,144245,2014-11-21,26
F7DC53818AE9EF5C77070B39BAE09384,2014,FORD,F-150,PICKUP TRUCK,RWD,GASOLINE/E85,62288,2014-10-06,26
1C918E9C3E2A1DB0426AA4A1DEC5A978,2014,FORD,F-150,PICKUP TRUCK,RWD,GASOLINE/E85,82995,2014-10-02,26
16BEEF54EEF05E9AB4FE9E62EA7A1EEB,2014,FORD,F-150,PICKUP TRUCK,RWD,GASOLINE/E85,61473,2014-10-02,26
AFC65292778C851D050DCF7E5AE8AC66,2014,FORD,F-150,PICKUP TRUCK,RWD,GASOLINE/E85,82843,2014-09-04,26
795D2DB58169337BFC8182798B6AFE78,2014,FORD,F-150,PICKUP TRUCK,RWD,GASOLINE/E85,84190,2014-09-03,26
63D4F4E54B250EC57A1B870226D36C94,2014,FORD,F-150,PICKUP TRUCK,RWD,GASOLINE/E85,82569,2014-10-02,26
465162AC5CAA6056A39A5E13DD975937,2014,FORD,F-150,PICKUP TRUCK,RWD,GASOLINE/E85,179018,2014-07-24,26
D64F2DB10635CA3961D86C708EAE43D7,2014,FORD,F-150,PICKUP TRUCK,RWD,GASOLINE/E85,133640,2014-07-30,26
FD9B9EE892529A9C3490F8C8AD549D3B,2014,FORD,F-150,PICKUP TRUCK,RWD,GASOLINE/E85,101655,2014-07-30,26
3AEAB1E71C5A655543FDB9FDD4E72256,2014,FORD,F-150,PICKUP TRUCK,RWD,GASOLINE/E85,105597,2014-06-02,26
8CB261628300F519D7ECF8320C998DE9,2014,FORD,F-150,PICKUP TRUCK,RWD,GASOLINE/E85,74017,2014-06-04,26
5C779D85463AF0728E7AE9351DD46E40,2013,FORD,F-150,PICKUP TRUCK,RWD,GASOLINE/E85,138216,2014-01-06,26
82D214D0044CB0C456D19BD2E43DF527,2013,FORD,F-150,PICKUP TRUCK,RWD,GASOLINE/E85,119360,2013-12-31,26
0A3F8878F06FB5EF57AE398622867396,2013,FORD,F-150,PICKUP TRUCK,RWD,GASOLINE/E85,155677,2013-09-16,26
58C7709380EC5A8400D3B353A0117815,2013,FORD,F-150,PICKUP TRUCK,RWD,GASOLINE/E85,101940,2013-12-19,26
198ED6CBE6BE051F6CF7C7A2A68EA784,2013,FORD,F-150,PICKUP TRUCK,RWD,GASOLINE/E85,118016,2013-09-19,26
316582E36D820872AB35805F16AC5542,2013,FORD,F-150,PICKUP TRUCK,RWD,GASOLINE/E85,129222,2013-03-06,26
FC1D4E91E14632D3B34227C05C39173C,2013,FORD,F-150,PICKUP TRUCK,RWD,GASOLINE/E85,199086,2013-03-29,26
29D80E0320B073B396C581F7E940E271,2013,FORD,F-150,PICKUP TRUCK,RWD,GASOLINE/E85,109810,2013-12-31,26
E6196A4B04A8598701AEA10AB26D206B,2013,FORD,F-150,PICKUP TRUCK,RWD,GASOLINE/E85,135780,2013-12-31,26
DC0DD02AD82C1BDB7E093AFD4EA1A468,2013,FORD,F-150,PICKUP TRUCK,RWD,GASOLINE/E85,111732,2013-12-31,26
0285C81A8BA92FEE1125A3E3786D04B1,2013,FORD,F-150,PICKUP TRUCK,RWD,GASOLINE/E85,177282,2013-12-31,26
424140EC9B908BC5AB1B11CD7E25C855,2013,FORD,F-150,PICKUP TRUCK,RWD,GASOLINE/E85,169239,2013-12-31,26
C15636A1C25D7FA3E1B6FD7B67488C5C,2013,FORD,F-350,PICKUP TRUCK,RWD,GASOLINE/E85,121904,2013-09-16,35
D22E508480E624F6A233C841428A02EB,2013,FORD,F-350,PICKUP TRUCK,RWD,GASOLINE/E85,116791,2013-09-11,35
C4E83CCABCF5E24D606213CC5DC4B555,2013,FORD,F-350,PICKUP TRUCK,RWD,GASOLINE/E85,40498,2013-09-10,35
43166601E19D5437D4329C9CAA5EE879,2013,FORD,F-350,PICKUP TRUCK,RWD,GASOLINE/E85,64422,2013-09-25,35
E279C20D021E46882CA3D2B28AFA23F6,2013,FORD,F-350,PICKUP TRUCK,RWD,GASOLINE/E85,131229,2013-10-02,35
5BAE5F350E1F6058A41231F482AB5AD0,2013,FORD,F-350,PICKUP TRUCK,RWD,GASOLINE/E85,76511,2013-09-23,35
6248983C5B02084E30FD02045A9024D7,2013,FORD,F-150,PICKUP TRUCK,RWD,GASOLINE/E85,86295,2013-09-24,26
803E9E0F37C0F88798F43FFCCC189E4F,2015,CHEVROLET,SILVERADO,PICKUP TRUCK,RWD,GASOLINE/E85,65768,2015-06-22,34
016601715F25ECA902CB8622ECA4DE17,2015,CHEVROLET,SILVERADO,PICKUP TRUCK,RWD,GASOLINE/E85,78790,2015-06-30,34
8A8789BCEDD43EEDF1D66F026BB53F63,2015,CHEVROLET,SILVERADO,PICKUP TRUCK,RWD,GASOLINE/E85,114903,2015-07-23,34
CAE36DB72C62C7301586EB22DECB0566,2015,CHEVROLET,SILVERADO,PICKUP TRUCK,RWD,GASOLINE/E85,62983,2015-08-20,34
B3F3C3A585D32002B945F183A96399F5,2015,CHEVROLET,SILVERADO,PICKUP TRUCK,RWD,GASOLINE/E85,54444,2015-05-27,34
8C3341960B3E00C700CB2A272843A315,2015,CHEVROLET,SILVERADO,PICKUP TRUCK,RWD,GASOLINE/E85,68600,2015-08-24,34
4ACA95D108451F5B16DCC1DFC02250C1,2015,CHEVROLET,SILVERADO,PICKUP TRUCK,RWD,GASOLINE/E85,70369,2015-06-22,34
FC61A97380E7E263C3837D54D0D329BC,2014,FORD,F-150,PICKUP TRUCK,RWD,GASOLINE/E85,124979,2015-01-22,26
5814D2CF55326F7A9B7CDEE762B4E8E0,2014,FORD,F-150,PICKUP TRUCK,RWD,GASOLINE/E85,146439,2014-12-09,26
A80259B74A60F0D80C6DE9137A9A8E38,2014,FORD,F-150,PICKUP TRUCK,RWD,GASOLINE/E85,94370,2015-01-07,26
7A8FE833B8DA6FF9822D4A357CE7EA65,2014,FORD,F-150,PICKUP TRUCK,RWD,GASOLINE/E85,131693,2015-01-13,26
4E5969DA4599D963DA30C809B1206AA1,2015,CHEVROLET,SILVERADO,PICKUP TRUCK,RWD,GASOLINE/E85,44997,2015-05-27,34
A70BB689B6B193FEBED0953A64D8B870,2015,CHEVROLET,SILVERADO,PICKUP TRUCK,RWD,GASOLINE/E85,132720,2015-06-02,34
474E24EC97B96BD9AFA70583A6165EA1,2015,CHEVROLET,SILVERADO,PICKUP TRUCK,RWD,GASOLINE/E85,70611,2015-06-08,34
DB8050351DACFBAAC7099355540D2637,2014,FORD,F-150,PICKUP TRUCK,RWD,GASOLINE/E85,72543,2014-12-02,26
F01E4ED07D03EC0FB29E68D69DF61023,2015,CHEVROLET,SILVERADO,PICKUP TRUCK,RWD,GASOLINE/E85,99986,2015-05-08,34
7446063EDA3B475D4380648077A68079,2014,FORD,F-150,PICKUP TRUCK,RWD,GASOLINE/E85,58316,2015-01-06,26
490719E7F2278C1498CA724EB7D039B4,2014,FORD,F-150,PICKUP TRUCK,RWD,GASOLINE/E85,95695,2015-01-13,26
A85AAF21EA4581B5EE4233CB48CF86A7,2015,CHEVROLET,SILVERADO,PICKUP TRUCK,RWD,GASOLINE/E85,61960,2015-04-15,34
DBFB677D4535F48C1F370AE3E008C6EC,2014,FORD,F-150,PICKUP TRUCK,RWD,GASOLINE/E85,101254,2015-01-20,26
CBADF1EA1580E890ACD906F9EE04DE58,2015,CHEVROLET,SILVERADO,PICKUP TRUCK,RWD,GASOLINE/E85,83163,2015-05-12,34
9A59635CBE3EECF4ADAA6B4967B3F283,2014,FORD,F-150,PICKUP TRUCK,RWD,GASOLINE/E85,97883,2014-10-01,26
CC83FB1845DE755575F73AFFC8DD6940,2014,FORD,F-150,PICKUP TRUCK,RWD,GASOLINE/E85,101693,2014-11-07,26
3787559C57F058852E68CE53BF75EA3A,2014,FORD,F-150,PICKUP TRUCK,RWD,GASOLINE/E85,124779,2014-10-24,26
FA1A209EC8482CA99033593716CD00FA,2014,FORD,F-150,PICKUP TRUCK,RWD,GASOLINE/E85,87003,2014-11-03,26
E05A262141A3E340E6AFDB27F2E24EBC,2014,FORD,F-150,PICKUP TRUCK,RWD,GASOLINE/E85,105277,2014-10-30,26
9CF18A3203B903AEC3D0DB929D6A9F84,2014,FORD,F-150,PICKUP TRUCK,RWD,GASOLINE/E85,79279,2014-11-07,26
586D03C9F984ACAFAFA2565DC76D3391,2014,FORD,F-150,PICKUP TRUCK,RWD,GASOLINE/E85,93037,2014-10-03,26
0D1DE735BBD067378E4FD8CBE8E88FCC,2014,FORD,F-150,PICKUP TRUCK,RWD,GASOLINE/E85,91046,2014-08-22,26
C17556D209F6BE80F8C470BC925415F0,2014,FORD,F-150,PICKUP TRUCK,RWD,GASOLINE/E85,125558,2014-09-24,26
69CDCFCFCF0FF8D7E96711D7C89287E4,2014,FORD,F-150,PICKUP TRUCK,RWD,GASOLINE/E85,65873,2014-10-30,26
26EA81B68203649FB3CCBA6357DAFA9F,2014,FORD,F-150,PICKUP TRUCK,RWD,GASOLINE/E85,70825,2014-10-27,26
4D69CA269C0BCD0B788EF1FE0B256929,2014,FORD,F-150,PICKUP TRUCK,RWD,GASOLINE/E85,99948,2014-10-02,26
EDE0B1603BCBFBE7279E29F807661281,2014,FORD,F-150,PICKUP TRUCK,RWD,GASOLINE/E85,92670,2014-10-08,26
B5EDBEDED656826DCC82F30CAEE2AF32,2014,FORD,F-150,PICKUP TRUCK,RWD,GASOLINE/E85,67651,2014-09-03,26
06EB9FF0D69ABF194FA5265D0D8ED2B5,2014,FORD,F-150,PICKUP TRUCK,RWD,GASOLINE/E85,117946,2014-09-10,26
C841A70AE4E8164B39D34566181343F1,2014,FORD,F-150,PICKUP TRUCK,RWD,GASOLINE/E85,163446,2014-09-11,26
08E658C483EC2977EBB60811F4E05B0D,2014,FORD,F-150,PICKUP TRUCK,RWD,GASOLINE/E85,86931,2014-09-09,26
5673AB4311E3BC2830EDB40BC83B70B4,2014,FORD,F-150,PICKUP TRUCK,RWD,GASOLINE/E85,68247,2014-10-07,26
F65C16CEF975B259DBE38ECE3F71D697,2014,FORD,F-150,PICKUP TRUCK,RWD,GASOLINE/E85,147801,2014-12-12,26
69A6E159F716C5014725CE4A72C66644,2014,FORD,F-150,PICKUP TRUCK,RWD,GASOLINE/E85,111015,2014-10-29,26
383C91E57D8FA78F0259AC48D0600233,2014,FORD,F-150,PICKUP TRUCK,RWD,GASOLINE/E85,49194,2014-10-14,26
C8BA8AFA88FCAA56D134219204BDA618,2014,FORD,F-150,PICKUP TRUCK,RWD,GASOLINE/E85,126450,2014-11-03,26
3D1AC33FB11A1C9ECE7F3CF95E750489,2014,FORD,F-150,PICKUP TRUCK,RWD,GASOLINE/E85,70686,2014-10-14,26
FAB1A3CBA01EF3CC07902653FB62053F,2014,FORD,F-150,PICKUP TRUCK,RWD,GASOLINE/E85,137688,2014-10-30,26
AEFA8FE778EACC38C036D753EB58593C,2014,FORD,F-150,PICKUP TRUCK,RWD,GASOLINE/E85,94598,2014-10-20,26
0322E2B2C2F7A22BBF5ED2A85C7909C7,2014,FORD,F-150,PICKUP TRUCK,RWD,GASOLINE/E85,144302,2014-04-18,26
D009488E9D89F651449F13937E5E2F80,2014,FORD,F-150,PICKUP TRUCK,RWD,GASOLINE/E85,119348,2014-05-30,26
DCF644AD9EF87E591D4FA91971B45896,2014,FORD,F-150,PICKUP TRUCK,RWD,GASOLINE/E85,116330,2014-04-28,26
9E219FECE064A6936FCA2075D2626C7E,2014,FORD,F-150,PICKUP TRUCK,RWD,GASOLINE/E85,103397,2014-04-15,26
7B516E80119060BA23669880722B8498,2014,FORD,F-150,PICKUP TRUCK,RWD,GASOLINE/E85,8777,2014-04-22,26
273AB05098C695F6CD02195AC38F293D,2014,FORD,F-150,PICKUP TRUCK,RWD,GASOLINE/E85,173962,2014-04-18,26
70217BA6A67B28B6D457AD142D867DB6,2014,FORD,F-150,PICKUP TRUCK,RWD,GASOLINE/E85,138298,2014-05-13,26
CF526F74D56467D4FBF487B0C57F8EF4,2013,FORD,F-150,PICKUP TRUCK,RWD,GASOLINE/E85,73780,2013-09-23,26
2DFB62EABCC37D861E5EB0262FE5419A,2013,FORD,F-150,PICKUP TRUCK,RWD,GASOLINE/E85,129917,2013-08-29,26
77AC75CF5D501B15FBD8AF6109564594,2013,FORD,F-150,PICKUP TRUCK,RWD,GASOLINE/E85,97461,2013-09-16,26
EC981DBB0EFE06EC746B4CA552B4FB09,2013,FORD,F-150,PICKUP TRUCK,RWD,GASOLINE/E85,143916,2013-09-20,26
80E29F5D4517D6834F002B575BA373D0,2013,FORD,F-150,PICKUP TRUCK,RWD,GASOLINE/E85,155811,2013-08-23,26
31C2390D1BF3235015B15F6BE5506BF7,2013,FORD,F-150,PICKUP TRUCK,RWD,GASOLINE/E85,59374,2014-01-20,26
5DA1E0DBF5182342ACB037AFE9082937,2013,FORD,F-150,PICKUP TRUCK,RWD,GASOLINE/E85,99357,2013-09-07,26
63F4312176EBD17CB74661C4504BAB13,2013,FORD,F-150,PICKUP TRUCK,RWD,GASOLINE/E85,240476,2013-09-13,26
3FF14E9D7BBF71E8C1624A85F98FE711,2013,FORD,F-150,PICKUP TRUCK,RWD,GASOLINE/E85,151301,2013-10-03,26
AAF4EC80A65E897A021DFDD13954A341,2013,FORD,F-150,PICKUP TRUCK,RWD,GASOLINE/E85,97117,2013-09-11,26
ED141FADDEDEB48FC126070F65C9761F,2013,FORD,F-150,PICKUP TRUCK,RWD,GASOLINE/E85,117069,2013-11-12,26
1C8C7EB14760306FA96AE5C090FD1418,2013,FORD,F-150,PICKUP TRUCK,RWD,GASOLINE/E85,130430,2013-09-23,26
A4DAFC5C60CDAEAE8823F6F70DDB62C5,2013,FORD,F-150,PICKUP TRUCK,RWD,GASOLINE/E85,100147,2013-09-26,26
C17EC0B8334CEC386680F3701EDF4DCD,2013,FORD,F-150,PICKUP TRUCK,RWD,GASOLINE/E85,127637,2013-08-23,26
A57633BCFD22A8AC693D550830AE2A94,2013,FORD,F-150,PICKUP TRUCK,RWD,GASOLINE/E85,205000,2013-09-05,26
167E609E8142FECEDE432E698675DE95,2013,FORD,F-150,PICKUP TRUCK,RWD,GASOLINE/E85,21525,2014-02-06,26
85910ADD542593E875F12D5286E44193,2013,FORD,F-150,PICKUP TRUCK,RWD,GASOLINE/E85,64970,2013-11-12,26
09E550D9688B4331E82E8CE84A549371,2015,CHEVROLET,SILVERADO,PICKUP TRUCK,RWD,GASOLINE/E85,113232,2015-06-26,34
0CAF89F5461E181075009A376D448D03,2015,CHEVROLET,SILVERADO,PICKUP TRUCK,RWD,GASOLINE/E85,62597,2015-06-26,34
AEF40A626852CC7AD43D3B491EDE2886,2015,CHEVROLET,SILVERADO,PICKUP TRUCK,RWD,GASOLINE/E85,57118,2015-06-11,34
B699628704C6255603CCF54F5D7AE646,2015,CHEVROLET,SILVERADO,PICKUP TRUCK,RWD,GASOLINE/E85,76341,2015-06-30,34
2C2F2509E68C1BF25713DDFF20DE4E7D,2015,CHEVROLET,SILVERADO,PICKUP TRUCK,RWD,GASOLINE/E85,110283,2015-04-22,34
2027E9EEA644F4BD5F754D24668CCBE2,2015,CHEVROLET,SILVERADO,PICKUP TRUCK,RWD,GASOLINE/E85,50692,2015-05-29,34
B4D17662EEF9FBCC699E3DD721523F0F,2015,CHEVROLET,SILVERADO,PICKUP TRUCK,RWD,GASOLINE/E85,59379,2015-06-04,34
B7AADF0139A9EB669FFE2CF238F2F04D,2015,CHEVROLET,SILVERADO,PICKUP TRUCK,RWD,GASOLINE/E85,50212,2015-07-17,34
2254DB48AA7AF210FBD8E56E0294E42A,2015,CHEVROLET,SILVERADO,PICKUP TRUCK,RWD,GASOLINE/E85,65418,2015-04-21,34
3407E09179594FF94A3E9A5ACB9A0543,2015,CHEVROLET,SILVERADO,PICKUP TRUCK,RWD,GASOLINE/E85,73937,2015-07-08,34
5324C092587BBA66873E13C3A2D7E9B2,2015,CHEVROLET,SILVERADO,PICKUP TRUCK,RWD,GASOLINE/E85,172553,2015-06-15,34
E51ADFE252F9263872486D6EE68409B2,2015,CHEVROLET,SILVERADO,PICKUP TRUCK,RWD,GASOLINE/E85,76218,2015-05-07,34
CE5C560C11912D6305C79451CC279F72,2015,CHEVROLET,SILVERADO,PICKUP TRUCK,RWD,GASOLINE/E85,48478,2015-05-20,34
AF10F59A90B33E6FA5E741B9474A80B8,2015,CHEVROLET,SILVERADO,PICKUP TRUCK,RWD,GASOLINE/E85,164400,2015-06-08,34
AA082203277C78D32DE8B0AC204F56E7,2015,CHEVROLET,SILVERADO,PICKUP TRUCK,RWD,GASOLINE/E85,83760,2015-06-04,34
CC4D23D02C3E0911801E28B74A435FDB,2015,CHEVROLET,SILVERADO,PICKUP TRUCK,RWD,GASOLINE/E85,112296,2015-03-27,34
18695F85B13BD62CBCF4018379AE54B1,2014,FORD,F-150,PICKUP TRUCK,RWD,GASOLINE/E85,149520,2015-01-29,26
B081A97C17AEAB94A880F5E94CC2ADC0,2014,FORD,F-150,PICKUP TRUCK,RWD,GASOLINE/E85,69071,2014-10-30,26
F8C629D555A6BE1CA12B5D3E810E391F,2014,FORD,F-150,PICKUP TRUCK,RWD,GASOLINE/E85,93668,2014-12-12,26
4E7802EB25CA69674B87173B08DB06AD,2014,FORD,F-150,PICKUP TRUCK,RWD,GASOLINE/E85,83103,2014-12-18,26
445512FE12256FC27C7A2B57D71168BD,2014,FORD,F-150,PICKUP TRUCK,RWD,GASOLINE/E85,76018,2015-01-15,26
D4E2CFA5AA6AA240446445D3F05A6164,2014,FORD,F-150,PICKUP TRUCK,RWD,GASOLINE/E85,57755,2015-01-15,26
FA5D0FC808B528C058C5839608E8C2E6,2014,FORD,F-150,PICKUP TRUCK,RWD,GASOLINE/E85,102990,2015-01-15,26
08B04388C70B5275C092058E9F4C6682,2014,FORD,F-150,PICKUP TRUCK,RWD,GASOLINE/E85,147926,2014-12-26,26
3DE3E586AA8625DBD6F605F521D69E12,2014,FORD,F-150,PICKUP TRUCK,RWD,GASOLINE/E85,107338,2014-11-19,26
CDDEB811270A264BE1C26E90F6EAED8D,2014,FORD,F-150,PICKUP TRUCK,RWD,GASOLINE/E85,77750,2015-01-16,26
30E912FB0C22DD8E7BD49D2683502B92,2014,FORD,F-150,PICKUP TRUCK,RWD,GASOLINE/E85,134529,2014-10-21,26
D62BC42BDE4E6CC1C07A43D5CE9A651F,2014,FORD,F-150,PICKUP TRUCK,RWD,GASOLINE/E85,802126,2014-09-30,26
A3C1FEC85D944AA0452107D16AFA1B2C,2014,FORD,F-150,PICKUP TRUCK,RWD,GASOLINE/E85,132456,2014-10-27,26
88FA7C92F3BBF63D893016788CA2C0DE,2014,FORD,F-150,PICKUP TRUCK,RWD,GASOLINE/E85,158611,2014-10-17,26
4BE523197F1359B8D52BD61F1BBC1D8F,2014,FORD,F-150,PICKUP TRUCK,RWD,GASOLINE/E85,101816,2014-12-18,26
3DB36A3CC1823F7C8ADAE8BFF056883C,2014,FORD,F-150,PICKUP TRUCK,RWD,GASOLINE/E85,110258,2015-03-02,26
80206E6E47836186C8641B971BE825A2,2014,FORD,F-150,PICKUP TRUCK,RWD,GASOLINE/E85,74355,2014-10-27,26
2D4DA11A5FBDF825C4D2A867D3180F06,2014,FORD,F-150,PICKUP TRUCK,RWD,GASOLINE/E85,97610,2014-11-14,26
E4A0B5D055AB2939164C275E23F15F1E,2014,FORD,F-150,PICKUP TRUCK,RWD,GASOLINE/E85,63206,2015-01-20,26
FED6BFFEF60FDF4E455A7A0234C10471,2014,FORD,F-150,PICKUP TRUCK,RWD,GASOLINE/E85,105850,2014-12-10,26
0D0ED4F1B4F39BE66941075E1855084B,2015,FORD,F-350,PICKUP TRUCK,RWD,GASOLINE/E85,97672,2014-10-17,35
8B955396FEE28EB8A7BE4215292A02EA,2015,FORD,F-350,PICKUP TRUCK,RWD,GASOLINE/E85,101524,2014-10-31,35
4BCF88152D8B0CEC1A0D9791516EB2F8,2014,FORD,F-150,PICKUP TRUCK,RWD,GASOLINE/E85,85610,2015-01-27,26
7B1DFA4E883A8B80364DEC4763DC6CE9,2015,FORD,F-350,PICKUP TRUCK,RWD,GASOLINE/E85,76651,2014-10-31,35
6D99B37B8E2A0513C5726158B4714327,2014,FORD,F-150,PICKUP TRUCK,RWD,GASOLINE/E85,81309,2014-05-13,26
198B018B973EADBF347B6F149FC46005,2014,FORD,F-150,PICKUP TRUCK,RWD,GASOLINE/E85,125286,2014-11-03,26
FC49F98FCFF5AE487B48E446FDF7BC12,2014,FORD,F-150,PICKUP TRUCK,RWD,GASOLINE/E85,81315,2014-09-09,26
10356F1B219EA1B74AB942F8C86721D8,2014,FORD,F-150,PICKUP TRUCK,RWD,GASOLINE/E85,99771,2014-10-06,26
DB38FAF428AA86452432A6036A8A81F1,2014,FORD,F-150,PICKUP TRUCK,RWD,GASOLINE/E85,99017,2014-09-16,26
0A2FBFA53EF396F630B6151EC3A7AFA9,2014,FORD,F-150,PICKUP TRUCK,RWD,GASOLINE/E85,142684,2014-10-24,26
82AEC9DA3F16329E6141BEF2CF2BBE9B,2013,FORD,F-150,PICKUP TRUCK,RWD,GASOLINE/E85,111607,2013-08-08,26
30CFFF1DBE6DE510006F7EF826A62189,2013,FORD,F-150,PICKUP TRUCK,RWD,GASOLINE/E85,108275,2013-08-05,26
D720B68D13CBE4200052AEEE8C067ED4,2013,FORD,F-150,PICKUP TRUCK,RWD,GASOLINE/E85,105040,2013-08-14,26
11BA05004318C37F6F0C6164B2714643,2013,FORD,F-150,PICKUP TRUCK,RWD,GASOLINE/E85,141898,2013-09-16,26
F9ACA419BD1E034A1B4C1F2E8CC6E1F5,2013,FORD,F-150,PICKUP TRUCK,RWD,GASOLINE/E85,127365,2013-09-16,26
262A0A882E94D22E74AB9750BB9E4DCD,2014,FORD,F-150,PICKUP TRUCK,RWD,GASOLINE/E85,100561,2014-05-21,26
A1393278DD2C118D8A58BBDF37AB35F5,2013,FORD,F-150,PICKUP TRUCK,RWD,GASOLINE/E85,184932,2013-12-02,26
36E0CC43D5E3B7E601C05A3CB7288711,2013,FORD,F-150,PICKUP TRUCK,RWD,GASOLINE/E85,152735,2013-09-18,26
D80B7DAE6EEF1868F7E0419DC642E395,2013,FORD,F-150,PICKUP TRUCK,RWD,GASOLINE/E85,194404,2013-09-20,26
623A5C9A40E6FC58BED3D4587AA44891,2013,FORD,F-150,PICKUP TRUCK,RWD,GASOLINE/E85,82767,2013-08-09,26
645CC5CE7529FC87D0E0B0055DCBC19A,2013,FORD,F-150,PICKUP TRUCK,RWD,GASOLINE/E85,99195,2013-08-09,26
6B667CA6B0A5D49D11CD9E39A9C65CCD,2013,FORD,F-150,PICKUP TRUCK,RWD,GASOLINE/E85,71786,2013-08-14,26
322049946FE09611F7208BCC8C5007A8,2013,FORD,F-150,PICKUP TRUCK,RWD,GASOLINE/E85,73092,2013-09-24,26
18C1F92F8E1B1F4D645D68CB62E309AE,2013,FORD,F-150,PICKUP TRUCK,RWD,GASOLINE/E85,103503,2013-09-11,26
B3D22F8F4576E942E717BB948C495A67,2014,FORD,F-350,PICKUP TRUCK,RWD,GASOLINE/E85,53703,2013-12-31,35
EFDBEFD160C6AE51C82027CAA163F1CA,2014,FORD,F-350,PICKUP TRUCK,RWD,GASOLINE/E85,124220,2013-12-31,35
18DFA2242238F264022A0AA41CC25935,2014,FORD,F-350,PICKUP TRUCK,RWD,GASOLINE/E85,168573,2013-12-31,35
D427D478931933EED44FF0F978F39AF7,2014,FORD,F-350,PICKUP TRUCK,RWD,GASOLINE/E85,87186,2014-01-30,35
2AB979437FFEE3C19C748FC0EB788BD9,2014,FORD,F-150,PICKUP TRUCK,RWD,GASOLINE/E85,91600,2014-05-15,26
80912E5458AC67424A57CA13097CBA2D,2013,FORD,F-150,PICKUP TRUCK,RWD,GASOLINE/E85,91414,2013-07-23,26
E0F42BF60BC7286DF9533D61A974FCEC,2013,FORD,F-150,PICKUP TRUCK,RWD,GASOLINE/E85,111536,2013-06-13,26
B8EC8765A6E783F27D5B5AA434799692,2015,FORD,FOCUS,PASSENGER CAR,FWD,GASOLINE/E85,86830,2015-04-13,12.4
E7F17D27E01ADE43C7FC7368103132E0,2015,CHEVROLET,SILVERADO,PICKUP TRUCK,RWD,GASOLINE/E85,135644,2015-04-28,34
10FF2690B08B17EF1E99682B49163409,2015,CHEVROLET,SILVERADO,PICKUP TRUCK,RWD,GASOLINE/E85,60648,2015-10-01,34
9597233AF761F0BFD240AEBF0BFE3FB5,2015,CHEVROLET,SILVERADO,PICKUP TRUCK,RWD,GASOLINE/E85,98230,2015-05-18,34
3AA4A9818E9FC771EEC2DBDC7130FEA6,2015,CHEVROLET,SILVERADO,PICKUP TRUCK,RWD,GASOLINE/E85,115132,2015-06-19,26
687DB8745CC5B370E02DCB5E444FD861,2015,CHEVROLET,SILVERADO,PICKUP TRUCK,RWD,GASOLINE/E85,51965,2015-07-02,34
A8E37EFC0EA3407A2CA085FC9B391FD9,2015,CHEVROLET,SILVERADO,PICKUP TRUCK,RWD,GASOLINE/E85,72609,2015-05-19,34
B7C6B2A7F20F24F3A4C54597A9469BF3,2015,CHEVROLET,SILVERADO,PICKUP TRUCK,RWD,GASOLINE/E85,53502,2015-07-02,34
26725FB41522378CE36A0958D986CE7C,2015,CHEVROLET,SILVERADO,PICKUP TRUCK,RWD,GASOLINE/E85,39774,2015-08-05,34
1C588A823B4C9D287C034B7F2FDFA38F,2015,FORD,FOCUS,PASSENGER CAR,FWD,GASOLINE/E85,72917,2015-06-11,12.4
FE0BC713CC6B49E6276C0D0243E8ED46,2015,CHEVROLET,SILVERADO,PICKUP TRUCK,RWD,GASOLINE/E85,101851,2015-07-02,34
2E4D09E50B7AE1B9AE8CC6EA25EFA6B2,2015,CHEVROLET,SILVERADO,PICKUP TRUCK,RWD,GASOLINE/E85,56370,2015-08-05,34
0175BF13715ECCC25E68B45D875D8F5D,2015,CHEVROLET,SILVERADO,PICKUP TRUCK,RWD,GASOLINE/E85,97261,2015-06-26,34
178B06AB5EFAA6E2AC14DBF2B731ADC2,2015,FORD,FOCUS,PASSENGER CAR,FWD,GASOLINE/E85,82095,2015-06-23,12.4
4DD912C9A895C96A27E685A714797F50,2015,FORD,FOCUS,PASSENGER CAR,FWD,GASOLINE/E85,88601,2015-06-23,12.4
740548A12ABD51CE2E031539FAE31ED1,2015,FORD,FOCUS,PASSENGER CAR,FWD,GASOLINE/E85,60277,2015-06-11,12.4
BC388CA53DB0B14B74C3F8DDE819F38C,2015,CHEVROLET,SILVERADO,PICKUP TRUCK,RWD,GASOLINE/E85,103860,2015-05-27,34
3A47EB2B1D461ECEF37CE2ED3D56B02D,2015,FORD,FOCUS,PASSENGER CAR,FWD,GASOLINE/E85,71523,2015-06-17,12.4
965073B1B1ACB8D85B7821BD2C418078,2015,CHEVROLET,SILVERADO,PICKUP TRUCK,RWD,GASOLINE/E85,74738,2015-06-17,34
E069B61F3868872DBE53963DAC596D60,2015,FORD,FOCUS,PASSENGER CAR,FWD,GASOLINE/E85,60120,2015-06-17,12.4
C9FCF58192DE59DDF74119EEAB983C9C,2015,FORD,FOCUS,PASSENGER CAR,FWD,GASOLINE/E85,51245,2015-06-15,12.4
70B5B85003A9B2CF21C96D2026029661,2015,CHEVROLET,SILVERADO,PICKUP TRUCK,RWD,GASOLINE/E85,112095,2015-06-15,34
2D1A51A72CC6EF047703711B194C9710,2015,FORD,FOCUS,PASSENGER CAR,FWD,GASOLINE/E85,68045,2015-06-17,12.4
DB406DAFCD21B31F1B423EA164C632B1,2015,FORD,FOCUS,PASSENGER CAR,FWD,GASOLINE/E85,136238,2015-06-17,12.4
7E023A8F8C294EE7C82CB41F92FC4423,2014,FORD,F-150,PICKUP TRUCK,RWD,GASOLINE/E85,59242,2014-12-11,26
89CCA90437DEC3A43DC01C03984F5CB0,2014,FORD,F-150,PICKUP TRUCK,RWD,GASOLINE/E85,130770,2014-12-04,26
C1137C7E42FBA7C0F869755E5C141BBD,2015,CHEVROLET,SILVERADO,PICKUP TRUCK,RWD,GASOLINE/E85,57867,2015-04-03,34
71CB886FE2688DF91AA16727A3EA62B5,2015,CHEVROLET,SILVERADO,PICKUP TRUCK,RWD,GASOLINE/E85,53593,2015-03-31,34
1E4E768AC8FC7AB4FC473B353FB53658,2015,CHEVROLET,SILVERADO,PICKUP TRUCK,RWD,GASOLINE/E85,114452,2015-06-29,34
6D92052B49AB0D6E1582095E907BE79B,2015,CHEVROLET,SILVERADO,PICKUP TRUCK,RWD,GASOLINE/E85,42836,2015-05-24,34
A2D5A28AAEFEAD9407C8BD20C2E751C6,2015,CHEVROLET,SILVERADO,PICKUP TRUCK,RWD,GASOLINE/E85,55315,2015-05-11,34
3A45F20DDEA1174B480EA0E6ACA70D40,2015,CHEVROLET,SILVERADO,PICKUP TRUCK,RWD,GASOLINE/E85,74703,2015-04-22,34
896E5662AA55A00A87E3FCBFAFE366C5,2015,CHEVROLET,SILVERADO,PICKUP TRUCK,RWD,GASOLINE/E85,57932,2015-05-05,34
858B18D5AD27CA7AAEFDC9F54AE78CF0,2015,CHEVROLET,SILVERADO,PICKUP TRUCK,RWD,GASOLINE/E85,91995,2015-05-14,34
DCA434670152DE40004EDA2B27BFF778,2015,CHEVROLET,SILVERADO,PICKUP TRUCK,RWD,GASOLINE/E85,103146,2015-06-04,34
BE1BEBB9C0437B0F4DD2D0102856E27E,2015,CHEVROLET,SILVERADO,PICKUP TRUCK,RWD,GASOLINE/E85,180706,2015-04-22,34
D005E9BF1B734BEDBCDDFBDD260E6F18,2015,CHEVROLET,SILVERADO,PICKUP TRUCK,RWD,GASOLINE/E85,73770,2015-06-25,34
5CAF829E885F67594D03111776949FF5,2015,CHEVROLET,SILVERADO,PICKUP TRUCK,RWD,GASOLINE/E85,78652,2015-04-13,34
061934312905663802DC1BCF56572E9D,2015,CHEVROLET,SILVERADO,PICKUP TRUCK,RWD,GASOLINE/E85,106800,2015-05-07,34
A83161783E37FBDFBBA80ECD88600BBE,2014,FORD,F-150,PICKUP TRUCK,RWD,GASOLINE/E85,84770,2015-01-27,26
C48B7ABFAFE3801B773BA02AADB7468B,2014,FORD,F-150,PICKUP TRUCK,RWD,GASOLINE/E85,104976,2015-01-23,26
7C8DF8322069DB4F62756A390D54D87A,2014,FORD,F-150,PICKUP TRUCK,RWD,GASOLINE/E85,91805,2015-01-28,26
C0AAC0A1045F0E687D71FC0A6BEE5C40,2015,CHEVROLET,SILVERADO,PICKUP TRUCK,RWD,GASOLINE/E85,59173,2015-05-13,34
3A4A16CC239967DA164D19AFB6B9719B,2014,FORD,F-150,PICKUP TRUCK,RWD,GASOLINE/E85,97800,2015-01-29,26
C47837D1D39A9098CAD3C95F7B103B1D,2014,FORD,F-150,PICKUP TRUCK,RWD,GASOLINE/E85,122995,2015-01-21,26
7C20464ADE29878989F2D87E3B041119,2015,CHEVROLET,SILVERADO,PICKUP TRUCK,RWD,GASOLINE/E85,124923,2015-05-01,34
4A59B1E57EB65CD75359CF5E87322FD5,2015,CHEVROLET,SILVERADO,PICKUP TRUCK,RWD,GASOLINE/E85,82002,2015-04-27,34
47A70FDA07F83DAABCFC2E5F34F314AB,2015,FORD,F-250,PICKUP TRUCK,4WD,GASOLINE/E85,69171,2014-09-11,35
9FC0130D8A76C9C475872ED0A94EF256,2015,FORD,F-250,PICKUP TRUCK,4WD,GASOLINE/E85,78234,2014-09-11,35
E86A5C41A698EA3266FC0972E2BDBA9C,2014,FORD,F-150,PICKUP TRUCK,RWD,GASOLINE/E85,150123,2014-11-13,26
BC936720EC4ACBC0B030C51FA86CF369,2015,FORD,FUSION,PASSENGER CAR,FWD,GASOLINE,99408,2014-10-08,16.5
DDE9392A3AAC59B7AF0154D3453EDC3C,2014,FORD,F-150,PICKUP TRUCK,RWD,GASOLINE/E85,78123,2014-12-02,26
CD426A2667833F78D8055A670288AC4F,2014,FORD,F-150,PICKUP TRUCK,RWD,GASOLINE/E85,84801,2014-12-11,26
38B8C60F1FCD1F7C3208FCD682C30293,2015,CHEVROLET,SILVERADO,PICKUP TRUCK,RWD,GASOLINE/E85,43924,2015-08-13,34
F1DFB207435760E9ECBBCC567A855FE2,2014,FORD,F-150,PICKUP TRUCK,RWD,GASOLINE/E85,104800,2014-11-11,26
85B0EDA543EBEA6D6A8BA79BE665AB24,2014,FORD,F-150,PICKUP TRUCK,RWD,GASOLINE/E85,107247,2014-10-27,26
8200F899B270B4B6AB918390BF993DF8,2014,FORD,F-150,PICKUP TRUCK,RWD,GASOLINE/E85,93954,2014-10-18,26
07D2D300F1B08A86DBE7F435492FD7FA,2014,FORD,F-150,PICKUP TRUCK,RWD,GASOLINE/E85,105888,2015-01-15,26
F02664599BF1D1299216C981AB9FAF6B,2014,FORD,F-150,PICKUP TRUCK,RWD,GASOLINE/E85,95333,2014-10-10,26
E7EBE81CB57F6F04FEB35EF05288A64C,2014,FORD,F-150,PICKUP TRUCK,RWD,GASOLINE/E85,150253,2014-11-20,26
9D13BB85ABEFD0CC6AE1BBDC1C2B79B9,2014,FORD,F-150,PICKUP TRUCK,RWD,GASOLINE/E85,159733,2014-10-22,26
DC63853C267EA0FA1E1254A85274EEBD,2014,FORD,F-150,PICKUP TRUCK,RWD,GASOLINE/E85,205745,2014-06-04,26
2D1E7A34EA52EF031ACE09CDC9ED5ADC,2014,FORD,F-150,PICKUP TRUCK,RWD,GASOLINE/E85,159085,2014-05-21,26
5D45E2F725AB33482CD08B15CF1EA61B,2014,FORD,F-150,PICKUP TRUCK,RWD,GASOLINE/E85,134112,2014-05-21,26
7D71C9CF7DA39D03CDCDEEDFE6CBBED7,2014,FORD,F-150,PICKUP TRUCK,RWD,GASOLINE/E85,89349,2014-05-14,26
7899EAE76EF12DF46B465418D3460CFA,2014,FORD,F-150,PICKUP TRUCK,RWD,GASOLINE/E85,141396,2014-05-21,26
7A48280CCFEE7CB66099939A867986B5,2014,FORD,F-150,PICKUP TRUCK,RWD,GASOLINE/E85,171655,2014-06-20,26
0B8A797B0204D3355E9D8C7F047A2A96,2014,FORD,F-150,PICKUP TRUCK,RWD,GASOLINE/E85,105386,2014-08-07,26
2A0DC17B362C999EB57001F2ED8A720F,2014,FORD,F-150,PICKUP TRUCK,RWD,GASOLINE/E85,81551,2014-05-07,26
39B969A31F7F900E98988A6874E8D1FE,2014,FORD,F-150,PICKUP TRUCK,RWD,GASOLINE/E85,78000,2014-06-04,26
004580B420A67F533A3BAFC0BAE58C26,2014,FORD,F-150,PICKUP TRUCK,RWD,GASOLINE/E85,74945,2014-06-04,26
C74949043648A8B68DF61D78F7B2D59C,2014,FORD,F-150,PICKUP TRUCK,RWD,GASOLINE/E85,137064,2014-05-20,26
A698A1ECA6FCE4638533C31237F39E78,2014,FORD,F-150,PICKUP TRUCK,RWD,GASOLINE/E85,93111,2014-05-28,26
20D0ABDE8FADB16F7CAFEE2E4CA6CC09,2014,FORD,F-150,PICKUP TRUCK,RWD,GASOLINE/E85,130738,2014-05-16,26
AD5CE6EF136C392E02578F1770AB30E2,2014,FORD,F-150,PICKUP TRUCK,RWD,GASOLINE/E85,107712,2014-07-03,26
C35CC442C6B9597407F62EEF62134C46,2014,FORD,F-150,PICKUP TRUCK,RWD,GASOLINE/E85,139293,2014-06-04,26
36F1148CB134C27652AAC2285F582E58,2014,FORD,F-150,PICKUP TRUCK,RWD,GASOLINE/E85,95057,2014-06-10,26
D3672495980C2DB256BE14EC36F136AA,2014,FORD,F-150,PICKUP TRUCK,RWD,GASOLINE/E85,92198,2014-06-16,26
02D724F49E518761D2CDA743C00FA7E6,2014,FORD,F-150,PICKUP TRUCK,RWD,GASOLINE/E85,92830,2014-07-03,26
46032BA276DB4C6221BCE8AD71E49357,2013,FORD,F-150,PICKUP TRUCK,RWD,GASOLINE/E85,158123,2013-04-10,26
F45F179E16D4804E5099E06B5CE887C8,2013,FORD,F-150,PICKUP TRUCK,RWD,GASOLINE/E85,150948,2013-05-14,26
7E5B1A8F0658D96992D4DAD33EAB7992,2013,FORD,F-150,PICKUP TRUCK,RWD,GASOLINE/E85,118183,2013-05-14,26
5AE3A1A72F3DADAEB864B5746700E7F8,2013,FORD,F-150,PICKUP TRUCK,RWD,GASOLINE/E85,179344,2013-04-26,26
7835E04BDCEB57E6954608C45A3D3510,2013,FORD,F-150,PICKUP TRUCK,RWD,GASOLINE/E85,183087,2013-05-17,26
4876D44339E95A14175865EE671DEDC9,2013,FORD,F-150,PICKUP TRUCK,RWD,GASOLINE/E85,97952,2013-11-01,26
2BC67135168DFFB78B8C2461CE92089C,2013,FORD,F-350,PICKUP TRUCK,RWD,GASOLINE/E85,132340,2013-03-05,35
732C3C786FA41ED921AC36B99838A7D3,2013,FORD,F-350,PICKUP TRUCK,RWD,GASOLINE/E85,201620,2013-03-14,35
8C4FB1057DD2285282490FC58BC80D14,2013,FORD,F-350,PICKUP TRUCK,RWD,GASOLINE/E85,163817,2013-03-11,35
3D7779CEFCFC53AEA59D804C8031D31E,2013,FORD,F-350,PICKUP TRUCK,RWD,GASOLINE/E85,103991,2013-04-05,35
2C895F86C640565EC22107BEB48CA94F,2013,FORD,F-350,PICKUP TRUCK,RWD,GASOLINE/E85,218734,2013-04-01,35
798E9E50C084F802415F0F466905B4B3,2013,FORD,F-350,PICKUP TRUCK,RWD,GASOLINE/E85,165397,2013-04-18,35
BC5C740F2A3BD7700662489ED38CB96A,2015,CHEVROLET,SILVERADO,PICKUP TRUCK,RWD,GASOLINE/E85,44643,2015-07-08,34
BB3B17352575D4FF17362526791C66EF,2015,FORD,FOCUS,PASSENGER CAR,FWD,GASOLINE/E85,61801,2015-08-13,12.4
2FF01D7083C05675E351E452017179A6,2015,FORD,FOCUS,PASSENGER CAR,FWD,GASOLINE/E85,34810,2015-07-17,12.4
72F55D512C78B0BD816AFF7A08152696,2015,FORD,FOCUS,PASSENGER CAR,FWD,GASOLINE/E85,67999,2015-08-13,12.4
C124440E801D4345AA91B9018CB7CAD4,2015,FORD,FOCUS,PASSENGER CAR,FWD,GASOLINE/E85,91776,2015-08-13,12.4
9C4E83E6D6EFF313BCDD34430B8D939D,2015,CHEVROLET,SILVERADO,PICKUP TRUCK,RWD,GASOLINE/E85,42400,2015-08-17,34
F26D20B983BEFC63D8D7533DA8FC8218,2015,FORD,FOCUS,PASSENGER CAR,FWD,GASOLINE/E85,67452,2015-08-13,12.4
7FB480862FD47D2D2F7562D6B98DF97B,2015,FORD,FOCUS,PASSENGER CAR,FWD,GASOLINE/E85,65860,2015-08-13,12.4
F85DABE5FCE94213B201FD20C8C415E7,2015,FORD,FOCUS,PASSENGER CAR,FWD,GASOLINE/E85,102786,2015-06-04,12.4
56D301BF04DDE3F905E0B7A359B6E68A,2015,FORD,FOCUS,PASSENGER CAR,FWD,GASOLINE/E85,68224,2015-06-04,12.4
601F4513136D6BF92470855EFC4E3667,2015,FORD,FOCUS,PASSENGER CAR,FWD,GASOLINE/E85,64931,2015-06-09,12.4
E68E94BE62324D9CF65C235558EE9738,2015,FORD,FOCUS,PASSENGER CAR,FWD,GASOLINE/E85,49224,2015-06-26,12.4
AB56DAA9E678F7755370644CD2945F6A,2015,FORD,FOCUS,PASSENGER CAR,FWD,GASOLINE/E85,80227,2015-06-04,12.4
FBD6A58104BA11AE7AB39D2B3CF36392,2015,FORD,FOCUS,PASSENGER CAR,FWD,GASOLINE/E85,80157,2015-06-18,12.4
ADA8A1DC99B3EAD61FEA9DC2A5FF0C62,2015,FORD,FOCUS,PASSENGER CAR,FWD,GASOLINE/E85,63289,2015-06-15,12.4
B3D69F2C612978E3BF03BB60CA0FCDD0,2015,FORD,FOCUS,PASSENGER CAR,FWD,GASOLINE/E85,60300,2015-06-17,12.4
A02BAF1385D88157BB719074FB14FB08,2015,FORD,FOCUS,PASSENGER CAR,FWD,GASOLINE/E85,81447,2015-06-17,12.4
E2C0A32B417005B804039259A4450C82,2015,FORD,FOCUS,PASSENGER CAR,FWD,GASOLINE/E85,98560,2015-06-12,12.4
E403E5A18D8DE29677F8D44ACCF91D6C,2015,CHEVROLET,SILVERADO,PICKUP TRUCK,RWD,GASOLINE/E85,94531,2015-04-02,34
E062E9D9B4606128D88B60CB58D42E55,2015,CHEVROLET,SILVERADO,PICKUP TRUCK,RWD,GASOLINE/E85,101797,2015-06-16,34
21AE259F8FAF31D7CE5D9EBDF2045BF1,2015,CHEVROLET,SILVERADO,PICKUP TRUCK,RWD,GASOLINE/E85,52462,2015-06-10,34
CF2AC89C86A6B4A71465134B80204538,2015,CHEVROLET,SILVERADO,PICKUP TRUCK,RWD,GASOLINE/E85,73935,2015-10-16,34
5BCDADD436867B9325EEF83717A0F4CD,2015,CHEVROLET,SILVERADO,PICKUP TRUCK,RWD,GASOLINE/E85,104833,2015-06-25,34
F0727785A99C47477117D950BB4C79CC,2015,CHEVROLET,SILVERADO,PICKUP TRUCK,RWD,GASOLINE/E85,61839,2015-06-23,34
38F723E377207C3C2A94D27C395C64D7,2015,CHEVROLET,SILVERADO,PICKUP TRUCK,RWD,GASOLINE/E85,105123,2015-05-29,34
45A59B3D621C733AF2FEC1DFEDBDF0A4,2015,CHEVROLET,SILVERADO,PICKUP TRUCK,RWD,GASOLINE/E85,106826,2015-07-27,34
8CD1FCCB06B7929793176551C805EF06,2015,CHEVROLET,SILVERADO,PICKUP TRUCK,RWD,GASOLINE/E85,60654,2015-07-13,34
8A933D028568923D3C2479D9B2F9AF46,2015,CHEVROLET,SILVERADO,PICKUP TRUCK,RWD,GASOLINE/E85,126060,2015-10-01,34
BA19421829A07B314F4E25D4BD8C220A,2015,CHEVROLET,SILVERADO,PICKUP TRUCK,RWD,GASOLINE/E85,53206,2015-08-03,34
7CD4864F19DBDB9885440D553C6EDDA6,2015,CHEVROLET,SILVERADO,PICKUP TRUCK,RWD,GASOLINE/E85,74210,2015-07-09,34
A95C0CD6442A1F199968951AE14DB2AB,2015,CHEVROLET,SILVERADO,PICKUP TRUCK,RWD,GASOLINE/E85,82047,2015-07-08,34
7126A27981F2F4072D268A3FA1819FA3,2015,CHEVROLET,SILVERADO,PICKUP TRUCK,RWD,GASOLINE/E85,79335,2015-10-01,34
CA91913C48E7C7956E3CD304315A93CC,2015,CHEVROLET,SILVERADO,PICKUP TRUCK,RWD,GASOLINE/E85,63618,2015-08-14,34
2F7DE708FD671085DEBC4C510E096465,2015,CHEVROLET,SILVERADO,PICKUP TRUCK,RWD,GASOLINE/E85,67361,2016-04-25,34
F5BBEDCFE8327AED64E0DACA991DB2A4,2015,CHEVROLET,SILVERADO,PICKUP TRUCK,RWD,GASOLINE/E85,54148,2016-06-06,34
2A1631FEF7FF2D0B517D1913450BE22A,2015,CHEVROLET,SILVERADO,PICKUP TRUCK,RWD,GASOLINE/E85,77671,2016-06-17,34
0DBDE4EFC1697A2F3C20FC3D1FDC0319,2015,CHEVROLET,SILVERADO,PICKUP TRUCK,RWD,GASOLINE/E85,43791,2016-06-15,34
990F6C8E0472E6B63E6676BD4DAE4152,2015,CHEVROLET,SILVERADO,PICKUP TRUCK,RWD,GASOLINE/E85,53800,2015-06-08,34
4DACAD0292318727432CA1914A4667D1,2015,CHEVROLET,SILVERADO,PICKUP TRUCK,RWD,GASOLINE/E85,54638,2015-05-22,34
6ABB5A037A44F60532F103690D439269,2015,CHEVROLET,SILVERADO,PICKUP TRUCK,RWD,GASOLINE/E85,142300,2015-07-09,34
85524462B5D60C26687888A88853CEC1,2015,CHEVROLET,SILVERADO,PICKUP TRUCK,RWD,GASOLINE/E85,90628,2015-08-06,34
42CFFFE5602A79D10261BD357290EA61,2015,CHEVROLET,SILVERADO,PICKUP TRUCK,RWD,GASOLINE/E85,94315,2015-09-22,34
340E024ACA1F2EA16423CB28F8269DA1,2015,CHEVROLET,SILVERADO,PICKUP TRUCK,RWD,GASOLINE/E85,156812,2015-06-22,34
C4FA5C0B38D35CC9354706A46C2B0C7F,2015,CHEVROLET,SILVERADO,PICKUP TRUCK,RWD,GASOLINE/E85,86828,2015-07-23,34
1EF5E7D69E05E10BDAEC3F8A2257A38F,2015,CHEVROLET,SILVERADO,PICKUP TRUCK,RWD,GASOLINE/E85,103011,2015-08-17,34
FE9966FAD1D1D1101C3605972C85A12E,2015,CHEVROLET,SILVERADO,PICKUP TRUCK,RWD,GASOLINE/E85,124800,2015-07-16,34
3675C31C7C026B0BD5113DF25EF75C1A,2015,CHEVROLET,SILVERADO,PICKUP TRUCK,RWD,GASOLINE/E85,101238,2015-06-01,34
AB41C8D2D48EEFBB68EF739B5C011E4F,2015,CHEVROLET,SILVERADO,PICKUP TRUCK,RWD,GASOLINE/E85,61705,2015-09-14,34
FFC295E57FC8AD2C1D7CD8ADEC66664B,2015,CHEVROLET,SILVERADO,PICKUP TRUCK,RWD,GASOLINE/E85,107524,2015-08-25,34
D89AC342803FE60C90556E42CF9E6598,2014,FORD,F-150,PICKUP TRUCK,RWD,GASOLINE/E85,82966,2015-03-06,26
E305E8ACA4BAF09826B63B953347A608,2014,FORD,F-150,PICKUP TRUCK,RWD,GASOLINE/E85,135675,2014-11-19,26
0F1272EB4F49E38326EAC691929F950C,2015,FORD,F-450,PICKUP TRUCK,RWD; DUAL REAR WHEELS,GASOLINE,48920,2015-09-14,40
57B9E3893BDC1D69BF8BE803E1454800,2015,FORD,F-350,PICKUP TRUCK,RWD,GASOLINE/E85,66915,2014-10-31,35
5DFDB5096BB6795653490389317EA0A6,2015,FORD,F-450,PICKUP TRUCK,RWD; DUAL REAR WHEELS,GASOLINE,33229,2015-08-14,40
EB9EA9287A06ABA614543F473DBBD659,2015,FORD,F-650,TRUCK,4X2; DUAL REAR WHEELS,GASOLINE,59734,2014-11-19,0
297619FD76CA637C46C46455693C4009,2014,FORD,F-150,PICKUP TRUCK,RWD,GASOLINE/E85,38701,2015-02-23,26
678E569AE4F50A0425A5987B4086ED3A,2014,FORD,F-150,PICKUP TRUCK,RWD,GASOLINE/E85,75855,2014-06-10,26
390B9081AB5AC8EF44BFF54D69A29FBC,2014,FORD,F-150,PICKUP TRUCK,RWD,GASOLINE/E85,104739,2014-06-03,26
2A6D520DB0CAE2CED7D97DF4F2793E78,2014,FORD,F-150,PICKUP TRUCK,RWD,GASOLINE/E85,121620,2014-06-11,26
64730F49C8698B7748F60B07C434CD22,2014,FORD,F-150,PICKUP TRUCK,RWD,GASOLINE/E85,102658,2014-07-17,26
47202B01D9FAB419429E702E1ACF4628,2014,FORD,F-150,PICKUP TRUCK,RWD,GASOLINE/E85,115175,2014-04-16,26
8EF6E638EEBD5877A803351A49D26EFF,2014,FORD,F-150,PICKUP TRUCK,RWD,GASOLINE/E85,116826,2014-04-21,26
CE949B4609B5F4F58033C28937DF4739,2014,FORD,F-150,PICKUP TRUCK,RWD,GASOLINE/E85,79023,2014-07-16,26
056B07B3AB5FB6C96427D44B51D7C8C4,2014,FORD,F-150,PICKUP TRUCK,RWD,GASOLINE/E85,87939,2014-06-05,26
65179E4871A902454FDB6510125D5D8F,2014,FORD,F-150,PICKUP TRUCK,RWD,GASOLINE/E85,98920,2014-06-05,26
669D1899A007D7DCD28B72BF99358878,2014,FORD,F-150,PICKUP TRUCK,RWD,GASOLINE/E85,88041,2014-08-26,26
B9A7758EF94BC99876E15B4EB3645218,2014,FORD,F-150,PICKUP TRUCK,RWD,GASOLINE/E85,68412,2014-05-15,26
FACBD1200A47C8C76E4AC6E40C134842,2014,FORD,F-150,PICKUP TRUCK,RWD,GASOLINE/E85,132126,2014-06-30,26
3FCC5263E8D601087BCC30B60F2FC844,2014,FORD,F-150,PICKUP TRUCK,RWD,GASOLINE/E85,152972,2014-06-05,26
FF16344E21F7B94024DB00E0A8E442FC,2014,FORD,F-150,PICKUP TRUCK,RWD,GASOLINE/E85,99407,2014-06-12,26
C531A99CC4841DD125CAFDE8A6E75BC8,2014,FORD,F-150,PICKUP TRUCK,RWD,GASOLINE/E85,151679,2014-06-12,26
CEAD3B7047E8EB0FB2B5927C2828126D,2014,FORD,F-150,PICKUP TRUCK,RWD,GASOLINE/E85,81788,2014-06-06,26
955DA555B194D7E5D617C30B1D943C22,2014,FORD,F-150,PICKUP TRUCK,RWD,GASOLINE/E85,131379,2014-06-12,26
7A57921172909BB1152289D87FDD3C39,2014,FORD,F-150,PICKUP TRUCK,RWD,GASOLINE/E85,86700,2014-06-04,26
BBC78EAEA9856E45808C27CD9D999C8C,2014,FORD,F-150,PICKUP TRUCK,RWD,GASOLINE/E85,97482,2014-05-21,26
66C53975F7451DF7E3E76FC0C81B283C,2014,FORD,F-150,PICKUP TRUCK,RWD,GASOLINE/E85,125420,2014-06-12,26
A82D6A1F4C4B36BA22A4A1F8CA899AE5,2013,FORD,F-150,PICKUP TRUCK,RWD,GASOLINE/E85,186753,2013-04-26,26
F8ED881AF69A946CBA82885CB2B8E9D5,2013,FORD,F-150,PICKUP TRUCK,RWD,GASOLINE/E85,199490,2013-05-30,26
A688E9066BBD0BD81643EC26F2403BD9,2013,FORD,F-150,PICKUP TRUCK,RWD,GASOLINE/E85,122594,2013-04-22,26
822F70B3FE2902130DAE4AE2BC419B93,2013,FORD,F-150,PICKUP TRUCK,RWD,GASOLINE/E85,87630,2013-04-22,26
10C55CF29F6276CCE05E760D5F24352B,2013,FORD,F-150,PICKUP TRUCK,RWD,GASOLINE/E85,110188,2013-06-06,26
4ECA9A61E19F5C684F9EE36661900943,2013,FORD,F-150,PICKUP TRUCK,RWD,GASOLINE/E85,108694,2013-05-09,26
B2998326829B57C6B38E6298CF1B5F67,2013,FORD,F-150,PICKUP TRUCK,RWD,GASOLINE/E85,144051,2013-05-22,26
A725CF33E7D3AA1F310326C572565035,2013,FORD,F-350,PICKUP TRUCK,RWD,GASOLINE/E85,205650,2013-03-22,35
E2BEE1EDDA2BA37C94A0B7D78FC95141,2015,CHEVROLET,SILVERADO,PICKUP TRUCK,RWD,GASOLINE/E85,70650,2015-03-04,26
8B29D332E0EAD6FE38C3BDEC375A5A64,2015,FORD,TRANSIT VAN,VAN,RWD,GASOLINE/E85,67908,2015-03-26,26
7131FF3567A0CA4FA3118E7743F5233D,2015,FORD,FOCUS,PASSENGER CAR,FWD,GASOLINE/E85,84529,2015-07-22,12.4
7095D540F04BB344A043B9887A713A03,2015,CHEVROLET,SILVERADO,PICKUP TRUCK,RWD,GASOLINE/E85,133068,2015-07-21,34
62F14CE07112511F7033D16C35CB3D74,2015,CHEVROLET,SILVERADO,PICKUP TRUCK,4WD,GASOLINE/E85,105872,2015-05-27,34
8E5C28A63A876798736D346E4C52F21F,2015,FORD,FOCUS,PASSENGER CAR,FWD,GASOLINE/E85,56218,2015-06-19,12.4
15626DD8747F5636E494725E4249EC8F,2013,FORD,F-150,PICKUP TRUCK,RWD,GASOLINE/E85,153401,2013-05-15,26
C085D63D9F5BBF16A2414841916AEEDF,2013,FORD,F-150,PICKUP TRUCK,RWD,GASOLINE/E85,108906,2013-05-07,26
EE19DF148A40C8271A9C1EAD983461BF,2013,FORD,F-150,PICKUP TRUCK,RWD,GASOLINE/E85,139217,2013-06-07,26
8E53D68D2EF472FBCFFF92315CC477BF,2013,FORD,F-150,PICKUP TRUCK,RWD,GASOLINE/E85,186773,2013-05-17,26
97500F508DF551550CF6DB861ACFACD9,2015,FORD,FOCUS,PASSENGER CAR,FWD,GASOLINE/E85,92737,2015-06-19,12.4
DBC411C799ECC6422F886B4F17769E0B,2015,FORD,FOCUS,PASSENGER CAR,FWD,GASOLINE/E85,58464,2015-05-25,12.4
6FF77F5D44DD5966676ABE4B58A30416,2015,FORD,FOCUS,PASSENGER CAR,FWD,GASOLINE/E85,94769,2015-06-02,12.4
C8A020B4C3BC5A01540211D5E4F97C79,2015,CHEVROLET,SILVERADO,PICKUP TRUCK,RWD,GASOLINE/E85,64222,2015-10-26,34
B61E91CEEDEB924FFA07251605D76A98,2015,CHEVROLET,SILVERADO,PICKUP TRUCK,RWD,GASOLINE/E85,81299,2015-09-24,34
2F2D8AAE4D5F3187393A20FEEEB07C84,2015,CHEVROLET,SILVERADO,PICKUP TRUCK,RWD,GASOLINE/E85,95374,2015-11-27,34
1BF66EF4E01C566939B3F88807B5FE3D,2015,CHEVROLET,SILVERADO,PICKUP TRUCK,RWD,GASOLINE/E85,87874,2015-09-28,34
AF40E1C8FAC7BC82F3C2BCE3FD48238C,2015,CHEVROLET,SILVERADO,PICKUP TRUCK,RWD,GASOLINE/E85,51731,2015-11-20,34
A9600864EB78BD2E41434AE258FE072A,2013,FORD,F-150,PICKUP TRUCK,RWD,GASOLINE/E85,151954,2013-05-20,26
50B9A8869D907581D91A9E9396D6CD79,2013,FORD,F-150,PICKUP TRUCK,RWD,GASOLINE/E85,99640,2013-05-29,26
6AB6E61A31C1E66057D8656D7E19709F,2013,FORD,F-150,PICKUP TRUCK,RWD,GASOLINE/E85,71959,2013-05-30,26
03BC2097D977A5BD899644CD0E839F59,2015,FORD,FOCUS,PASSENGER CAR,FWD,GASOLINE/E85,80396,2015-06-09,12.4
089C5EF75B1223112311D51029A185D5,2015,FORD,FOCUS,PASSENGER CAR,FWD,GASOLINE/E85,93383,2015-06-09,12.4
8F37A1F4215DEC79688F60BF870CAA63,2015,FORD,FOCUS,PASSENGER CAR,FWD,GASOLINE/E85,45475,2015-06-09,12.4
8DE925B18785CD8254DCA8F7FC7CBBD2,2015,FORD,FOCUS,PASSENGER CAR,FWD,GASOLINE/E85,81095,2015-06-09,12.4
B3262C9D3CC774B37693BC478C5A766D,2015,FORD,FOCUS,PASSENGER CAR,FWD,GASOLINE/E85,97596,2015-06-09,12.4
945F1D67659D64BEFD3E40E2C4D0FC16,2015,FORD,FOCUS,PASSENGER CAR,FWD,GASOLINE/E85,63651,2015-06-09,12.4
9394235177CF18469E1C01085B1F358B,2015,FORD,FOCUS,PASSENGER CAR,FWD,GASOLINE/E85,100807,2015-06-09,12.4
E407C954542FB2DA3BD31F393AB8F603,2015,FORD,FOCUS,PASSENGER CAR,FWD,GASOLINE/E85,73142,2015-06-09,12.4
99D8CDCEB4190FBE94429BEC9B4A30B4,2015,CHEVROLET,SILVERADO,PICKUP TRUCK,RWD,GASOLINE/E85,81522,2015-08-14,34
A499F42BFB7FEFCF0356BAD93EF2E333,2015,CHEVROLET,SILVERADO,PICKUP TRUCK,RWD,GASOLINE/E85,124736,2015-07-07,34
F1056974F6760CAADA4976272BC00CE8,2015,FORD,FOCUS,PASSENGER CAR,FWD,GASOLINE/E85,58095,2015-06-17,12.4
EA57DF075B5D427C9B6F6C628B709283,2015,FORD,FOCUS,PASSENGER CAR,FWD,GASOLINE/E85,38436,2015-06-19,12.4
F6C7C4387C621398068A8824FCC42914,2015,CHEVROLET,SILVERADO,PICKUP TRUCK,RWD,GASOLINE/E85,119837,2015-07-27,34
B1ECACBDE0AB3E86142C0F1C644380A6,2015,FORD,FOCUS,PASSENGER CAR,FWD,GASOLINE/E85,78019,2015-06-17,12.4
E66B7138ABC6A5E84743EC1B881BAAFD,2015,CHEVROLET,SILVERADO,PICKUP TRUCK,RWD,GASOLINE/E85,57024,2015-07-09,34
853F4B201DFB158829979DE636C63358,2015,FORD,FOCUS,PASSENGER CAR,FWD,GASOLINE/E85,35742,2015-06-19,12.4
1B62C5C866B1AAAD80C71FE82A285EE6,2015,FORD,FOCUS,PASSENGER CAR,FWD,GASOLINE/E85,76952,2015-06-17,12.4
073B0B848CB6371BE1C95F09449CDB5E,2015,FORD,FOCUS,PASSENGER CAR,FWD,GASOLINE/E85,53420,2015-06-17,12.4
5E2DF1F9D74F8AE702DB57CC8194D050,2015,FORD,FOCUS,PASSENGER CAR,FWD,GASOLINE/E85,56424,2015-07-06,12.4
FC7E25AF9C04B5EBE93E49783BFDD575,2015,FORD,FOCUS,PASSENGER CAR,FWD,GASOLINE/E85,61345,2015-06-18,12.4
3EF3C058C4CA5013B41031FFA0FC295D,2015,FORD,FOCUS,PASSENGER CAR,FWD,GASOLINE/E85,92554,2015-06-15,12.4
015C890DC66823CEED122E61ABF69DF9,2015,FORD,FOCUS,PASSENGER CAR,FWD,GASOLINE/E85,126257,2015-07-06,12.4
ABC7E4B75B6D631F95A004DC614B30F8,2015,FORD,FOCUS,PASSENGER CAR,FWD,GASOLINE/E85,47802,2015-06-19,12.4
7A921F7B74E51484647EB5C785C0AC2B,2015,FORD,FOCUS,PASSENGER CAR,FWD,GASOLINE/E85,54648,2015-06-19,12.4
D030BD6D2D9D9C3D4D16A8D6D22636D1,2015,FORD,FOCUS,PASSENGER CAR,FWD,GASOLINE/E85,67373,2015-06-19,12.4
B335C4E44ED28700BD036900D5273A63,2015,CHEVROLET,SILVERADO,PICKUP TRUCK,RWD,GASOLINE/E85,101306,2015-06-19,34
17AAEDC11EB147AEF499E6E7CE90C2F8,2015,CHEVROLET,SILVERADO,PICKUP TRUCK,RWD,GASOLINE/E85,41239,2015-07-15,34
BE0224DDD73B9028E65CDA5264BB89CF,2015,FORD,FOCUS,PASSENGER CAR,FWD,GASOLINE/E85,51177,2015-06-04,12.4
59B2F6F507324D12B7A711A5D851517A,2015,CHEVROLET,SILVERADO,PICKUP TRUCK,RWD,GASOLINE/E85,135475,2015-08-12,34
87553CD5024B932A5B50E56094545EFF,2015,CHEVROLET,SILVERADO,PICKUP TRUCK,RWD,GASOLINE/E85,72666,2015-06-26,34
07A6ECB62DF7D85D9B25E9E53FB5CDB7,2015,CHEVROLET,SILVERADO,PICKUP TRUCK,RWD,GASOLINE/E85,44977,2015-08-06,34
8B710A14C4BB89BDB0634CA02199ED36,2015,FORD,FOCUS,PASSENGER CAR,FWD,GASOLINE/E85,62425,2015-06-18,12.4
22EE7083AAA7BCED8721ACC674901A1F,2015,FORD,FOCUS,PASSENGER CAR,FWD,GASOLINE/E85,35769,2015-06-18,12.4
B0E0404D819641962799CBED873B57B7,2015,FORD,FOCUS,PASSENGER CAR,FWD,GASOLINE/E85,98259,2015-06-30,12.4
801E727CC37996E31FEBE70C41171C6B,2015,FORD,FOCUS,PASSENGER CAR,FWD,GASOLINE/E85,65053,2015-07-10,12.4
8581B5D15CB73B1BC8A1A34DE6E9BED1,2015,FORD,FOCUS,PASSENGER CAR,FWD,GASOLINE/E85,54591,2015-07-10,12.4
43FF0B6B9185B72AB6EC0EC40DDE72E4,2015,FORD,FOCUS,PASSENGER CAR,FWD,GASOLINE/E85,81556,2015-07-10,12.4
95ED23D6D312F5C18DF88D93B1259447,2015,FORD,FOCUS,PASSENGER CAR,FWD,GASOLINE/E85,57725,2015-07-10,12.4
A6224986F9B2CB598088AAFF92D82BD8,2015,FORD,FOCUS,PASSENGER CAR,FWD,GASOLINE/E85,104995,2015-08-05,12.4
0317713B9F63AD89A9D69E5554714EB9,2015,FORD,FOCUS,PASSENGER CAR,FWD,GASOLINE/E85,69844,2015-07-10,12.4
07AE21B7F8D3C43193DAF52FA72E5C57,2015,FORD,FOCUS,PASSENGER CAR,FWD,GASOLINE/E85,115929,2015-07-10,12.4
B365F45BF906A24C04A831DBA28B2DA1,2015,FORD,FOCUS,PASSENGER CAR,FWD,GASOLINE/E85,54593,2015-08-05,12.4
A4DC8FB36108A660C89F32AD124057E5,2014,FORD,F-150,PICKUP TRUCK,RWD,GASOLINE/E85,121485,2014-12-12,26
8E44D746474A913EBB61A7E79756E1E2,2015,FORD,EXPLORER,MULTIPURPOSE VEHICLE (MPV),FWD,GASOLINE,83743,2014-08-25,18.6
0586E8F8018CC72FB7EE115DE8221D40,2014,FORD,F-150,PICKUP TRUCK,RWD,GASOLINE/E85,89459,2014-12-31,26
085A490D04078114D5084A827A46670C,2015,FORD,F-250,PICKUP TRUCK,RWD,GASOLINE/E85,44558,2014-09-25,35
5A7257320F21F97D397B7C9231571E36,2015,FORD,F-350,PICKUP TRUCK,RWD,GASOLINE/E85,46143,2014-10-17,35
8D9B5BCB0D5AEF9798530C287EB107BC,2014,FORD,F-150,PICKUP TRUCK,4WD,GASOLINE/E85,121147,2014-10-13,36
1F206A2465D7308F88CF3409B2CC8D5E,2014,FORD,F-150,PICKUP TRUCK,RWD,GASOLINE/E85,149864,2015-01-20,26
8553BC80F447440683BC723454B4B846,2014,FORD,F-150,PICKUP TRUCK,RWD,GASOLINE/E85,92608,2014-04-23,26
9CC1CDFF22F6D220853DB46A42092C73,2014,FORD,F-150,PICKUP TRUCK,RWD,GASOLINE/E85,83594,2014-04-23,26
4B5D8628C8FCD332B10D644E0BD19C4A,2014,FORD,F-150,PICKUP TRUCK,RWD,GASOLINE/E85,121488,2014-05-13,26
2B63629654DAD8D6B90657602C3BB94C,2014,FORD,F-150,PICKUP TRUCK,RWD,GASOLINE/E85,133455,2014-04-25,26
2CC5327195B6641A720BD30423FDDAB1,2014,FORD,F-150,PICKUP TRUCK,RWD,GASOLINE/E85,55720,2015-02-27,26
158FE5C6CAE743CBD7FDFDF75B0EFC0F,2014,FORD,F-150,PICKUP TRUCK,RWD,GASOLINE/E85,95655,2014-11-03,26
58B2009EE8CB5F11B67F0DEA4AEFAEA4,2014,FORD,F-150,PICKUP TRUCK,RWD,GASOLINE/E85,102720,2014-11-11,26
2F9666C6D7E4399DAB1F7D7D1B851E5B,2014,FORD,F-150,PICKUP TRUCK,RWD,GASOLINE/E85,212146,2014-07-25,26
EC79E5E3E9C5E362AD77460CBF413200,2014,FORD,F-150,PICKUP TRUCK,RWD,GASOLINE/E85,118918,2014-04-17,26
0A3C117E02FD8CFAAC949E76F2DE1513,2014,FORD,F-150,PICKUP TRUCK,RWD,GASOLINE/E85,109653,2014-04-24,26
36635FAEC45F8C72E2DE1BB0CB038212,2014,FORD,F-150,PICKUP TRUCK,RWD,GASOLINE/E85,106880,2014-05-16,26
5CBE716C26B48CF1E28C2727EB2FFCEB,2014,FORD,F-150,PICKUP TRUCK,RWD,GASOLINE/E85,85429,2014-04-21,26
5EA50AD6E9F5A6D99F185F61FC847B4C,2014,FORD,F-150,PICKUP TRUCK,RWD,GASOLINE/E85,97145,2014-04-08,26
D482101F8AE39AD0972A33B0B85FA314,2014,FORD,F-150,PICKUP TRUCK,RWD,GASOLINE/E85,127329,2014-05-22,26
977F166309C0B3D3EA5C2E44C23CD4F3,2014,FORD,F-150,PICKUP TRUCK,RWD,GASOLINE/E85,152516,2014-05-28,26
076D52D02BC00DDE7E115B73E1B564C5,2014,FORD,F-150,PICKUP TRUCK,RWD,GASOLINE/E85,164534,2014-06-02,26
40AAF319B9851A667757786CE14ECDFC,2014,FORD,F-150,PICKUP TRUCK,RWD,GASOLINE/E85,109962,2014-09-04,26
1D69740F569D3F30E894D521AAE764F4,2014,FORD,F-150,PICKUP TRUCK,RWD,GASOLINE/E85,64785,2014-09-04,26
6C5A6AE4E4711EDAC80BAD0D54F62E90,2014,FORD,F-150,PICKUP TRUCK,RWD,GASOLINE/E85,109958,2014-05-21,26
ACB323D3DAAE35D426AFE2356CA35E29,2011,FORD,F-150,PICKUP TRUCK,RWD,GASOLINE/E85,200392,2012-03-09,26
340EB074FF62346AC4D882BC051495EA,2011,FORD,F-150,PICKUP TRUCK,RWD,GASOLINE/E85,216150,2012-03-09,26
BD2CB2D43964A711ED101BE9BC12036A,2011,FORD,F-150,PICKUP TRUCK,RWD,GASOLINE/E85,5205,2012-04-03,26
8A044EFBC32C3437473DEBF8560A4455,2011,FORD,F-150,PICKUP TRUCK,RWD,GASOLINE/E85,172270,2012-03-12,26
D2A792318B3B92ECEF1DE10EE6ED4CB0,2015,CHEVROLET,SILVERADO,PICKUP TRUCK,4WD,GASOLINE/E85,112846,2015-05-21,34
366B5C46F335DBB7793E06753A92EFC9,2015,CHEVROLET,SILVERADO,PICKUP TRUCK,4WD,GASOLINE/E85,108671,2015-05-20,26
39294F93634ACB4EC082D4EC6BE221EA,2015,FORD,FOCUS,PASSENGER CAR,FWD,GASOLINE/E85,43543,2015-07-15,12.4
534DA3A2AB2669EB9C8AB7CEC00023B1,2015,CHEVROLET,SILVERADO,PICKUP TRUCK,RWD,GASOLINE/E85,48233,2016-02-18,34
F710BAF829FAAB19B722A1EACF8669A5,2015,CHEVROLET,SILVERADO,PICKUP TRUCK,RWD,GASOLINE/E85,138595,2015-10-14,34
F1D30FC26ABB28531D2F582A99E3FF60,2015,CHEVROLET,SILVERADO,PICKUP TRUCK,RWD,GASOLINE/E85,68644,2015-09-22,34
89B9FAFD25967C4F405F9FAE1F18947B,2015,CHEVROLET,SILVERADO,PICKUP TRUCK,RWD,GASOLINE/E85,91568,2015-09-24,34
55E91A7B6F0E6D92E1A84D42449B801A,2015,CHEVROLET,SILVERADO,PICKUP TRUCK,RWD,GASOLINE/E85,66604,2015-09-28,34
CC0BA3B076B638073057C4877C432AD8,2015,CHEVROLET,SILVERADO,PICKUP TRUCK,RWD,GASOLINE/E85,118170,2015-10-21,34
4953E889B34C6208330281063E3C812F,2015,CHEVROLET,SILVERADO,PICKUP TRUCK,RWD,GASOLINE/E85,95000,2015-09-08,34
8B4737F71646FC840A3B0367E798D4C9,2013,FORD,F-150,PICKUP TRUCK,RWD,GASOLINE/E85,121528,2013-05-07,26
72F59020F12AF80A603067F84715367E,2013,FORD,F-150,PICKUP TRUCK,RWD,GASOLINE/E85,164693,2013-05-07,26
DCCE507856C1ED732279A4EFE0E35B2A,2013,FORD,F-150,PICKUP TRUCK,RWD,GASOLINE/E85,128523,2013-06-12,26
24E98D5762F6CEA7679427E63D1D350E,2013,FORD,F-150,PICKUP TRUCK,RWD,GASOLINE/E85,138187,2013-06-12,26
3C41486A443993ADC6599A751707CE2C,2013,FORD,F-150,PICKUP TRUCK,RWD,GASOLINE/E85,110437,2013-07-30,26
2A3A5E2D5B92255E7C7F1E4AA5CCF31C,2013,FORD,F-150,PICKUP TRUCK,RWD,GASOLINE/E85,200191,2013-05-24,26
EE07395C4D63996AC89A64876D30A613,2013,FORD,F-150,PICKUP TRUCK,RWD,GASOLINE/E85,106101,2013-05-03,26
DDD64FA14DDD3EE22B18EA42CDBAF223,2015,CHEVROLET,SILVERADO,PICKUP TRUCK,RWD,GASOLINE/E85,124817,2015-09-22,34
1E5A28F293D697CF3CD7A4AF7E3C8343,2015,CHEVROLET,SILVERADO,PICKUP TRUCK,RWD,GASOLINE/E85,124222,2015-09-22,34
5C08063789B3DD042E08FA29244790FF,2015,FORD,FOCUS,PASSENGER CAR,FWD,GASOLINE/E85,80069,2015-09-28,12.4
162C18F4847CE0C0E3752F7E9D8E7CDA,2015,CHEVROLET,SILVERADO,PICKUP TRUCK,RWD,GASOLINE/E85,93454,2015-07-27,34
E8183A5F7C7E3B34669C35EE0191FAAF,2015,CHEVROLET,SILVERADO,PICKUP TRUCK,RWD,GASOLINE/E85,70634,2015-09-02,34
BA27A30EF8DDF56729A19730D1FA8742,2015,FORD,FOCUS,PASSENGER CAR,FWD,GASOLINE/E85,87000,2015-09-29,12.4
05371C8CF7150D62CA104848FF33D299,2013,FORD,F-150,PICKUP TRUCK,RWD,GASOLINE/E85,66000,2013-06-24,26
595B4AFCE180337B12D6D20D23FF75FA,2013,FORD,F-150,PICKUP TRUCK,RWD,GASOLINE/E85,115325,2013-06-27,26
1701867FDA92843A1CB832C55487C96E,2013,FORD,F-150,PICKUP TRUCK,RWD,GASOLINE/E85,88060,2013-05-31,26
5362D10ED392C113EA5DB947F4A59BC3,2013,FORD,F-150,PICKUP TRUCK,RWD,GASOLINE/E85,257421,2013-07-11,26
5D67F5E765D45EC94E09C76CE00DB642,2013,FORD,F-150,PICKUP TRUCK,RWD,GASOLINE/E85,177822,2013-06-07,26
639E66118F8590AB1D3342EC931215D7,2015,CHEVROLET,SILVERADO,PICKUP TRUCK,RWD,GASOLINE/E85,99645,2015-10-06,34
B8638C5F27578E4DB4CB1898B44D313E,2015,CHEVROLET,SILVERADO,PICKUP TRUCK,RWD,GASOLINE/E85,72108,2015-08-18,34
755CE5A45E786DC9B1BFB258F85F030A,2015,CHEVROLET,SILVERADO,PICKUP TRUCK,RWD,GASOLINE/E85,101452,2015-08-17,34
8388B79227EE061E00C0A097AEF97055,2015,CHEVROLET,SILVERADO,PICKUP TRUCK,RWD,GASOLINE/E85,54131,2015-07-28,34
53CE2E229FABCE898DD2212C88B79597,2015,FORD,FOCUS,PASSENGER CAR,FWD,GASOLINE/E85,72664,2015-09-23,12.4
1016B26ED51166B014819C9D5BA0799D,2015,CHEVROLET,SILVERADO,PICKUP TRUCK,RWD,GASOLINE/E85,81906,2015-08-11,34
EE563F5FFFB8FA01A3C3D9DF516B719E,2015,CHEVROLET,SILVERADO,PICKUP TRUCK,RWD,GASOLINE/E85,55991,2015-07-24,34
5CCA18F727D32AB1D6A3E7D8C653EC4A,2015,CHEVROLET,SILVERADO,PICKUP TRUCK,RWD,GASOLINE/E85,70542,2015-08-17,34
5410926A993668539A31E7B6AA2A15C7,2015,CHEVROLET,SILVERADO,PICKUP TRUCK,RWD,GASOLINE/E85,90399,2015-08-27,34
3CC792064E876C8B8294C9B7C9ECD0F5,2013,FORD,F-150,PICKUP TRUCK,RWD,GASOLINE/E85,161047,2013-06-10,26
3184C7D9CE35AC3171AD077C6749696F,2013,FORD,F-150,PICKUP TRUCK,RWD,GASOLINE/E85,130815,2013-06-10,26
7AE35E1DD7B7B85622F41D82F40613B8,2015,FORD,FOCUS,PASSENGER CAR,FWD,GASOLINE/E85,43549,2015-06-15,12.4
9AB8220A151D6E7518C94B1D1E90A283,2015,FORD,FOCUS,PASSENGER CAR,FWD,GASOLINE/E85,100957,2015-06-09,12.4
62F21C487613276FE49D722B908C5CA0,2015,FORD,FOCUS,PASSENGER CAR,FWD,GASOLINE/E85,132975,2015-06-09,12.4
379E5E6039B7F93FE9F8878F24EE0C08,2015,FORD,FOCUS,PASSENGER CAR,FWD,GASOLINE/E85,49250,2015-06-17,12.4
721C2F7493BEA148E99244E1EDCE8676,2015,FORD,FOCUS,PASSENGER CAR,FWD,GASOLINE/E85,73264,2015-07-16,12.4
9C470DA8A3B0B8AFF57ABA011841490F,2015,FORD,FOCUS,PASSENGER CAR,FWD,GASOLINE/E85,63565,2015-05-26,12.4
7868C2567A867D843DB5850D778F170A,2015,FORD,FOCUS,PASSENGER CAR,FWD,GASOLINE/E85,69723,2015-06-12,12.4
DDC8C7EEC12D2C390C0F931E7ECD8605,2015,FORD,FOCUS,PASSENGER CAR,FWD,GASOLINE/E85,68726,2015-07-06,12.4
1B1911428E09D5466A0ED43CF3B7F176,2015,FORD,FOCUS,PASSENGER CAR,FWD,GASOLINE/E85,49828,2015-07-21,12.4
74C29CE4D3461FDD8B16B781DB6F861D,2015,FORD,FOCUS,PASSENGER CAR,FWD,GASOLINE/E85,75227,2015-06-11,12.4
CF2F890F02B74DD19AD11A2FC6105AA9,2015,FORD,FOCUS,PASSENGER CAR,FWD,GASOLINE/E85,73611,2015-06-24,12.4
01548E0C6A0D2E7D63BC1FCDF9719AD0,2015,FORD,FOCUS,PASSENGER CAR,FWD,GASOLINE/E85,75083,2015-06-12,12.4
BFA75E12579C88E1734CBADD6BE1FDE5,2015,FORD,FOCUS,PASSENGER CAR,FWD,GASOLINE/E85,71307,2015-06-24,12.4
74C75A937D0A144571C6024722D6B6E0,2015,FORD,FOCUS,PASSENGER CAR,FWD,GASOLINE/E85,55110,2015-06-25,12.4
ACED39C956DA2F743F724DC093909E66,2015,FORD,FOCUS,PASSENGER CAR,FWD,GASOLINE/E85,9999,2015-07-30,12.4
0A73A09BB85C6C6555D852D10F96075B,2015,FORD,FOCUS,PASSENGER CAR,FWD,GASOLINE/E85,84201,2015-06-25,12.4
3DC59336F9F8AF1170FEECBB393452DB,2015,FORD,FOCUS,PASSENGER CAR,FWD,GASOLINE/E85,54987,2015-06-09,12.4
D470E1520171D727A029E26758598087,2015,FORD,FOCUS,PASSENGER CAR,FWD,GASOLINE/E85,73242,2015-05-26,12.4
A681F35FDF0874E604298854B3297C3D,2015,FORD,FOCUS,PASSENGER CAR,FWD,GASOLINE/E85,84434,2015-07-02,12.4
59AC27E38D8489131B503704F58E678D,2015,FORD,FOCUS,PASSENGER CAR,FWD,GASOLINE/E85,43551,2015-07-02,12.4
37B178C016A139A4223B4CE64511FA08,2015,FORD,FOCUS,PASSENGER CAR,FWD,GASOLINE/E85,116935,2015-07-09,12.4
7E1F15D7CCA024501012DEDBFD91265A,2015,FORD,FOCUS,PASSENGER CAR,FWD,GASOLINE/E85,83629,2015-08-05,12.4
D7237DBFC2C540798CB290E20423DEA5,2015,FORD,FOCUS,PASSENGER CAR,FWD,GASOLINE/E85,78035,2015-08-10,12.4
8EC505A8AF6F43BC5D9BB2151F45395A,2015,FORD,FOCUS,PASSENGER CAR,FWD,GASOLINE/E85,39605,2015-06-30,12.4
0735580888919395AEAEDFFCEBFB55A2,2015,FORD,FOCUS,PASSENGER CAR,FWD,GASOLINE/E85,43358,2015-07-06,12.4
7A6FB9D8C20D942CAF76C0CB8637A02A,2015,FORD,FOCUS,PASSENGER CAR,FWD,GASOLINE/E85,45780,2015-07-02,12.4
9671784E56EA0F222031B2E78EBC9CA8,2015,FORD,FOCUS,PASSENGER CAR,FWD,GASOLINE/E85,56265,2015-08-06,12.4
40C541250AF84AFFC50ABE8A9F817AB6,2015,FORD,FOCUS,PASSENGER CAR,FWD,GASOLINE/E85,46448,2015-08-06,12.4
5378A35FEA1B8A84977F57982C9B4369,2014,FORD,F-150,PICKUP TRUCK,RWD,GASOLINE/E85,51544,2015-01-20,26
BA8B4D1A4DEA1B4F4769E36463E783F0,2015,CHEVROLET,SILVERADO,PICKUP TRUCK,RWD,GASOLINE/E85,59669,2015-08-14,34
C43CBEAA238398F6A95856DAAC22455E,2015,CHEVROLET,SILVERADO,PICKUP TRUCK,RWD,GASOLINE/E85,80009,2015-07-30,34
E5F5C871E605D95E932C81913387F0C3,2015,CHEVROLET,SILVERADO,PICKUP TRUCK,RWD,GASOLINE/E85,65733,2015-08-12,34
0C8A38828717D9827A4FAD23D13FD1FC,2015,CHEVROLET,SILVERADO,PICKUP TRUCK,RWD,GASOLINE/E85,113934,2015-07-02,34
F062535812BFD8915BBFAC052DCF74C2,2015,CHEVROLET,SILVERADO,PICKUP TRUCK,RWD,GASOLINE/E85,33059,2015-08-05,34
8C6FC2D95D165894D392D25B50A0C00A,2015,CHEVROLET,SILVERADO,PICKUP TRUCK,RWD,GASOLINE/E85,115393,2015-07-15,34
A6DEF720208EEA867BF9BAC3D247B1CE,2015,CHEVROLET,SILVERADO,PICKUP TRUCK,RWD,GASOLINE/E85,70700,2015-07-06,34
532F7DDEE04B790C7C59F395ED241A12,2015,CHEVROLET,SILVERADO,PICKUP TRUCK,RWD,GASOLINE/E85,67886,2015-08-12,34
0BD04E0E649E783610464D3F423923DF,2014,FORD,F-150,PICKUP TRUCK,RWD,GASOLINE/E85,79848,2014-11-13,26
DDA9F0228947C9469B16EE7A253468EA,2014,FORD,F-150,PICKUP TRUCK,RWD,GASOLINE/E85,100981,2014-10-07,26
F01EB7AD90704D4EB092153CB3DDC1CA,2014,FORD,F-150,PICKUP TRUCK,RWD,GASOLINE/E85,172183,2014-10-08,26
26E5F9DD98005B1446CC187009AED49E,2014,FORD,F-150,PICKUP TRUCK,RWD,GASOLINE/E85,60113,2015-04-01,26
B6F4A22A107EDF123F4965C1262713EC,2014,FORD,F-150,PICKUP TRUCK,RWD,GASOLINE/E85,99174,2014-11-13,26
EC83DF3EDDAEC5FD0650CB74ABE31F19,2014,FORD,F-150,PICKUP TRUCK,RWD,GASOLINE/E85,96529,2014-05-22,26
AB0701FCF3ACAFC2F44B86E41280D1FA,2014,FORD,F-150,PICKUP TRUCK,RWD,GASOLINE/E85,44937,2014-11-07,26
1692348FFAF6E1A2FD46214EBEB95E61,2014,FORD,F-150,PICKUP TRUCK,RWD,GASOLINE/E85,91742,2014-11-10,26
E307A5C2484606502AE6B89A0C51568F,2014,FORD,F-150,PICKUP TRUCK,RWD,GASOLINE/E85,84906,2014-04-30,26
7B516775CDCF624C8DCC497109266CBA,2014,FORD,F-150,PICKUP TRUCK,RWD,GASOLINE/E85,66063,2014-11-10,26
BBC2B89F422A3526BD2378B5C59BF3AC,2014,FORD,F-150,PICKUP TRUCK,RWD,GASOLINE/E85,83813,2014-11-07,26
C13D52386A9A614E6D63FA195BC21C71,2014,FORD,F-150,PICKUP TRUCK,RWD,GASOLINE/E85,166985,2014-11-12,26
6C0CE176DF4CA14481706746F3F14AA1,2014,FORD,F-150,PICKUP TRUCK,RWD,GASOLINE/E85,88297,2014-09-09,26
6661C0FF78ED29E42229941D6C7A3E0F,2014,FORD,F-150,PICKUP TRUCK,RWD,GASOLINE/E85,132935,2014-10-20,26
453CEDEC58F3D690B0F316FB9794603F,2014,FORD,F-150,PICKUP TRUCK,RWD,GASOLINE/E85,114996,2014-08-18,26
24FF2B7B968AC1289F147A80C4A739B4,2014,FORD,F-150,PICKUP TRUCK,RWD,GASOLINE/E85,101470,2014-09-26,26
D9D71B1C0BDB41A5ACB5F14723779F40,2014,FORD,F-150,PICKUP TRUCK,RWD,GASOLINE/E85,127852,2014-11-12,26
843613F876C1A23EC4B3DB630130DB6C,2014,FORD,F-150,PICKUP TRUCK,RWD,GASOLINE/E85,61450,2014-11-13,26
259F7E61F97D2112A411AB720F69C157,2014,FORD,F-150,PICKUP TRUCK,RWD,GASOLINE/E85,116298,2015-01-19,26
9F068A613282ABCEF609020869D0BB94,2015,CHEVROLET,SILVERADO,PICKUP TRUCK,RWD,GASOLINE/E85,67509,2015-12-28,34
C483EEAB5CEBA1F275C9D7260F22B17F,2015,CHEVROLET,SILVERADO,PICKUP TRUCK,RWD,GASOLINE/E85,81050,2015-09-30,34
6D9CDAA57B398173B8600DA6FA94474A,2015,CHEVROLET,SILVERADO,PICKUP TRUCK,RWD,GASOLINE/E85,109934,2015-10-09,34
5FD84438CD3D783A0D6BE016382E8505,2015,CHEVROLET,SILVERADO,PICKUP TRUCK,RWD,GASOLINE/E85,43948,2016-01-13,34
A68BBB8A3CCA2B54FAD8B030B035E85E,2015,CHEVROLET,SILVERADO,PICKUP TRUCK,RWD,GASOLINE/E85,36668,2016-01-18,34
CE91F3E7CF4D0E829839FA10E2429053,2015,CHEVROLET,SILVERADO,PICKUP TRUCK,RWD,GASOLINE/E85,58186,2016-02-17,34
8802FE3D31F2511E44BC6FEF140A5885,2015,CHEVROLET,SILVERADO,PICKUP TRUCK,RWD,GASOLINE/E85,49080,2015-11-23,34
3E9D050E1389B8D5623532E9E05AEF35,2013,FORD,F-150,PICKUP TRUCK,RWD,GASOLINE/E85,118013,2013-07-25,26
BA63096AB9B4B0FE0C532AF1A1875E9D,2013,FORD,F-150,PICKUP TRUCK,RWD,GASOLINE/E85,145351,2013-08-12,26
CF4140F1E7CAE80F25C3558099EEAD2C,2013,FORD,F-150,PICKUP TRUCK,RWD,GASOLINE/E85,119087,2013-06-05,26
31344A37E09F29894F13B9254F3F71C1,2013,FORD,F-150,PICKUP TRUCK,RWD,GASOLINE/E85,139646,2013-06-21,26
C601DBDD65853E37EFF25A9B389FD516,2013,FORD,F-150,PICKUP TRUCK,RWD,GASOLINE/E85,150803,2013-07-03,26
A35F1AB6B238F8E9BC24FC908AB427D8,2013,FORD,F-150,PICKUP TRUCK,RWD,GASOLINE/E85,124789,2013-06-27,26
868A623F376057B8EE29ACE39EA77840,2015,FORD,FOCUS,PASSENGER CAR,FWD,GASOLINE/E85,83016,2015-09-23,12.4
4F1EF10A21BC9F2066F4094A2BF5FABF,2015,FORD,FOCUS,PASSENGER CAR,FWD,GASOLINE/E85,70672,2015-09-23,12.4
73AE4A81C4DA876B7C4B6F2F399722D1,2015,FORD,FOCUS,PASSENGER CAR,FWD,GASOLINE/E85,58912,2015-10-22,12.4
EFBCD9D1AC5E54D764AB0D6599835E43,2015,FORD,FOCUS,PASSENGER CAR,FWD,GASOLINE/E85,61423,2015-10-30,12.4
1AD22155BCF47825923C8BCDE5EBAD69,2015,CHEVROLET,SILVERADO,PICKUP TRUCK,RWD,GASOLINE/E85,36240,2016-01-22,34
E4944643BF6695DE3007527872E49014,2015,CHEVROLET,SILVERADO,PICKUP TRUCK,RWD,GASOLINE/E85,55401,2016-01-13,34
B40980F279E837FC49D681DFCDD51B27,2015,CHEVROLET,SILVERADO,PICKUP TRUCK,RWD,GASOLINE/E85,99698,2015-12-31,34
7171CCC628F0BC6E161823D54499E71F,2015,CHEVROLET,SILVERADO,PICKUP TRUCK,RWD,GASOLINE/E85,59618,2016-02-05,34
13CBBC94FED5B7264ED8E853F7E3A59E,2015,CHEVROLET,SILVERADO,PICKUP TRUCK,RWD,GASOLINE/E85,82222,2016-03-02,34
DC6F844B5B9D94AB2D345EFDCB924001,2015,CHEVROLET,SILVERADO,PICKUP TRUCK,RWD,GASOLINE/E85,50401,2016-02-04,34
5B00AFEC1EBBA80CD8833199CDEA4B98,2015,CHEVROLET,SILVERADO,PICKUP TRUCK,RWD,GASOLINE/E85,109071,2016-02-26,34
7A268D590DDC88CB959CB5A18C070D65,2013,FORD,F-150,PICKUP TRUCK,RWD,GASOLINE/E85,129933,2013-08-23,26
0DACA34A0C2CE17D93AD304A7A997B60,2013,FORD,F-150,PICKUP TRUCK,RWD,GASOLINE/E85,153832,2013-08-16,26
FF200E5D339ED605D153440FBD7B24B7,2013,FORD,F-150,PICKUP TRUCK,RWD,GASOLINE/E85,170941,2013-06-24,26
539CE636D2EBBD1A502AD89B9891AAD8,2013,FORD,F-150,PICKUP TRUCK,RWD,GASOLINE/E85,207692,2013-08-09,26
738544197E7522621AECC6B95FF33A88,2013,FORD,F-150,PICKUP TRUCK,RWD,GASOLINE/E85,136888,2013-06-19,26
432BA995BAB4AD01585205BC50980853,2013,FORD,F-150,PICKUP TRUCK,RWD,GASOLINE/E85,103040,2013-06-19,26
EBF84E57F2E7B3955737F73FDD69F802,2015,FORD,FOCUS,PASSENGER CAR,FWD,GASOLINE/E85,82465,2015-09-23,12.4
E87FA6018F9A3994837C7821353EC635,2015,FORD,FOCUS,PASSENGER CAR,FWD,GASOLINE/E85,37582,2015-10-30,12.4
A92C591CC08439B5949E7AC18AA6DA47,2015,FORD,FOCUS,PASSENGER CAR,FWD,GASOLINE/E85,52383,2015-09-23,12.4
F8E039E9AC0ED6D5FE61A36F4EC208F2,2015,FORD,FOCUS,PASSENGER CAR,FWD,GASOLINE/E85,53632,2015-10-30,12.4
DC732213BDDAEFADDF28E1C6C1E58094,2015,FORD,FOCUS,PASSENGER CAR,FWD,GASOLINE/E85,50901,2015-10-30,12.4
727BF34ABC1BF1A14403A1608AB3AE9B,2015,FORD,FOCUS,PASSENGER CAR,FWD,GASOLINE/E85,56040,2015-10-30,12.4
3B6C5D1650A72DC72586C166C91F9E53,2015,FORD,FOCUS,PASSENGER CAR,FWD,GASOLINE/E85,56082,2015-10-22,12.4
04D22F6068260FD7D534E109F957561A,2015,FORD,FOCUS,PASSENGER CAR,FWD,GASOLINE/E85,62449,2015-10-09,12.4
31E7B58E7058A2491898E1270CA06771,2015,CHEVROLET,SILVERADO,PICKUP TRUCK,RWD,GASOLINE/E85,68172,2016-02-17,34
4A1FDBB300693B99D23A0517DE71C906,2016,FORD,E-450 SUPER DUTY,VAN,4X2,GASOLINE/E85,18615,2016-01-19,55
C75C596E6FFC71ECC5C043F38104C012,2013,FORD,F-150,PICKUP TRUCK,RWD,GASOLINE/E85,94307,2013-07-10,26
2471302288A59B5F66F1B098BE1E4819,2013,FORD,F-150,PICKUP TRUCK,RWD,GASOLINE/E85,146511,2013-07-22,26
C62EE0DF3FEE4849606BF3809EAA23FD,2013,FORD,F-150,PICKUP TRUCK,RWD,GASOLINE/E85,188125,2013-08-16,26
7560770FD37F725107BE62891128C573,2013,FORD,F-150,PICKUP TRUCK,RWD,GASOLINE/E85,100624,2013-06-04,26
83A701A1C36F305F8086E0158A17219B,2013,FORD,F-150,PICKUP TRUCK,RWD,GASOLINE/E85,131227,2013-06-12,26
EA2E6731B6E72E4ED79C70C0B47A73F1,2015,CHEVROLET,SILVERADO,PICKUP TRUCK,RWD,GASOLINE/E85,69222,2015-07-24,34
947833DBC9892D6A75876E29FAEF67FF,2015,FORD,FOCUS,PASSENGER CAR,FWD,GASOLINE/E85,68363,2015-05-26,12.4
D2ECCB7B6A1BFFA144D81709659D89BA,2015,FORD,FOCUS,PASSENGER CAR,FWD,GASOLINE/E85,66877,2015-05-22,12.4
E4BC32DC25CAF90D09339179A7A5AA67,2015,CHEVROLET,SILVERADO,PICKUP TRUCK,RWD,GASOLINE/E85,76001,2015-08-14,34
0CBE85C85C3DA30BE44897D5CBC8922A,2015,CHEVROLET,SILVERADO,PICKUP TRUCK,RWD,GASOLINE/E85,47899,2015-10-01,34
9BBC089CFE8036364E3EDCE715E003CF,2015,CHEVROLET,SILVERADO,PICKUP TRUCK,RWD,GASOLINE/E85,59306,2015-10-09,34
7F3E5125C0F01318175923DBE5279024,2015,CHEVROLET,SILVERADO,PICKUP TRUCK,RWD,GASOLINE/E85,64555,2015-10-01,34
8E7A215FAB9193F8054D568DE58171A6,2015,CHEVROLET,SILVERADO,PICKUP TRUCK,RWD,GASOLINE/E85,148620,2015-09-24,34
F4C4C6038D4B5C24B1F0443047A0D7C2,2015,CHEVROLET,SILVERADO,PICKUP TRUCK,RWD,GASOLINE/E85,128546,2015-09-24,34
B8E596AE8483767490DA1DF5186A0DD2,2013,FORD,F-150,PICKUP TRUCK,RWD,GASOLINE/E85,105463,2013-07-11,26
BCB0B34BE3D93E13E0264078B8419915,2013,FORD,F-150,PICKUP TRUCK,RWD,GASOLINE/E85,104621,2013-06-12,26
3D76CA8D6FC4CCB0C7D095754E9F6FCC,2015,CHEVROLET,SILVERADO,PICKUP TRUCK,RWD,GASOLINE/E85,37706,2015-10-15,34
5AEB660AA3C2E74D7D0297A60022C9E5,2015,CHEVROLET,SILVERADO,PICKUP TRUCK,RWD,GASOLINE/E85,65117,2015-10-22,34
DFD01F8E8D41C2173C0749A48445C782,2015,CHEVROLET,SILVERADO,PICKUP TRUCK,RWD,GASOLINE/E85,83182,2015-10-22,34
AED2477A2C221AEB83C2AB3C25287CA1,2015,CHEVROLET,SILVERADO,PICKUP TRUCK,RWD,GASOLINE/E85,80367,2015-11-06,34
C1F89AB8589C4E1C01205E89F8FE8C3F,2015,CHEVROLET,SILVERADO,PICKUP TRUCK,RWD,GASOLINE/E85,61852,2015-11-05,34
783ABB5FA98DB2C7ABC0B78D40B12BD7,2015,CHEVROLET,SILVERADO,PICKUP TRUCK,RWD,GASOLINE/E85,62943,2015-09-21,34
2599410E620D2A8FC6C0152A63E95011,2015,CHEVROLET,SILVERADO,PICKUP TRUCK,RWD,GASOLINE/E85,51041,2015-09-01,34
23C352A81E41B17E824625225B87EBDD,2015,CHEVROLET,SILVERADO,PICKUP TRUCK,RWD,GASOLINE/E85,88158,2015-11-05,34
88F4BA0750D05181BE3232FC6D30634C,2013,FORD,F-150,PICKUP TRUCK,RWD,GASOLINE/E85,139865,2013-06-21,26
FBADDE9A2D0C1FC61B0A52392807045E,2013,FORD,F-150,PICKUP TRUCK,RWD,GASOLINE/E85,178791,2013-06-11,26
01FF3B70514B3C297F647CA610E21304,2013,FORD,F-150,PICKUP TRUCK,RWD,GASOLINE/E85,219830,2013-07-11,26
292525659DDB3FE62CB6CA6393F0E290,2013,FORD,F-150,PICKUP TRUCK,RWD,GASOLINE/E85,142081,2013-07-02,26
48A13C98B4454626ABD892C4BF5F41B1,2013,FORD,F-150,PICKUP TRUCK,RWD,GASOLINE/E85,220509,2013-06-04,26
43C7B6E6017D4A5E890965E30EC27BDB,2015,FORD,FOCUS,PASSENGER CAR,FWD,GASOLINE/E85,57050,2015-07-02,12.4
1035E1A7C3F7111D00E612A5F8145436,2015,CHEVROLET,SILVERADO,PICKUP TRUCK,RWD,GASOLINE/E85,58871,2015-10-23,34
6E996CB07448AAAADF859569A181B689,2015,FORD,FOCUS,PASSENGER CAR,FWD,GASOLINE/E85,25690,2015-06-26,12.4
EDCFD2237BE4706E8A381D5325DC54F7,2015,FORD,FOCUS,PASSENGER CAR,FWD,GASOLINE/E85,82065,2015-06-26,12.4
84435DC45BDFC80C56F71C6E83F68ACC,2015,FORD,FOCUS,PASSENGER CAR,FWD,GASOLINE/E85,32132,2015-06-26,12.4
3B6ED8A09D508409C0A0F5E57A179D4C,2015,CHEVROLET,SILVERADO,PICKUP TRUCK,RWD,GASOLINE/E85,80061,2015-10-13,34
6294757706F55C0B5C78B99B4AFBB81A,2015,FORD,FOCUS,PASSENGER CAR,FWD,GASOLINE/E85,56936,2015-06-25,12.4
438D01EF00E5DA5AB4DAADAF2E375E89,2015,CHEVROLET,SILVERADO,PICKUP TRUCK,RWD,GASOLINE/E85,78772,2015-10-02,34
AD4F0BED13C9413396F032FF47B76359,2015,CHEVROLET,SILVERADO,PICKUP TRUCK,RWD,GASOLINE/E85,107131,2015-07-17,34
AAB7FDE2D6C777FE0112F75315D5261C,2013,FORD,F-150,PICKUP TRUCK,RWD,GASOLINE/E85,118920,2013-06-25,26
46DA0D897DC164760DBA3EDCCAA1E31A,2013,FORD,F-150,PICKUP TRUCK,RWD,GASOLINE/E85,243106,2013-06-21,26
49C4ED02CA4626FE708884BB98B690E9,2013,FORD,F-150,PICKUP TRUCK,RWD,GASOLINE/E85,230557,2013-06-18,26
ABC20D27CFE371ED3310690610543B77,2013,FORD,F-150,PICKUP TRUCK,RWD,GASOLINE/E85,195354,2013-05-14,26
499492622D1B8407458C843AC46753E6,2015,CHEVROLET,SILVERADO,PICKUP TRUCK,RWD,GASOLINE/E85,87315,2015-07-24,34
9A0486C8DFC09268CAF043E9FD6BD985,2015,CHEVROLET,SILVERADO,PICKUP TRUCK,RWD,GASOLINE/E85,62861,2015-11-18,34
79FB6A5194FA70D28B0C0803FAEB8851,2015,CHEVROLET,SILVERADO,PICKUP TRUCK,RWD,GASOLINE/E85,97275,2015-08-24,34
C61431C4F7FBF0DD069699FAB4B65044,2015,CHEVROLET,SILVERADO,PICKUP TRUCK,RWD,GASOLINE/E85,107663,2015-11-20,34
7DAF19DE5E5B81BD6411CCDF86941D9C,2015,CHEVROLET,SILVERADO,PICKUP TRUCK,RWD,GASOLINE/E85,60809,2015-09-21,34
7B754BCAC8121095FB6727E946AF8CBB,2015,CHEVROLET,SILVERADO,PICKUP TRUCK,RWD,GASOLINE/E85,74373,2015-08-21,34
C80601811414E2C5DBB8FD29A81629A1,2015,CHEVROLET,SILVERADO,PICKUP TRUCK,RWD,GASOLINE/E85,99269,2015-09-11,34
09FDDF24AD8664BE711AEC1A37F39FDE,2015,CHEVROLET,SILVERADO,PICKUP TRUCK,RWD,GASOLINE/E85,92649,2015-08-18,34
9C486F7B850F127735C90B546F279785,2015,CHEVROLET,SILVERADO,PICKUP TRUCK,RWD,GASOLINE/E85,77665,2015-08-12,34
17BB44075D6BAEC92748D449BAA5D951,2015,FORD,FOCUS,PASSENGER CAR,FWD,GASOLINE/E85,34332,2015-08-13,12.4
B4B64FBBAE0B3BD113FB2BD145E40800,2015,FORD,FOCUS,PASSENGER CAR,FWD,GASOLINE/E85,55864,2015-08-13,12.4
9C0AC6BEB4F09D7FD95B2D199A17A29C,2015,FORD,FOCUS,PASSENGER CAR,FWD,GASOLINE/E85,39392,2015-08-10,12.4
42E9E5E469A36B22E8D83F0376CE3519,2015,FORD,FOCUS,PASSENGER CAR,FWD,GASOLINE/E85,81626,2015-08-10,12.4
C94759CB8D3066E3F348D3EDA8194347,2015,FORD,FOCUS,PASSENGER CAR,FWD,GASOLINE/E85,83619,2015-08-13,12.4
830152F70A49DDB4DF32F46286AD5741,2015,FORD,FOCUS,PASSENGER CAR,FWD,GASOLINE/E85,94121,2015-08-10,12.4
204152AE42F25900DE0FC85163402DE0,2015,FORD,FOCUS,PASSENGER CAR,FWD,GASOLINE/E85,99423,2015-08-13,12.4
AF7AF8A549AAAECCCDDDFFC09015A60E,2015,FORD,FOCUS,PASSENGER CAR,FWD,GASOLINE/E85,101624,2015-07-30,12.4
9820367FDE83ED036A44DCF9387BA3F5,2015,FORD,FOCUS,PASSENGER CAR,FWD,GASOLINE/E85,81765,2015-08-13,12.4
39E8474DF39703BB440F032A3ECE027F,2014,FORD,F-150,PICKUP TRUCK,RWD,GASOLINE/E85,142509,2014-11-19,26
FC8A431C55896DCB9377D7CD922D4B9C,2014,FORD,F-150,PICKUP TRUCK,RWD,GASOLINE/E85,67939,2014-09-26,26
E46AB196D13F74114A848E9A5B39942D,2014,FORD,F-150,PICKUP TRUCK,RWD,GASOLINE/E85,99208,2015-01-21,26
699B3DBC3594DBD16F16655DD6F09E8B,2015,FORD,FUSION,PASSENGER CAR,FWD,GASOLINE,138965,2014-09-06,16.5
E36490852C3F78CD8E75F36FEBCD96C3,2014,FORD,F-150,PICKUP TRUCK,RWD,GASOLINE/E85,212553,2014-10-29,26
30986CF8DA681F66C11CF6E51BFA0196,2014,FORD,F-150,PICKUP TRUCK,4WD,GASOLINE/E85,165122,2014-12-17,36
628B9DC199E411B2E3E7A10A0B70A3C2,2014,FORD,F-150,PICKUP TRUCK,RWD,GASOLINE/E85,89689,2014-10-06,26
FA148800D976B10AAFF9F6C98D029A59,2014,FORD,F-150,PICKUP TRUCK,RWD,GASOLINE/E85,131543,2014-09-09,26
2F3205CB988E98B533F9929B8B435C37,2014,FORD,F-150,PICKUP TRUCK,RWD,GASOLINE/E85,122996,2014-09-19,26
BAEF49A92EEF01388645510ECA6B083B,2014,FORD,F-150,PICKUP TRUCK,RWD,GASOLINE/E85,78783,2014-09-19,26
D1CF7DFA4308D058D52D58F13CD59F5D,2014,FORD,F-150,PICKUP TRUCK,RWD,GASOLINE/E85,68908,2014-10-31,26
C47A9C07A796A62BB7C3BE1A836F2513,2014,FORD,F-150,PICKUP TRUCK,RWD,GASOLINE/E85,171028,2014-11-05,26
383A38792652C71356FBF1205C4CF077,2014,FORD,F-150,PICKUP TRUCK,RWD,GASOLINE/E85,108641,2014-10-30,26
3479B997D211E083B1D3DDF1E0E7DB59,2015,CHEVROLET,SILVERADO,PICKUP TRUCK,RWD,GASOLINE/E85,70678,2015-04-22,34
89941E72985386DACF9009CF551230E0,2014,FORD,F-150,PICKUP TRUCK,RWD,GASOLINE/E85,83128,2014-11-24,26
4D79AB9F18BB464587AA15F73AAC3AB9,2014,FORD,F-150,PICKUP TRUCK,RWD,GASOLINE/E85,87621,2014-12-02,26
C1D53F3263428E53D895AE8DECCE2CD8,2015,CHEVROLET,SILVERADO,PICKUP TRUCK,RWD,GASOLINE/E85,100370,2015-03-25,34
2E7C25675DDC4B91A8382D7F5CB8C51A,2015,CHEVROLET,SILVERADO,PICKUP TRUCK,RWD,GASOLINE/E85,74877,2015-05-08,34
E1C767F627C21C9E99878CB8C2F440E3,2015,CHEVROLET,SILVERADO,PICKUP TRUCK,RWD,GASOLINE/E85,149375,2015-05-11,34
F9F7A00AE18B8FFDAAB6269E7A5F4CCF,2012,FORD,F-150,PICKUP TRUCK,RWD,GASOLINE/E85,166555,2012-05-07,26
BF5D9DEF28D4897D35DD709C00953C4E,2012,FORD,F-150,PICKUP TRUCK,RWD,GASOLINE/E85,122973,2012-03-29,26
42B536E84C2E2AD94F41397CBF625F0C,2012,FORD,F-150,PICKUP TRUCK,RWD,GASOLINE/E85,189865,2012-05-08,26
F1F6D92F43FDC024DAFF9E72CA6273D8,2012,FORD,F-150,PICKUP TRUCK,RWD,GASOLINE/E85,185940,2012-05-08,26
26EF19EDFCCC5834A61DCC073A9085E8,2012,FORD,F-150,PICKUP TRUCK,RWD,GASOLINE/E85,183700,2012-04-23,26
18DFD3BA0562FC94DC02460DD44580B1,2012,FORD,F-150,PICKUP TRUCK,RWD,GASOLINE/E85,173420,2012-04-23,26
CE8E0927043E246DC60DD98AA249EB3A,2012,FORD,F-150,PICKUP TRUCK,RWD,GASOLINE/E85,123086,2012-05-03,26
1DCD01D1F2C26E992CDF40E1B6AA79D2,2012,FORD,F-150,PICKUP TRUCK,RWD,GASOLINE/E85,195190,2012-05-16,26
0B65FFC742A963DAB7863EF35C91110E,2012,FORD,F-150,PICKUP TRUCK,RWD,GASOLINE/E85,192741,2012-05-17,26
C82EDBD93A1B1EA767D7D4271461A7BE,2012,FORD,F-150,PICKUP TRUCK,RWD,GASOLINE/E85,199981,2012-05-11,26
2A91B5AC222F8D88BCA65585C92CFB95,2012,FORD,F-150,PICKUP TRUCK,RWD,GASOLINE/E85,161480,2012-05-10,26
B092D26454360E6818A2C723AEEBF2D7,2012,FORD,F-150,PICKUP TRUCK,RWD,GASOLINE/E85,96411,2012-05-02,26
A4BF461CDBA06CE8209FF67ED4F46C85,2012,FORD,F-150,PICKUP TRUCK,RWD,GASOLINE/E85,157957,2012-05-25,26
4873404E99F173532F42EA4676A596FB,2012,FORD,F-150,PICKUP TRUCK,RWD,GASOLINE/E85,165016,2012-05-29,26
36DD2FAC553A270A549F3E932F941F78,2012,FORD,F-150,PICKUP TRUCK,RWD,GASOLINE/E85,155207,2012-04-27,26
EEADD08C8104FB1580313420B09C702F,2012,FORD,F-150,PICKUP TRUCK,RWD,GASOLINE/E85,105628,2012-05-03,26
E0BF31D5122825EE9672ACC469A518F3,2012,FORD,F-150,PICKUP TRUCK,RWD,GASOLINE/E85,178362,2012-10-02,26
9429FA1786C9408542079ED6996A1773,2012,FORD,F-150,PICKUP TRUCK,RWD,GASOLINE/E85,145672,2012-05-07,26
FB9C7B5E3CAF8DCD7A3D397D465E42EB,2012,FORD,F-150,PICKUP TRUCK,RWD,GASOLINE/E85,121419,2012-04-27,26
8D015BE0BB2785354086EA6F5DC0F47D,2015,CHEVROLET,SILVERADO,PICKUP TRUCK,RWD,GASOLINE/E85,57552,2016-01-21,34
0777D2640238D0D066F84A58679C63D4,2015,CHEVROLET,SILVERADO,PICKUP TRUCK,RWD,GASOLINE/E85,50728,2016-01-21,34
EA6E24F4CD1BA372838D38077950D5E3,2015,CHEVROLET,SILVERADO,PICKUP TRUCK,RWD,GASOLINE/E85,61973,2015-12-30,34
75ABD6ACA4A3B9FE387F7ACE167553EE,2015,CHEVROLET,SILVERADO,PICKUP TRUCK,RWD,GASOLINE/E85,41550,2016-01-14,34
AD4FE620896872282D753C66E882F542,2015,CHEVROLET,SILVERADO,PICKUP TRUCK,RWD,GASOLINE/E85,97980,2016-01-12,34
445CF719D3147C88C7BA706EBAC30D6F,2015,CHEVROLET,SILVERADO,PICKUP TRUCK,RWD,GASOLINE/E85,54139,2016-01-13,34
035BC3C50517969A9D6097EEDAAB798B,2015,CHEVROLET,SILVERADO,PICKUP TRUCK,RWD,GASOLINE/E85,72002,2016-01-22,34
236F3BD8C3BC47BE3B18E8198999CD0B,2013,FORD,F-150,PICKUP TRUCK,RWD,GASOLINE/E85,74676,2013-06-17,26
83FA32150D9A98633C26E3266C582E94,2013,FORD,F-150,PICKUP TRUCK,RWD,GASOLINE/E85,140530,2013-08-20,26
317B72E92630AB8B854CF7CC5295793E,2013,FORD,F-150,PICKUP TRUCK,RWD,GASOLINE/E85,94125,2013-06-27,26
888A7E583487BF051E14C874716C55E8,2013,FORD,F-150,PICKUP TRUCK,RWD,GASOLINE/E85,154018,2013-06-13,26
2ABEA2C2938413332848DF64B063C3BF,2013,FORD,F-150,PICKUP TRUCK,RWD,GASOLINE/E85,107173,2013-09-27,26
AA2FDA461E59011FA8907FB7AEAE33D6,2013,FORD,F-150,PICKUP TRUCK,RWD,GASOLINE/E85,131521,2013-06-17,26
B970C60D04249C0063848BD4B806E1C3,2015,CHEVROLET,SILVERADO,PICKUP TRUCK,RWD,GASOLINE/E85,75947,2015-12-29,34
92A21EEB2AC66040892F2D30A29E5D00,2015,CHEVROLET,SILVERADO,PICKUP TRUCK,RWD,GASOLINE/E85,63572,2016-01-15,34
41DAC2293BE129F9D81340A062B146A8,2015,CHEVROLET,SILVERADO,PICKUP TRUCK,RWD,GASOLINE/E85,47897,2016-02-08,34
F1222DB712A9AA781A0DD071D153F80D,2015,CHEVROLET,SILVERADO,PICKUP TRUCK,RWD,GASOLINE/E85,50965,2016-02-25,34
4AFB038A249B8E8CC67E1E3234B28878,2013,FORD,F-150,PICKUP TRUCK,RWD,GASOLINE/E85,123523,2013-06-20,26
4ED7F7B1E4C89A10A8D5E5B3D0C4CAB6,2013,FORD,F-150,PICKUP TRUCK,RWD,GASOLINE/E85,77142,2013-06-19,26
847A973BA9F774A0BF56B9F7BC42D0BF,2013,FORD,F-150,PICKUP TRUCK,RWD,GASOLINE/E85,115186,2013-08-06,26
3C0DF3547B0C31C769B058DE79703885,2013,FORD,F-150,PICKUP TRUCK,RWD,GASOLINE/E85,185425,2013-09-26,26
122F3769E7F1B6CC2B73D4C847B9D60C,2016,FORD,E-450 SUPER DUTY,VAN,4X2,GASOLINE/E85,16925,2015-12-31,55
EAE20DBBC8C8029DDD9B1301C154AD5D,2016,FORD,E-450 SUPER DUTY,VAN,4X2,GASOLINE/E85,24022,2016-01-11,55
9C50FB235D78D712D0FD5B736A5EB460,2016,FORD,E-450 SUPER DUTY,VAN,4X2,GASOLINE/E85,29735,2015-12-30,55
75CD052B22E684A2543FD265E821A4B6,2016,FORD,E-450 SUPER DUTY,VAN,4X2,GASOLINE/E85,29994,2016-01-08,55
3F2959AF3B9F7701365154AA02D0B4C3,2016,FORD,E-450 SUPER DUTY,VAN,4X2,GASOLINE/E85,20289,2016-01-07,55
88A11E598525866223201BABC8A025AE,2016,FORD,E-450 SUPER DUTY,VAN,4X2,GASOLINE/E85,23300,2015-12-30,55
63D494161D6AF836C63AC638E37BD66E,2016,FORD,E-450 SUPER DUTY,VAN,4X2,GASOLINE/E85,12015,2016-01-07,55
F3A41C03326999958E81675757D15E4E,2016,FORD,E-450 SUPER DUTY,VAN,4X2,GASOLINE/E85,23027,2016-01-02,55
BB78FF2E94CD157723F7024ED534EA0F,2016,FORD,E-450 SUPER DUTY,VAN,4X2,GASOLINE/E85,13097,2015-12-08,55
23E244FEE3A8CCE2C25B2201DC6615E5,2013,FORD,F-150,PICKUP TRUCK,RWD,GASOLINE/E85,149995,2013-08-01,26
949F6CE7A352C5E7622914A0010FA712,2013,FORD,F-150,PICKUP TRUCK,RWD,GASOLINE/E85,182522,2013-08-01,26
A51DDA7065EA51C4BC4D8CCE46E26486,2013,FORD,F-150,PICKUP TRUCK,RWD,GASOLINE/E85,111672,2013-08-05,26
6F6502CB00D5EE5A1EF053477FA66D4A,2013,FORD,F-150,PICKUP TRUCK,RWD,GASOLINE/E85,97124,2013-07-17,26
2EFE79C1B1DB5D353292019E5ECF486E,2013,FORD,F-350,PICKUP TRUCK,RWD,GASOLINE/E85,165647,2013-11-21,35
46998EAE22CB76071C1E9D809C46F98A,2015,CHEVROLET,SILVERADO,PICKUP TRUCK,RWD,GASOLINE/E85,129786,2015-08-21,34
D8ECBB6351EC3D7CEFAAEEB29D66CF07,2015,FORD,FOCUS,PASSENGER CAR,FWD,GASOLINE/E85,65799,2015-10-30,12.4
0037ACDBBA0CC8FD38F7366B0991E8AC,2015,CHEVROLET,SILVERADO,PICKUP TRUCK,RWD,GASOLINE/E85,116036,2015-07-30,34
3A5FDD78BC8E4D96E299BDE3E4CE2808,2015,FORD,FOCUS,PASSENGER CAR,FWD,GASOLINE/E85,82148,2015-10-30,12.4
CF8DB676D2A3827C8EB7786B0F6627F1,2015,FORD,FOCUS,PASSENGER CAR,FWD,GASOLINE/E85,58475,2015-10-30,12.4
49148256025C1A9EEF37ED252A56B33E,2015,CHEVROLET,SILVERADO,PICKUP TRUCK,RWD,GASOLINE/E85,107053,2015-09-24,34
FE3A0109818D155BF0B72B51DB851AE6,2015,FORD,FOCUS,PASSENGER CAR,FWD,GASOLINE/E85,70891,2015-10-22,12.4
362D1F033BBA34F51B4B725DF2AF34CE,2015,FORD,FOCUS,PASSENGER CAR,FWD,GASOLINE/E85,29646,2015-10-22,12.4
C06DF7823F8DA31FF337B4EAFE5C87AF,2013,FORD,F-150,PICKUP TRUCK,RWD,GASOLINE/E85,151748,2013-06-26,26
7C740C38944946A3E2160B8705C2BEE0,2013,FORD,F-150,PICKUP TRUCK,RWD,GASOLINE/E85,152339,2013-06-26,26
5092DB9C52BB7966153A5439BF143252,2013,FORD,F-150,PICKUP TRUCK,RWD,GASOLINE/E85,190471,2013-06-12,26
93FE38B058920393F45B5A40D768A530,2013,FORD,F-150,PICKUP TRUCK,RWD,GASOLINE/E85,119993,2013-08-05,26
D22CC247E3D55CB550510E944346B478,2013,FORD,F-150,PICKUP TRUCK,RWD,GASOLINE/E85,96625,2013-07-29,26
F87CD1F7F20AB07D4CC58DA1DAE75534,2013,FORD,F-150,PICKUP TRUCK,RWD,GASOLINE/E85,143233,2013-08-05,26
20BF6BFFFB2A852CA8DE89281AC1A18E,2013,FORD,F-150,PICKUP TRUCK,RWD,GASOLINE/E85,156910,2013-08-05,26
9604B8BDC3797A7544A489136D41A14B,2015,CHEVROLET,SILVERADO,PICKUP TRUCK,4WD,GASOLINE/E85,47500,2015-06-01,26
C3F17AA2ADCE1D55CFC1E903E57B07C1,2015,FORD,FUSION,PASSENGER CAR,FWD,GASOLINE,44910,2015-05-23,16.5
6B934C55189243AF566FD2593EED4EB4,2015,CHEVROLET,SILVERADO,PICKUP TRUCK,RWD,GASOLINE/E85,61933,2015-10-12,34
CC85FCCF2E5C10C06128CC0C8E34FF59,2015,CHEVROLET,SILVERADO,PICKUP TRUCK,RWD,GASOLINE/E85,54020,2015-11-02,34
90F3DAF04E1ED7D9E1EAD95A6B0CAA0D,2015,CHEVROLET,SILVERADO,PICKUP TRUCK,RWD,GASOLINE/E85,69591,2015-11-02,34
DACF5F44991CF86BF869BADB2F9A12BD,2015,FORD,EXPLORER,MULTIPURPOSE VEHICLE (MPV),FWD,GASOLINE,125707,2015-05-15,18.6
472E1652E5DD0EAD713168C40E90D78E,2015,CHEVROLET,SILVERADO,PICKUP TRUCK,RWD,GASOLINE/E85,91933,2015-11-16,34
4C997880B8848F908632F8B6D188A35C,2015,CHEVROLET,SILVERADO,PICKUP TRUCK,RWD,GASOLINE/E85,65216,2015-11-24,34
068EE9938D9477E8FC1AE1D6ED2D1937,2015,CHEVROLET,SILVERADO,PICKUP TRUCK,RWD,GASOLINE/E85,66493,2015-11-10,34
0D8EC222F32C816CB5FC37D23E0F62F1,2013,FORD,F-150,PICKUP TRUCK,RWD,GASOLINE/E85,203057,2013-08-13,26
F9D2D778AD25A3F4131F7A0269DB8C1C,2013,FORD,F-150,PICKUP TRUCK,RWD,GASOLINE/E85,157101,2013-05-23,26
9DF297DE3E32946F169EC630D18BA84B,2013,FORD,F-150,PICKUP TRUCK,RWD,GASOLINE/E85,91625,2013-07-24,26
BD0B42D9AD5F6760FABF7BEED833A66F,2013,FORD,F-150,PICKUP TRUCK,RWD,GASOLINE/E85,119860,2013-09-03,26
A540614F54A969DB1268807832519E5B,2013,FORD,F-150,PICKUP TRUCK,RWD,GASOLINE/E85,226715,2013-07-29,26
46B66330E41E826105860E1695A5019A,2015,CHEVROLET,SILVERADO,PICKUP TRUCK,RWD,GASOLINE/E85,38914,2015-10-06,34
9767DB1D70A1F1D32719D74452187DF5,2015,CHEVROLET,SILVERADO,PICKUP TRUCK,RWD,GASOLINE/E85,110030,2015-07-17,34
B3BE347748107D8A669C87E738F6A767,2015,CHEVROLET,SILVERADO,PICKUP TRUCK,RWD,GASOLINE/E85,176628,2015-09-28,34
F649B702A0B90B818809EF730ECCB27E,2015,CHEVROLET,SILVERADO,PICKUP TRUCK,RWD,GASOLINE/E85,75131,2015-10-29,34
67086535550400566977B9DAE2251998,2015,CHEVROLET,SILVERADO,PICKUP TRUCK,RWD,GASOLINE/E85,86114,2015-11-05,34
F3D19A32D44B0B4897044F727A4075C1,2015,CHEVROLET,SILVERADO,PICKUP TRUCK,RWD,GASOLINE/E85,89625,2015-11-24,34
DDC0E8664F43A7847E67BA5F334EDD3E,2015,CHEVROLET,SILVERADO,PICKUP TRUCK,RWD,GASOLINE/E85,72386,2016-02-03,34
410DEDAC3F41D92E2EC06877D12B3911,2015,CHEVROLET,SILVERADO,PICKUP TRUCK,RWD,GASOLINE/E85,85325,2016-03-04,34
E16D3009E8F1A95B5354530657F1D6E2,2015,CHEVROLET,SILVERADO,PICKUP TRUCK,RWD,GASOLINE/E85,67028,2016-02-15,34
6D0D83BB38057E7FB364D6B10F9D0598,2013,FORD,F-150,PICKUP TRUCK,RWD,GASOLINE/E85,129562,2013-06-11,26
E0145D2A00F989FC0FAF0D81E66CBF8E,2013,FORD,F-150,PICKUP TRUCK,RWD,GASOLINE/E85,166312,2013-07-25,26
7329B006D9227DA2DD77022C16D53D65,2013,FORD,F-150,PICKUP TRUCK,RWD,GASOLINE/E85,102543,2013-10-03,26
E30AF9EA88203933B1357A1E2E739BC8,2013,FORD,F-150,PICKUP TRUCK,RWD,GASOLINE/E85,169744,2013-08-01,26
F828344540CD3BA3555E5EA534E2935D,2013,FORD,F-150,PICKUP TRUCK,RWD,GASOLINE/E85,99757,2013-08-22,26
B9B5E7096FAB1E7FDCDFFE40428F2CA2,2013,FORD,F-150,PICKUP TRUCK,RWD,GASOLINE/E85,125468,2013-08-01,26
5C3E21CB5B87B4DD58A38DDB54E861CB,2015,CHEVROLET,SILVERADO,PICKUP TRUCK,RWD,GASOLINE/E85,114487,2015-09-08,34
A8992735377DFF25C638810DC61D62B3,2015,CHEVROLET,SILVERADO,PICKUP TRUCK,RWD,GASOLINE/E85,107662,2015-09-14,34
3FF4C24BD5A1C9E399BB72128952A774,2015,CHEVROLET,SILVERADO,PICKUP TRUCK,RWD,GASOLINE/E85,77741,2015-09-10,34
78C87F7BBADA6E95CDB707F754B34918,2015,CHEVROLET,SILVERADO,PICKUP TRUCK,RWD,GASOLINE/E85,147112,2015-11-04,34
B14D8AF790A06C53BA6FF5E94720D664,2016,FORD,TRANSIT VAN,VAN,RWD,GASOLINE/E85,84263,2016-07-12,25
F23687C964EEB336CAFFDF52559414F6,2015,CHEVROLET,SILVERADO,PICKUP TRUCK,RWD,GASOLINE/E85,80615,2015-12-03,34
59AECA9B50C36DD24733E3BB76AF3D2E,2016,FORD,TRANSIT VAN,VAN,RWD,GASOLINE/E85,34042,2016-09-21,25
A826DFA6AE9A9B0173251216285D8B93,2016,FORD,TRANSIT VAN,VAN,RWD,GASOLINE/E85,65122,2016-06-23,25
46B6D9E6519E21775336380042BFFC9F,2015,CHEVROLET,SILVERADO,PICKUP TRUCK,RWD,GASOLINE/E85,81641,2015-11-25,34
17A7401EE527D8452E47B5610A2C8974,2015,CHEVROLET,SILVERADO,PICKUP TRUCK,RWD,GASOLINE/E85,158231,2015-11-10,34
3935FC10F00D37476FD58F4B3C7D51D3,2012,FORD,F-350,PICKUP TRUCK,RWD,GASOLINE/E85,183418,2012-10-25,35
2D1F697D9A78EBA0A481D3263DDF7298,2012,FORD,F-350,PICKUP TRUCK,RWD,GASOLINE/E85,266840,2012-11-01,35
E2070AD3DE9BC77F8E0A00B33408F3DD,2012,FORD,F-150,PICKUP TRUCK,RWD,GASOLINE/E85,124644,2012-08-09,26
A5956F270B1F7B619F3F91BD3E7F63F2,2012,FORD,F-150,PICKUP TRUCK,RWD,GASOLINE/E85,196828,2012-08-08,26
2CB5411D0513B6D62986B880D07EA5F5,2012,FORD,F-150,PICKUP TRUCK,RWD,GASOLINE/E85,123878,2012-08-31,26
9D240F3B709C4EB67C6D64BC9122FC96,2012,FORD,F-350,PICKUP TRUCK,RWD,GASOLINE/E85,151106,2012-10-28,35
9EE895A2D80E5968FC0DAFA2FF1D95CF,2013,FORD,F-150,PICKUP TRUCK,RWD,GASOLINE/E85,115360,2013-03-08,26
A38E3E9D801541173B8FE5558A45DD77,2013,FORD,F-150,PICKUP TRUCK,RWD,GASOLINE/E85,173383,2013-03-06,26
18733F3EC9EB1A139AD6AD06846DA704,2013,FORD,F-150,PICKUP TRUCK,RWD,GASOLINE/E85,101485,2013-03-14,26
5C7D7D0D149998CEA9330C17AF1C3020,2013,FORD,F-150,PICKUP TRUCK,RWD,GASOLINE/E85,152956,2013-03-05,26
3755E36E4503A778D64413D631FC9C37,2013,FORD,F-150,PICKUP TRUCK,RWD,GASOLINE/E85,126025,2013-04-03,26
61F063E18092C092B26C99B094D83275,2013,FORD,F-150,PICKUP TRUCK,RWD,GASOLINE/E85,131976,2013-03-21,26
F33A6E324F043BE42EDC1681464F645D,2013,FORD,F-150,PICKUP TRUCK,RWD,GASOLINE/E85,174404,2013-11-01,26
B0092E2A9352B3D6FA2B7BF31CBDDD98,2013,FORD,F-150,PICKUP TRUCK,RWD,GASOLINE/E85,102897,2013-08-26,26
A7FE246865539E0FC90AA36A3CFD2FC4,2013,FORD,F-150,PICKUP TRUCK,RWD,GASOLINE/E85,141363,2013-06-12,26
257A28C94E0FE778000CA6D70BD0625B,2013,FORD,F-150,PICKUP TRUCK,RWD,GASOLINE/E85,118832,2013-07-05,26
D4552B101A8E7D17D6A7B83A9190D092,2013,FORD,F-150,PICKUP TRUCK,RWD,GASOLINE/E85,129379,2013-12-13,26
D2293723806F5520DC2A57D1BBC49822,2013,FORD,F-150,PICKUP TRUCK,RWD,GASOLINE/E85,146450,2013-05-08,26
6D69E41F3086A14854354C0891ACC39B,2013,FORD,F-350,PICKUP TRUCK,RWD,GASOLINE/E85,164589,2013-03-14,35
1324527DE8D9433DE7EF9CFD4E806147,2012,FORD,F-150,PICKUP TRUCK,RWD,GASOLINE/E85,160297,2012-05-25,26
2611263131B2CFA8CD779C25F6EEF497,2012,FORD,F-150,PICKUP TRUCK,RWD,GASOLINE/E85,129695,2012-04-23,26
44562A254986B2169BC985D6A49B7B8E,2012,FORD,F-150,PICKUP TRUCK,RWD,GASOLINE/E85,159346,2012-04-25,26
40B38CB2C7C84681D725D2B85C9B7B9B,2012,FORD,F-150,PICKUP TRUCK,RWD,GASOLINE/E85,169261,2012-04-26,26
11A99DA9752CC505FFE204560D22E2B0,2012,FORD,F-150,PICKUP TRUCK,RWD,GASOLINE/E85,145561,2012-04-19,26
D459752F6AB06E34D0053332D86AC385,2012,FORD,F-150,PICKUP TRUCK,RWD,GASOLINE/E85,135333,2012-07-09,26
0C3CFA32CF3C8A44840BF9DF78CE8A2C,2012,FORD,F-150,PICKUP TRUCK,RWD,GASOLINE/E85,145404,2012-07-09,26
2C37ED19C34C02152BF94E0F4FFB47E9,2012,FORD,F-150,PICKUP TRUCK,RWD,GASOLINE/E85,221713,2012-06-27,26
EC31E7E15A8D647D51B184AE08141154,2012,FORD,F-150,PICKUP TRUCK,RWD,GASOLINE/E85,107049,2012-07-11,26
222E25BE09BDA0700FEFCD2FD4EA6245,2012,FORD,F-150,PICKUP TRUCK,RWD,GASOLINE/E85,128877,2012-07-12,26
5D190EB3F7F4D9312C9DC108C1E84889,2012,FORD,F-150,PICKUP TRUCK,RWD,GASOLINE/E85,180363,2012-06-25,26
A0973483BBA545379481E2F4A552F39C,2012,FORD,F-150,PICKUP TRUCK,RWD,GASOLINE/E85,168797,2012-07-05,26
06BE6063F80AFAA823183A17F48D5B8D,2012,FORD,F-150,PICKUP TRUCK,RWD,GASOLINE/E85,175481,2012-09-13,26
D47C262BA93FC00C1B6B4265372B6D4C,2012,FORD,F-150,PICKUP TRUCK,RWD,GASOLINE/E85,202271,2012-09-13,26
0D32471F4892904D804CBED8FC5E7118,2012,FORD,F-150,PICKUP TRUCK,RWD,GASOLINE/E85,149701,2012-09-14,26
BE189502200530483AB1EE2C33666C03,2012,FORD,F-150,PICKUP TRUCK,RWD,GASOLINE/E85,165025,2012-09-19,26
C78BFBB3BAAD716F3186346B28CE2520,2012,FORD,F-150,PICKUP TRUCK,RWD,GASOLINE/E85,110491,2013-01-17,26
C29EE90B6089B40A74BDA5F8866A2057,2012,FORD,F-150,PICKUP TRUCK,RWD,GASOLINE/E85,181865,2012-10-25,26
4B3AC4A73FB40C8C6A15FC006BE6FEA6,2012,FORD,F-150,PICKUP TRUCK,RWD,GASOLINE/E85,119205,2012-10-12,26
8AC7EDC48274B7A16F4E2BEF2127E6B0,2013,FORD,F-150,PICKUP TRUCK,RWD,GASOLINE/E85,79800,2013-01-31,26
AA14BF2D9D01F893638D1DC41D8884FD,2013,FORD,F-150,PICKUP TRUCK,RWD,GASOLINE/E85,192333,2013-01-30,26
F786B86CADD30E120971322F08BF0570,2013,FORD,F-150,PICKUP TRUCK,RWD,GASOLINE/E85,164000,2013-03-06,26
C54FD3BB55E28F27AFEFE6F0386B1EFC,2013,FORD,F-150,PICKUP TRUCK,RWD,GASOLINE/E85,110931,2013-03-11,26
CB12DD47FB675D57C6FEFB49D64EDD5B,2013,FORD,F-150,PICKUP TRUCK,RWD,GASOLINE/E85,105008,2013-02-12,26
399AAA0F1FEA6DA534283C12F5F62AC8,2013,FORD,F-150,PICKUP TRUCK,RWD,GASOLINE/E85,75495,2013-02-07,26
BEA38EF038656A1780FDF72FFD512099,2011,FORD,F-150,PICKUP TRUCK,RWD,GASOLINE/E85,183020,2012-03-13,26
61B8B682982A29FCE0693BBA45B912C4,2011,FORD,F-150,PICKUP TRUCK,RWD,GASOLINE/E85,196951,2012-02-29,26
9EB19C1A35F2B31C50ED591D27B64BD4,2011,FORD,F-150,PICKUP TRUCK,RWD,GASOLINE/E85,130470,2012-03-05,26
375139CE227D2EC0A5ADD8048587BBD8,2011,FORD,F-150,PICKUP TRUCK,RWD,GASOLINE/E85,104299,2012-05-24,26
51F9F24ED2E82013A92BF3AB26288C11,2011,FORD,F-150,PICKUP TRUCK,RWD,GASOLINE/E85,98357,2012-03-08,26
95EE2236946A2BC71559F14334B182C3,2011,FORD,F-150,PICKUP TRUCK,RWD,GASOLINE/E85,144609,2012-03-05,26
3300513AFEF64DFA3F655491F46BB037,2012,FORD,F-350,PICKUP TRUCK,RWD,GASOLINE/E85,146380,2012-05-03,35
194FD41EBF8F919E1481482B72CA88CC,2012,FORD,F-350,PICKUP TRUCK,RWD,GASOLINE/E85,90284,2012-11-07,35
294B003F9308B43D3589C13F339A29AA,2012,FORD,F-350,PICKUP TRUCK,RWD,GASOLINE/E85,70078,2012-11-27,35
B8C59F82DC9429E7AF1E6BEB3F716419,2012,FORD,F-350,PICKUP TRUCK,RWD,GASOLINE/E85,70330,2012-04-19,35
E3E6EBDEB5E30001855F82E7A8EA497B,2012,FORD,F-350,PICKUP TRUCK,RWD,GASOLINE/E85,126870,2012-10-09,35
B1B8250020884A66CADE4E8D531132B1,2012,FORD,F-350,PICKUP TRUCK,RWD,GASOLINE/E85,132918,2013-01-09,35
CA6B6C5EC149A82486AAFEFE8589289A,2012,FORD,F-150,PICKUP TRUCK,RWD,GASOLINE/E85,183340,2012-05-01,26
0B4B7F3093BFEC0B7EDE605EC1119519,2012,FORD,F-150,PICKUP TRUCK,RWD,GASOLINE/E85,171301,2012-04-24,26
9E0C5E7F2B9E6F6000E21D985658F3A3,2012,FORD,F-150,PICKUP TRUCK,RWD,GASOLINE/E85,187616,2012-08-02,26
09C7D6D683A44232F75A856657F85F47,2012,FORD,F-150,PICKUP TRUCK,RWD,GASOLINE/E85,163297,2012-08-14,26
79F43D986B8CCFBCF421265D4985F199,2012,FORD,F-150,PICKUP TRUCK,RWD,GASOLINE/E85,176642,2012-08-14,26
E44A3A1988F95D90389C7E507DEFCD96,2012,FORD,F-150,PICKUP TRUCK,RWD,GASOLINE/E85,92011,2012-07-10,26
07A9D4748141A3F029B2FAAB260B8DE2,2012,FORD,F-150,PICKUP TRUCK,RWD,GASOLINE/E85,164920,2012-08-14,26
EE45BA7BB560220DE18C2A2D2182BB07,2012,FORD,F-150,PICKUP TRUCK,RWD,GASOLINE/E85,169409,2012-07-25,26
7633A08FAC49EC646DBD55584C149294,2012,FORD,F-150,PICKUP TRUCK,RWD,GASOLINE/E85,169982,2012-07-17,26
11CD6E223A8A6E6CF5986E551B7887CD,2012,FORD,FUSION,PASSENGER CAR,FWD,GASOLINE,142333,2012-08-09,17.5
392D65A54DDA3BFA64FE7B48FDA3988F,2013,FORD,TAURUS,PASSENGER CAR,FWD,GASOLINE/E85,114853,2012-09-26,19
9D2CF5EDBFBC6DB60B8177813AE644FB,2013,FORD,TAURUS,PASSENGER CAR,FWD,GASOLINE/E85,118046,2012-09-29,19
EA9041B6B196165D1A3AA335FC6F7D0E,2013,FORD,F-150,PICKUP TRUCK,RWD,GASOLINE/E85,140856,2013-01-31,26
F4C7D52D502ACDCEF076333FA63887B8,2013,FORD,EXPLORER,MULTIPURPOSE VEHICLE (MPV),FWD,GASOLINE,121648,2012-10-12,18.6
21BB6CE2577C5BF98CCE720E3DC7EE44,2013,FORD,EXPLORER,MULTIPURPOSE VEHICLE (MPV),FWD,GASOLINE,154909,2012-10-03,18.6
08F0D87AE9886853EEF5D6D85A7EAD3C,2013,FORD,F-150,PICKUP TRUCK,RWD,GASOLINE/E85,82523,2013-01-31,26
3F74081781DD9FB0E1E02158BF332704,2012,FORD,F-150,PICKUP TRUCK,RWD,GASOLINE/E85,158605,2012-08-07,26
FE34578C467E3D5BD71A49DA57B4BC6D,2012,FORD,F-150,PICKUP TRUCK,RWD,GASOLINE/E85,121109,2012-08-31,26
5201029DE32FDCB74E803C012F735193,2012,FORD,F-150,PICKUP TRUCK,RWD,GASOLINE/E85,168434,2012-08-24,26
7BCD5118D072E04CD2D2D836BD21D25C,2012,FORD,F-150,PICKUP TRUCK,RWD,GASOLINE/E85,142715,2012-10-01,26
B6C71702F09076674738443C22722457,2012,FORD,F-150,PICKUP TRUCK,RWD,GASOLINE/E85,94648,2012-10-04,26
3295CF22140944A60C1F54B80C47F4EF,2012,FORD,F-150,PICKUP TRUCK,RWD,GASOLINE/E85,196150,2012-08-27,26
FFE86330DD87B9EFC9017B79B3B6EE36,2012,FORD,F-150,PICKUP TRUCK,RWD,GASOLINE/E85,92331,2012-10-04,26
C8BF14818D439F01ABC7764EF9F65EA6,2013,FORD,F-150,PICKUP TRUCK,RWD,GASOLINE/E85,126966,2013-03-28,26
A21895A2A5D862B0D47FC8E403B6ABC6,2013,FORD,F-150,PICKUP TRUCK,RWD,GASOLINE/E85,217094,2013-04-02,26
FD18D9A68963EAF0B855F57DCF37D79E,2013,FORD,F-150,PICKUP TRUCK,RWD,GASOLINE/E85,205178,2013-04-30,26
FA7EB63A423A2267D6FC7A240E5A211C,2013,FORD,F-150,PICKUP TRUCK,RWD,GASOLINE/E85,129886,2013-04-18,26
CCBD473160E39595B7F918809A9D1A47,2013,FORD,F-150,PICKUP TRUCK,RWD,GASOLINE/E85,133690,2013-05-29,26
6E64E0B090D09B84C87F8BB5E58C2FFD,2013,FORD,F-150,PICKUP TRUCK,RWD,GASOLINE/E85,177338,2013-03-20,26
7CDBFA5B5DE07BC811A20FCA727D8CA9,2013,FORD,F-350,PICKUP TRUCK,RWD,GASOLINE/E85,123336,2013-04-25,35
C39DB8555C003E51137A154A676106E3,2013,FORD,F-350,PICKUP TRUCK,RWD,GASOLINE/E85,132067,2013-03-29,35
D2DC8D19C67902621D8E678C408CF0D1,2013,FORD,F-350,PICKUP TRUCK,RWD,GASOLINE/E85,101623,2013-03-11,35
DBCBCE49277B619DF8CD2885150137A4,2013,FORD,F-350,PICKUP TRUCK,RWD,GASOLINE/E85,108952,2013-04-02,35
76CA760458537F7AD019DF368D2D7D14,2013,FORD,F-350,PICKUP TRUCK,RWD,GASOLINE/E85,127092,2013-03-25,35
59FD1EDBEAC1593D2B8A056DC707A25D,2012,FORD,F-150,PICKUP TRUCK,RWD,GASOLINE/E85,116331,2012-04-27,26
91C466E78B0C088433AAF4A85F4376E9,2012,FORD,F-150,PICKUP TRUCK,RWD,GASOLINE/E85,140626,2012-04-16,26
C28157603C89C729724CDC5110B2BCAC,2012,FORD,F-150,PICKUP TRUCK,RWD,GASOLINE/E85,131575,2012-04-18,26
660FFBD7C1AC4762FDDEEC97A411FE83,2012,FORD,F-150,PICKUP TRUCK,RWD,GASOLINE/E85,130840,2012-04-26,26
72D1A6D30B2AE7FC899B4C24CC845D84,2012,FORD,F-150,PICKUP TRUCK,RWD,GASOLINE/E85,194866,2012-05-14,26
A21959F40497C0C2F5697540D524E626,2012,FORD,F-150,PICKUP TRUCK,RWD,GASOLINE/E85,91047,2012-05-21,26
065E5529C997751892C1F9D03CA8FDC4,2012,FORD,F-150,PICKUP TRUCK,RWD,GASOLINE/E85,72180,2012-09-14,26
A74FB8843173F2F01A9CAB6DB70C9D38,2012,FORD,F-150,PICKUP TRUCK,RWD,GASOLINE/E85,189547,2013-02-26,26
225E870E8DF783CA5723D97B419490EA,2012,FORD,F-150,PICKUP TRUCK,RWD,GASOLINE/E85,107642,2012-07-25,26
D0B6F4326CFBDEBA49A36BBD3188CF14,2012,FORD,F-150,PICKUP TRUCK,RWD,GASOLINE/E85,200671,2012-07-17,26
6129281AB8732589EDB28B09075D69F5,2012,FORD,F-150,PICKUP TRUCK,RWD,GASOLINE/E85,266050,2012-10-18,26
315F8002A29C69628D4C8391F5C1A4A2,2012,FORD,F-150,PICKUP TRUCK,RWD,GASOLINE/E85,205055,2012-10-04,26
B33D754E1911C3257E6BE75DCE360953,2012,FORD,F-150,PICKUP TRUCK,RWD,GASOLINE/E85,100848,2012-11-13,26
E321BAE674666D3AA59FA62EE1465173,2012,FORD,F-150,PICKUP TRUCK,RWD,GASOLINE/E85,77759,2012-11-12,26
4C952795DB369ACFDDA6B8626645ABB2,2012,FORD,F-150,PICKUP TRUCK,RWD,GASOLINE/E85,94642,2013-01-16,26
76EE82051596E6806990FA6994E64A48,2012,FORD,F-150,PICKUP TRUCK,RWD,GASOLINE/E85,132030,2012-10-19,26
F47A5D8D9945639949ED2A1DD56BB1EE,2013,FORD,F-150,PICKUP TRUCK,RWD,GASOLINE/E85,188264,2013-02-08,26
F29138541E9F0AD8E79E9A1375C579C9,2013,FORD,F-150,PICKUP TRUCK,RWD,GASOLINE/E85,204480,2013-02-05,26
D125DC0B4CB57417E10C0D04381DB042,2013,FORD,F-150,PICKUP TRUCK,RWD,GASOLINE/E85,114576,2013-02-14,26
D4424ADD81456EFA8BE89A57C9BFC498,2013,FORD,F-150,PICKUP TRUCK,RWD,GASOLINE/E85,186789,2013-02-20,26
091A8794ED91144A5BC299B10FDDD3A0,2013,FORD,F-150,PICKUP TRUCK,RWD,GASOLINE/E85,176298,2013-02-15,26
03A086ABE88B548362E4A6DD55C8C6EF,2011,FORD,F-150,PICKUP TRUCK,RWD,GASOLINE/E85,96960,2012-03-01,26
25A84C1853A779641C149109A624A2FB,2011,FORD,F-150,PICKUP TRUCK,RWD,GASOLINE/E85,123637,2012-03-12,26
3E6CA1FB826FD46A2389841A365A2D4B,2011,FORD,F-150,PICKUP TRUCK,RWD,GASOLINE/E85,128525,2012-03-06,26
82AC137302F64C3D40CE20C265F6E5FA,2011,FORD,F-150,PICKUP TRUCK,RWD,GASOLINE/E85,129886,2012-03-14,26
5E7D53B9FBA6E824962CC8D410058C68,2011,FORD,F-150,PICKUP TRUCK,RWD,GASOLINE/E85,153428,2012-03-06,26
89956E562420331EDFAA1F6B525934E8,2011,FORD,F-150,PICKUP TRUCK,RWD,GASOLINE/E85,82558,2012-03-14,26
74A5394F532ADA854FCC7E8A0EB5D771,2012,FORD,F-150,PICKUP TRUCK,RWD,GASOLINE/E85,148368,2012-07-05,26
EF975F1C7B9C81CFD6EC9F73DFC94A89,2012,FORD,F-350,PICKUP TRUCK,RWD,GASOLINE/E85,136033,2012-12-13,35
80D8ECFE594E3A70E51326673DEBE863,2012,FORD,F-150,PICKUP TRUCK,RWD,GASOLINE/E85,163505,2012-06-15,26
F6631B258A7B5B45B25D13CD2F6B2B1F,2012,FORD,F-150,PICKUP TRUCK,RWD,GASOLINE/E85,191091,2012-07-18,26
10D8B53DF57C01CAB74622CBCAEEF603,2012,FORD,F-150,PICKUP TRUCK,RWD,GASOLINE/E85,216914,2012-06-20,26
76836BAF7D0146E759399816D76A937F,2012,FORD,F-150,PICKUP TRUCK,RWD,GASOLINE/E85,112113,2012-04-30,26
85BA5CBDA7B5415DB70AC691E4AE4F92,2012,FORD,F-150,PICKUP TRUCK,RWD,GASOLINE/E85,246602,2012-04-13,26
A29D1B23290F021D317D533CC11A7082,2012,FORD,F-150,PICKUP TRUCK,RWD,GASOLINE/E85,130870,2012-04-12,26
F5D5C9F379C7AC4F2F1FAD68B2811EBD,2012,FORD,F-150,PICKUP TRUCK,RWD,GASOLINE/E85,200878,2012-04-16,26
0BC7F9EC6DAC4E74C6F3DABFCB5715E7,2012,FORD,F-150,PICKUP TRUCK,RWD,GASOLINE/E85,123893,2012-05-22,26
4E1AEA02A490CE13FC0CF9DB038E8A87,2012,FORD,F-150,PICKUP TRUCK,RWD,GASOLINE/E85,149621,2012-07-12,26
607A41D7B791BE263191BDA9F34A6902,2012,FORD,F-150,PICKUP TRUCK,RWD,GASOLINE/E85,126652,2012-07-20,26
C0D6DF83369977A1ADEAD95D0C633E57,2012,FORD,F-150,PICKUP TRUCK,RWD,GASOLINE/E85,145024,2012-07-16,26
F328AC6517F1ED2A3804EBB3E1947BDF,2012,FORD,F-150,PICKUP TRUCK,RWD,GASOLINE/E85,103694,2012-07-18,26
045A703E61E27CA74DA5BFBCDC43A209,2012,FORD,F-150,PICKUP TRUCK,RWD,GASOLINE/E85,102925,2012-07-16,26
2F18206DDD5ACE42D17CD68AA3854F7D,2012,FORD,F-150,PICKUP TRUCK,RWD,GASOLINE/E85,237299,2012-07-25,26
1D3BB6EE9558EA63B320ED9A163EC50A,2012,FORD,F-150,PICKUP TRUCK,RWD,GASOLINE/E85,189951,2012-07-17,26
72B2AE60DDD2FE4C371E5106E8F5D46A,2013,FORD,F-150,PICKUP TRUCK,RWD,GASOLINE/E85,148122,2013-02-11,26
4B01AAC7E55F84B9549DD29F07EE462F,2013,FORD,F-150,PICKUP TRUCK,RWD,GASOLINE/E85,165380,2013-01-23,26
EA429190D9D57CD49469413EB07079B9,2013,FORD,F-150,PICKUP TRUCK,RWD,GASOLINE/E85,126782,2013-01-16,26
4F3B0487D8824443085F9F5103FBC4AA,2013,FORD,F-150,PICKUP TRUCK,RWD,GASOLINE/E85,159290,2013-02-15,26
F22B038BC86D461F9B56370E5A322C26,2012,FORD,F-150,PICKUP TRUCK,RWD,GASOLINE/E85,180368,2012-09-21,26
623629C8B5B097BC083B6657AC2A0A0E,2012,FORD,F-150,PICKUP TRUCK,RWD,GASOLINE/E85,103957,2012-10-01,26
41B686066D82C1BA425DB9AB7D146F86,2012,FORD,F-150,PICKUP TRUCK,RWD,GASOLINE/E85,136323,2012-08-24,26
4D702060D0D1224ED12C55D0CEC272D3,2012,FORD,F-150,PICKUP TRUCK,RWD,GASOLINE/E85,168083,2012-09-26,26
BCE6EB2DF279BA82F808A66577A3DF97,2013,FORD,F-150,PICKUP TRUCK,RWD,GASOLINE/E85,155020,2013-05-06,26
121B2B07885590A3CDB718B1865B7D71,2013,FORD,F-150,PICKUP TRUCK,RWD,GASOLINE/E85,113636,2013-06-04,26
B010C699C80A27A999DC4F3335F9AF49,2013,FORD,F-150,PICKUP TRUCK,RWD,GASOLINE/E85,173628,2013-05-06,26
E0062105E8D034A21D404187025F16E8,2013,FORD,F-150,PICKUP TRUCK,RWD,GASOLINE/E85,99122,2013-05-07,26
557B9BCCD58D1653B8F95F710EA7D909,2013,FORD,F-150,PICKUP TRUCK,RWD,GASOLINE/E85,143665,2013-06-17,26
B161C1D99E6682A3ABE43CDEE1FCC94C,2013,FORD,F-150,PICKUP TRUCK,RWD,GASOLINE/E85,112937,2013-07-03,26
7F09B5B762619CD6A07BE1DCB914FD9C,2012,FORD,F-150,PICKUP TRUCK,RWD,GASOLINE/E85,199825,2012-05-21,26
65B5D1A32EAA982ED3C08AD5BCEB7434,2012,FORD,F-150,PICKUP TRUCK,RWD,GASOLINE/E85,165075,2012-05-31,26
AA3ADF7B31EF47000574F763E38BEE39,2012,FORD,F-150,PICKUP TRUCK,RWD,GASOLINE/E85,199918,2012-05-22,26
E66D67BE5A478C38B5E297703C91BFBD,2012,FORD,F-150,PICKUP TRUCK,RWD,GASOLINE/E85,142771,2012-05-18,26
AFABDC99C8576803C935A8B5A3CE9604,2012,FORD,F-150,PICKUP TRUCK,RWD,GASOLINE/E85,164093,2012-05-14,26
119D1B00B0FE3AADD325411773FB4956,2012,FORD,F-150,PICKUP TRUCK,RWD,GASOLINE/E85,180380,2012-08-01,26
82367BABA4099FF1578F7EC5B12C7EF9,2012,FORD,F-150,PICKUP TRUCK,RWD,GASOLINE/E85,201674,2012-07-06,26
70752C6941876800803EB458AF26ED81,2012,FORD,F-150,PICKUP TRUCK,RWD,GASOLINE/E85,165635,2012-07-20,26
03C27C1C896C1ADC45ADBEFC9921B581,2012,FORD,F-150,PICKUP TRUCK,RWD,GASOLINE/E85,153451,2012-07-20,26
02ADB8B6FA5DD60E7887A9A524C5F8DC,2012,FORD,F-150,PICKUP TRUCK,RWD,GASOLINE/E85,64987,2012-07-30,26
49F0609EEACB9756907741051D42BC59,2012,FORD,F-150,PICKUP TRUCK,RWD,GASOLINE/E85,54538,2012-07-30,26
4DB066ECB80A8B3C2D56F3D9D3F207E1,2012,FORD,F-150,PICKUP TRUCK,RWD,GASOLINE/E85,119097,2012-12-21,26
594ABE9A0F3034CF3D7E77554891E024,2012,FORD,F-150,PICKUP TRUCK,RWD,GASOLINE/E85,166610,2012-10-31,26
6C2F4DF115875A5F605401B3A5AE0055,2012,FORD,F-150,PICKUP TRUCK,RWD,GASOLINE/E85,193304,2012-11-08,26
8B1C590A7CF79A6BC4D648F70AEEDC44,2012,FORD,F-150,PICKUP TRUCK,RWD,GASOLINE/E85,135668,2012-09-12,26
B3AA8A50951CE3AF8BAB4F77585421C8,2012,FORD,F-150,PICKUP TRUCK,RWD,GASOLINE/E85,42425,2012-11-26,26
366A51DB3377672018C0EF51BB603528,2012,FORD,F-150,PICKUP TRUCK,RWD,GASOLINE/E85,157757,2012-09-20,26
62EF851DB91A4365456BB45663441874,2013,FORD,F-150,PICKUP TRUCK,RWD,GASOLINE/E85,157273,2013-02-12,26
E02BE17563604A90984DDF10CA13553D,2013,FORD,F-150,PICKUP TRUCK,RWD,GASOLINE/E85,191724,2013-02-25,26
2EBC2E87372859FEA0D4B18C3B1C0F90,2013,FORD,F-150,PICKUP TRUCK,RWD,GASOLINE/E85,133620,2013-02-19,26
44D465D34898B167E913B542B871FE6A,2013,FORD,F-150,PICKUP TRUCK,RWD,GASOLINE/E85,118424,2013-02-11,26
234646642C58D0C1673DB4C8C48257AE,2013,FORD,F-150,PICKUP TRUCK,RWD,GASOLINE/E85,153332,2013-03-05,26
6612BD7566B0FBB8C65F06E7AF66B931,2013,FORD,F-150,PICKUP TRUCK,RWD,GASOLINE/E85,161072,2013-03-01,26
4545277438D6EC99B6B0E4ACA4CE133D,2013,FORD,F-150,PICKUP TRUCK,RWD,GASOLINE/E85,156924,2013-02-14,26
C819596A0846A3A9E838ECD61447F1DE,2011,FORD,F-150,PICKUP TRUCK,RWD,GASOLINE/E85,151857,2012-03-08,26
FA60F4A83B7E8EF2E9F8FA54601B182D,2011,FORD,F-150,PICKUP TRUCK,RWD,GASOLINE/E85,121979,2012-03-08,26
B4A4112DC868A0145CC918F9ADCE546E,2011,FORD,F-150,PICKUP TRUCK,RWD,GASOLINE/E85,166250,2012-04-12,26
BF26D542191699B29EF07D124B399555,2011,FORD,F-150,PICKUP TRUCK,RWD,GASOLINE/E85,192969,2012-06-04,26
6886B97DA8A65020E4A89B569F5A0091,2011,FORD,F-150,PICKUP TRUCK,RWD,GASOLINE/E85,185512,2012-05-03,26
14B939E28BF1B8A71A03379FDCBF208B,2011,FORD,F-150,PICKUP TRUCK,RWD,GASOLINE/E85,170453,2012-05-08,26
CC78FC36F1024C5C3105BD9B71747F3E,2011,FORD,F-150,PICKUP TRUCK,RWD,GASOLINE/E85,130250,2012-06-27,26
0089A835ECC8B194D849EA62D83C289B,2012,FORD,F-150,PICKUP TRUCK,RWD,GASOLINE/E85,115000,2012-09-29,26
5D421F4BED162D85B254EF393EAF07F7,2012,FORD,F-150,PICKUP TRUCK,RWD,GASOLINE/E85,134289,2012-06-13,26
9082904A92EFBBE6B5884B6A311FA0AD,2012,FORD,F-150,PICKUP TRUCK,RWD,GASOLINE/E85,133339,2012-06-01,26
0AC43331FF623EFFCA42128000EE152B,2012,FORD,F-150,PICKUP TRUCK,RWD,GASOLINE/E85,181263,2012-06-19,26
4DD27318631108494C45B532CB327EB6,2012,FORD,F-150,PICKUP TRUCK,RWD,GASOLINE/E85,156665,2012-06-02,26
F6115F89E09AB71668C67C0BEE4215FE,2012,FORD,F-150,PICKUP TRUCK,RWD,GASOLINE/E85,146552,2012-06-05,26
A29E696433735A812D3B709265EDC8E5,2012,FORD,F-150,PICKUP TRUCK,RWD,GASOLINE/E85,209387,2012-04-26,26
C2F8E505D73A506A17993D1F68948BE7,2012,FORD,F-150,PICKUP TRUCK,RWD,GASOLINE/E85,164310,2012-05-15,26
E3C8839FCE6B9B5C598923D3672B1CE6,2012,FORD,F-150,PICKUP TRUCK,RWD,GASOLINE/E85,117419,2012-05-18,26
3F4A1CF1EE88AF248B234FBDD9BB72BA,2012,FORD,F-150,PICKUP TRUCK,RWD,GASOLINE/E85,195325,2012-08-01,26
341F03991166FF05AFC86095868C9B1C,2012,FORD,F-150,PICKUP TRUCK,RWD,GASOLINE/E85,98517,2012-04-27,26
19CE20C5BB40539BEA5B5A5ED23F40E1,2012,FORD,F-150,PICKUP TRUCK,RWD,GASOLINE/E85,102866,2012-06-22,26
A0FC32FAE3B663A892C13D87CDA3050C,2012,FORD,F-150,PICKUP TRUCK,RWD,GASOLINE/E85,157204,2012-06-26,26
C9BBDEAD8039A6D390E6ABDC406D284E,2012,FORD,F-150,PICKUP TRUCK,RWD,GASOLINE/E85,188250,2012-06-25,26
964CC5CE7E9FA3E7A408EC65E10E31B8,2012,FORD,F-150,PICKUP TRUCK,RWD,GASOLINE/E85,159444,2012-06-22,26
62BB7A20900F5757A603EC49455AE3C0,2012,FORD,F-150,PICKUP TRUCK,RWD,GASOLINE/E85,118935,2012-07-02,26
943F7F5138A747D2085B80DA030AC734,2012,FORD,F-150,PICKUP TRUCK,RWD,GASOLINE/E85,121851,2012-08-27,26
B62F03413446DDD16F5FD23C3596D021,2013,FORD,F-150,PICKUP TRUCK,RWD,GASOLINE/E85,148388,2013-02-14,26
17CF5A7E029A4DE89A670F74BA1917FD,2013,FORD,F-150,PICKUP TRUCK,RWD,GASOLINE/E85,96197,2013-03-25,26
709824428A308BC5E1BE49084B075801,2013,FORD,F-150,PICKUP TRUCK,RWD,GASOLINE/E85,177516,2013-01-27,26
224115C53D32DE5D081F0DE63FED5711,2013,FORD,F-150,PICKUP TRUCK,RWD,GASOLINE/E85,117497,2013-02-01,26
4524F61F85E25CBAAD9C4479B9FE2295,2013,FORD,F-150,PICKUP TRUCK,RWD,GASOLINE/E85,158275,2013-01-30,26
77126F0537AEA66440C2F9CB664D919A,2013,FORD,F-150,PICKUP TRUCK,RWD,GASOLINE/E85,117970,2013-06-07,26
F4F180065291321920D1D311A6B3341E,2013,FORD,F-150,PICKUP TRUCK,RWD,GASOLINE/E85,101984,2013-08-29,26
BAEB1656BAB19A1FF40DC0B3B2652A99,2013,FORD,F-150,PICKUP TRUCK,RWD,GASOLINE/E85,107839,2013-06-07,26
D08A9BC2D1A94AF5AD7AC4FE9C1492FD,2013,FORD,F-150,PICKUP TRUCK,RWD,GASOLINE/E85,72830,2013-07-12,26
BF6A1587BFA393BD549888252F642056,2013,FORD,F-150,PICKUP TRUCK,RWD,GASOLINE/E85,78842,2013-07-08,26
5748A87FD4761B8650EA6F3D4C7FAA7A,2013,FORD,F-150,PICKUP TRUCK,RWD,GASOLINE/E85,205900,2013-03-20,26
7E00E6917CAD556C7DDA3C52156F4800,2013,FORD,F-150,PICKUP TRUCK,RWD,GASOLINE/E85,218853,2013-02-14,26
1C87B3EC9FEC2E0E1F8549480019573C,2013,FORD,F-150,PICKUP TRUCK,RWD,GASOLINE/E85,155644,2013-03-15,26
3CC46A51AFA1291B4D2951CA1673CA7D,2013,FORD,F-150,PICKUP TRUCK,RWD,GASOLINE/E85,99159,2013-02-15,26
734B093EBD55693F435688F74515EA7F,2013,FORD,F-150,PICKUP TRUCK,RWD,GASOLINE/E85,163172,2013-02-19,26
0F602680FE4F18721EE66950A4820FB6,2013,FORD,F-150,PICKUP TRUCK,RWD,GASOLINE/E85,67094,2013-02-15,26
4D134447D29523F222170914634546B8,2013,FORD,F-150,PICKUP TRUCK,RWD,GASOLINE/E85,202167,2013-02-25,26
E48CA16519C41971A000D3F9AC711DB5,2013,FORD,F-150,PICKUP TRUCK,RWD,GASOLINE/E85,140508,2013-02-15,26
20E19F1D34D14B092D27CF1726F8DC6A,2012,FORD,F-150,PICKUP TRUCK,RWD,GASOLINE/E85,177892,2012-05-29,26
BFC24016247FEE74AEFFA1C76108B702,2012,FORD,F-150,PICKUP TRUCK,RWD,GASOLINE/E85,197678,2012-05-11,26
94C0B3724DFFFBB50796E4A9F57FF9CA,2012,FORD,F-150,PICKUP TRUCK,RWD,GASOLINE/E85,187824,2012-03-07,26
CD534F4AA4EC23985CD89999C1DA9953,2012,FORD,F-150,PICKUP TRUCK,RWD,GASOLINE/E85,118340,2012-05-17,26
F0E3B91509A59CCE77DA299E1DBAC8D1,2012,FORD,F-150,PICKUP TRUCK,RWD,GASOLINE/E85,156711,2012-03-15,26
85D48124CC34C5B7B8B6A0C399F897A1,2012,FORD,FUSION,PASSENGER CAR,FWD,GASOLINE,158845,2012-04-25,17.5
8A0558B4FAAF0639D082749A51890384,2012,FORD,FUSION,PASSENGER CAR,FWD,GASOLINE,106217,2012-04-26,17.5
BAA9083A8DCBD574998DFF7D4E33B914,2012,FORD,FUSION,PASSENGER CAR,FWD,GASOLINE,92349,2012-04-20,17.5
852F2DCE978A01976EFD7E2A677318EF,2012,FORD,ECONOLINE,VAN,RWD,GASOLINE,125694,2012-03-21,33
E8484170E8BD3D1584442D407F3955E9,2012,FORD,EXPLORER,MULTIPURPOSE VEHICLE (MPV),FWD,GASOLINE,152849,2012-02-27,18.6
96409E5618097D55DA7EB40CE80ED5CA,2012,FORD,F-150,PICKUP TRUCK,RWD,GASOLINE/E85,69924,2012-07-24,26
43AF227405B62D8C181B8923859CE076,2013,FORD,EXPLORER,MULTIPURPOSE VEHICLE (MPV),FWD,GASOLINE,273615,2012-05-10,18.6
413A0284B18968078E708306511BBC5A,2012,FORD,F-150,PICKUP TRUCK,RWD,GASOLINE/E85,126016,2012-10-03,26
49736E5D40F56BCB6FE70C556859BB80,2012,FORD,F-150,PICKUP TRUCK,RWD,GASOLINE/E85,214508,2012-12-04,26
4EF489F4EFAF2FB71BB07E67286F3063,2013,FORD,F-150,PICKUP TRUCK,RWD,GASOLINE/E85,123275,2013-03-28,26
457D98696A4B50C5918778CB12AC505F,2013,FORD,F-150,PICKUP TRUCK,RWD,GASOLINE/E85,138162,2013-02-18,26
2AE7AAE7A950896157BFAC0E0FF57738,2013,FORD,F-150,PICKUP TRUCK,RWD,GASOLINE/E85,103267,2013-04-24,26
AED5F403B0F1B0BC23CA147F5A30884B,2013,FORD,F-150,PICKUP TRUCK,RWD,GASOLINE/E85,102265,2013-03-27,26
C8A428B9BE64964838F0BE8FA311BAB6,2013,FORD,F-150,PICKUP TRUCK,RWD,GASOLINE/E85,115117,2013-03-27,26
E26FAD95E000764D4C7414BD8A97DA9C,2013,FORD,F-150,PICKUP TRUCK,RWD,GASOLINE/E85,109011,2013-03-28,26
EF6FCE51F6B59865BBD01AD655A730CE,2011,FORD,F-150,PICKUP TRUCK,RWD,GASOLINE/E85,163489,2012-05-01,26
34157B36A00FB0EB6BDDE396C03EC675,2012,FORD,F-150,PICKUP TRUCK,RWD,GASOLINE/E85,118662,2012-03-15,26
8AC8AE22D7BDDFA9FC22C6AE0DC90542,2012,FORD,F-150,PICKUP TRUCK,RWD,GASOLINE/E85,162183,2012-03-15,26
9F9D868D7066F21146D2E8DE2BF3FE28,2011,FORD,F-150,PICKUP TRUCK,RWD,GASOLINE/E85,195000,2012-06-20,26
04799ADA4BE8C44CFFC78543479556AF,2012,FORD,F-150,PICKUP TRUCK,RWD,GASOLINE/E85,167284,2012-03-22,26
567C237692966CE8AFDEABB7E99DC88A,2012,FORD,F-150,PICKUP TRUCK,RWD,GASOLINE/E85,115079,2012-04-16,26
D4434C49E0A285B36F8CA202C8110CC6,2012,FORD,F-150,PICKUP TRUCK,RWD,GASOLINE/E85,122823,2012-06-02,26
2C4BDABA3A91CDE70A1DD85B97CD359F,2012,FORD,F-150,PICKUP TRUCK,RWD,GASOLINE/E85,121917,2012-07-20,26
F239E29A401EBDC21F41A1E804B5D3AA,2012,FORD,F-150,PICKUP TRUCK,RWD,GASOLINE/E85,145549,2012-05-31,26
5A2054E4291F9909F80820D808D9453B,2012,FORD,F-150,PICKUP TRUCK,RWD,GASOLINE/E85,180715,2012-03-21,26
FA993DB60511F7BFBF1AA3B53931B782,2012,FORD,F-150,PICKUP TRUCK,RWD,GASOLINE/E85,114866,2012-05-09,26
A658CB77096D293212BFBF6062B02965,2012,FORD,F-150,PICKUP TRUCK,RWD,GASOLINE/E85,162370,2012-05-22,26
8A1854AD509E584E3B0244DFC7C814BD,2012,FORD,F-150,PICKUP TRUCK,RWD,GASOLINE/E85,164671,2012-04-13,26
D4281C1FCB3526D1C981F0BD0528761A,2012,FORD,F-150,PICKUP TRUCK,RWD,GASOLINE/E85,173930,2012-03-21,26
BEF149A10BC1FFBAD8098139805026FF,2012,FORD,F-150,PICKUP TRUCK,RWD,GASOLINE/E85,163754,2012-09-18,26
A27CC0457F1146854195C8B0268C0F77,2012,FORD,F-150,PICKUP TRUCK,RWD,GASOLINE/E85,127800,2012-10-03,26
BE913ECB1267AE1C4DD4D0630EC475D1,2012,FORD,F-150,PICKUP TRUCK,RWD,GASOLINE/E85,184167,2012-08-29,26
BDBD64872EB7053D1471BD5CF1DC27B1,2012,FORD,F-150,PICKUP TRUCK,RWD,GASOLINE/E85,138728,2012-08-28,26
DDB60C80A16175771E3A63C1ECDE1BDE,2012,FORD,F-150,PICKUP TRUCK,RWD,GASOLINE/E85,119600,2012-08-23,26
47C300B21B0CA5519D85C30D212C49C9,2012,FORD,F-150,PICKUP TRUCK,RWD,GASOLINE/E85,122896,2012-07-03,26
88F9C2C4387FF6A30E738560D06B6D49,2012,FORD,F-150,PICKUP TRUCK,RWD,GASOLINE/E85,167715,2012-07-03,26
A1D9D4E3B67C3AF265852DDB29D938F4,2012,FORD,F-150,PICKUP TRUCK,RWD,GASOLINE/E85,180992,2012-06-29,26
3B7C3D3F2F5994AB44AD67A54BC1BAA1,2012,FORD,F-150,PICKUP TRUCK,RWD,GASOLINE/E85,127077,2012-08-03,26
4632A5D1F92290792A5990A5FED8F78F,2012,FORD,F-150,PICKUP TRUCK,RWD,GASOLINE/E85,141163,2012-08-17,26
AACFA30D517BB24545729017B66FA860,2012,FORD,F-150,PICKUP TRUCK,RWD,GASOLINE/E85,159901,2012-06-29,26
5914B883411FB0C38EE07C8499432782,2013,FORD,F-150,PICKUP TRUCK,RWD,GASOLINE/E85,126140,2013-02-21,26
9A579BEF1069F7DA7086B36C74E2FAF4,2013,FORD,F-150,PICKUP TRUCK,RWD,GASOLINE/E85,87225,2013-03-13,26
EE027B5F1863C5A583F17C648A589452,2013,FORD,F-150,PICKUP TRUCK,RWD,GASOLINE/E85,153441,2013-01-22,26
2671000841FC23F2A7A3E8A097C187BD,2013,FORD,F-150,PICKUP TRUCK,RWD,GASOLINE/E85,149163,2013-01-29,26
C5B10071412B3F4E5A0DC699FBCB61CC,2013,FORD,F-150,PICKUP TRUCK,RWD,GASOLINE/E85,176850,2013-01-31,26
EE71F1F0E9F31712CD154EFB2C0A2DBE,2013,FORD,F-150,PICKUP TRUCK,RWD,GASOLINE/E85,139250,2013-02-21,26
7E0A71BB15BF78F8C5740173952FEBF0,2013,FORD,F-150,PICKUP TRUCK,RWD,GASOLINE/E85,146238,2013-02-07,26
CE455D3065DEA8D117A43ED2DAA9AF2A,2013,FORD,F-150,PICKUP TRUCK,RWD,GASOLINE/E85,118042,2013-02-20,26
9DA1B9E2FCED134A0E253E3300656F23,2013,FORD,F-150,PICKUP TRUCK,RWD,GASOLINE/E85,179998,2013-03-12,26
7E5BBAD043233158D97AB56DE0BA0A63,2013,FORD,F-150,PICKUP TRUCK,RWD,GASOLINE/E85,183542,2013-03-19,26
2D14526F3592D3FD815AC3C62DF80287,2013,FORD,F-150,PICKUP TRUCK,RWD,GASOLINE/E85,129362,2013-02-12,26
85AEA9DDE817E387352C201CAE1FF2FB,2013,FORD,F-150,PICKUP TRUCK,RWD,GASOLINE/E85,145611,2013-02-05,26
98DAD5147DD1104EC912ED9CCD68C4E5,2013,FORD,F-150,PICKUP TRUCK,RWD,GASOLINE/E85,157152,2013-02-05,26
5B20E6E600DA1E86243862F9579FAE08,2013,FORD,F-150,PICKUP TRUCK,RWD,GASOLINE/E85,237293,2013-02-14,26
C94EAF887E5A6920DEAF23D815DB1509,2011,FORD,F-350,PICKUP TRUCK,RWD,GASOLINE/E85,88795,2012-07-11,35
2C03A6EDA1731679F2C295CB282D6D87,2011,FORD,F-350,PICKUP TRUCK,RWD,GASOLINE/E85,114644,2012-10-23,35
9363CA6085BDD957D9154ACC7DD9F491,2012,FORD,F-150,PICKUP TRUCK,RWD,GASOLINE/E85,122252,2012-05-18,26
9C03EBEB48CDC22626F0E09550D574D0,2012,FORD,F-150,PICKUP TRUCK,RWD,GASOLINE/E85,127369,2012-05-17,26
2BE8A23E2B5463D05B47C748B5D88495,2012,FORD,F-150,PICKUP TRUCK,RWD,GASOLINE/E85,112083,2012-04-27,26
015B647D3AA015813F3A1A19E5ECA89B,2012,FORD,F-150,PICKUP TRUCK,RWD,GASOLINE/E85,151018,2012-06-29,26
3F810E7E5DEEB963BB993896F2C7B965,2012,FORD,F-150,PICKUP TRUCK,RWD,GASOLINE/E85,98893,2012-05-16,26
69CE1C3E595A153243A1CD5BF534F824,2012,FORD,F-150,PICKUP TRUCK,RWD,GASOLINE/E85,123620,2012-09-14,26
08DFB06B0ED80ED76BFB66761257502B,2012,FORD,F-150,PICKUP TRUCK,RWD,GASOLINE/E85,140921,2012-07-02,26
714F2BF082B51597996C4E87518F8A2E,2012,FORD,F-150,PICKUP TRUCK,RWD,GASOLINE/E85,166756,2013-01-29,26
AE09EC76B00E8E982CDAE3ADDF546BDF,2012,FORD,F-150,PICKUP TRUCK,RWD,GASOLINE/E85,151879,2012-09-13,26
EB43192151A24D69E0A71D97CDF5DD4E,2012,FORD,F-150,PICKUP TRUCK,RWD,GASOLINE/E85,141220,2013-02-05,26
7AAD9C8B291C1A9CD8EB3D856A46AACE,2012,FORD,F-150,PICKUP TRUCK,RWD,GASOLINE/E85,129530,2012-11-21,26
C44C53341775528DC41A8D53FD7657AE,2013,FORD,F-150,PICKUP TRUCK,RWD,GASOLINE/E85,97670,2013-04-16,26
C877A5D019332E0C5B3D40C5C3FE8D79,2013,FORD,F-150,PICKUP TRUCK,RWD,GASOLINE/E85,174200,2013-03-25,26
FC40A21F6698DDE026E5CDD3BDFC688C,2013,FORD,F-150,PICKUP TRUCK,RWD,GASOLINE/E85,120780,2013-04-03,26
2C020F48874EDED4CD67274DF8841B27,2013,FORD,F-150,PICKUP TRUCK,RWD,GASOLINE/E85,119002,2013-02-05,26
F3D55C5455578E2178D9719AD9CBED15,2013,FORD,F-150,PICKUP TRUCK,RWD,GASOLINE/E85,184039,2013-03-04,26
C1E02F0BA4F37FE49B170CF17A9C2A34,2013,FORD,F-150,PICKUP TRUCK,RWD,GASOLINE/E85,104095,2013-03-13,26
8E634802ED9AB22E96B576C9599D899B,2013,FORD,F-150,PICKUP TRUCK,RWD,GASOLINE/E85,117555,2013-03-14,26
EE85CD2988CDE4C072E69900321A7735,2013,FORD,F-150,PICKUP TRUCK,RWD,GASOLINE/E85,166210,2013-02-14,26
DEEF3E497F07651CA50051458A7153EA,2012,FORD,F-150,PICKUP TRUCK,RWD,GASOLINE/E85,141226,2012-05-08,26
A0AB3EE219A8A24C8CF132230EB578A6,2012,FORD,F-150,PICKUP TRUCK,RWD,GASOLINE/E85,189888,2012-04-23,26
3EE31A036B6A04313A38C57D59701A81,2012,FORD,F-150,PICKUP TRUCK,RWD,GASOLINE/E85,155761,2012-03-26,26
EDA228065516108993D382F664A44DF5,2012,FORD,F-150,PICKUP TRUCK,RWD,GASOLINE/E85,99446,2012-05-08,26
7888E6C47FD157F89F3F0D84C9DAFB39,2012,FORD,F-150,PICKUP TRUCK,RWD,GASOLINE/E85,154881,2012-05-08,26
DC8F54F9CD7A64B34EB7C16E48645CE9,2012,FORD,F-150,PICKUP TRUCK,RWD,GASOLINE/E85,139601,2012-04-27,26
39FAF6382444C2325C230580205C60B7,2012,FORD,F-150,PICKUP TRUCK,RWD,GASOLINE/E85,177926,2012-03-19,26
CD2582654114C85F82EEF5AC49DAD6FF,2012,FORD,F-150,PICKUP TRUCK,RWD,GASOLINE/E85,117980,2012-06-05,26
50D86385F07F8C0C1EF88E69E4537993,2012,FORD,F-150,PICKUP TRUCK,RWD,GASOLINE/E85,157125,2012-04-26,26
3B875080AB8A0363923B03D04AF45E49,2012,FORD,F-150,PICKUP TRUCK,RWD,GASOLINE/E85,116229,2012-06-19,26
AE491763283C4AFF92FF8DCA03FD7890,2012,FORD,F-150,PICKUP TRUCK,RWD,GASOLINE/E85,93817,2012-07-03,26
99BA117BD926BC6938D6D6F960A51B43,2012,FORD,F-150,PICKUP TRUCK,RWD,GASOLINE/E85,113317,2012-07-11,26
5B5FA504BA773A3CFE7AF50133972626,2012,FORD,F-150,PICKUP TRUCK,RWD,GASOLINE/E85,169545,2012-09-07,26
6642564EEB2659BC495B472A1B082D41,2012,FORD,F-150,PICKUP TRUCK,RWD,GASOLINE/E85,106262,2012-08-07,26
9B490061E6A86EEE93A3B1AF9962649E,2012,FORD,F-150,PICKUP TRUCK,RWD,GASOLINE/E85,132135,2012-08-20,26
FDE62E51CA7D75C40282EE95617AFE9C,2012,FORD,F-150,PICKUP TRUCK,RWD,GASOLINE/E85,127896,2012-09-04,26
0B773EAA5AE0760A838AC4D947466086,2012,FORD,F-150,PICKUP TRUCK,RWD,GASOLINE/E85,116735,2012-09-04,26
434348CA63F6CA6275176671BA0DC33E,2012,FORD,F-150,PICKUP TRUCK,RWD,GASOLINE/E85,116558,2012-09-04,26
860C54A8B0C8C81B1E3A340D0CBD19E3,2012,FORD,F-150,PICKUP TRUCK,RWD,GASOLINE/E85,141431,2012-07-23,26
44804C55B7BA3685FECB12CA448DDEA7,2012,FORD,F-150,PICKUP TRUCK,RWD,GASOLINE/E85,162472,2012-07-03,26
2D0925D72CC1625DD2B943ADDB01EBF1,2012,FORD,F-150,PICKUP TRUCK,RWD,GASOLINE/E85,128391,2012-07-20,26
8385A23B6EE284CD03AB7A46856F8091,2012,FORD,F-150,PICKUP TRUCK,RWD,GASOLINE/E85,187586,2012-07-20,26
483B469991E0E3E1545511CFF3BF3F8A,2012,FORD,F-150,PICKUP TRUCK,RWD,GASOLINE/E85,145926,2012-07-19,26
65128B9F7E6E0AAD3539102B5C31932F,2013,FORD,F-150,PICKUP TRUCK,RWD,GASOLINE/E85,109674,2013-01-23,26
AA3EC769779449AA7A33754D0BF7CD87,2013,FORD,F-150,PICKUP TRUCK,RWD,GASOLINE/E85,64342,2013-01-18,26
5F6584EEECCDB7AD88B740949308D8DD,2013,FORD,F-150,PICKUP TRUCK,RWD,GASOLINE/E85,101994,2013-01-18,26
68C3C02F87D2A8DA8E0AE36848C6BDA9,2013,FORD,F-150,PICKUP TRUCK,RWD,GASOLINE/E85,104844,2013-01-08,26
DEAAAE6BDAB329E16E01FE3673CCC10C,2013,FORD,F-150,PICKUP TRUCK,RWD,GASOLINE/E85,230771,2013-02-25,26
234B95ED0742396D9C43783A92632C62,2013,FORD,F-150,PICKUP TRUCK,RWD,GASOLINE/E85,184237,2013-04-09,26
DD1FCC81C977A4B49BD7588DCDBFCE41,2013,FORD,F-150,PICKUP TRUCK,RWD,GASOLINE/E85,109599,2013-03-01,26
BFBBA9E2FF0578649D787046EFB8304F,2013,FORD,F-150,PICKUP TRUCK,RWD,GASOLINE/E85,189793,2013-03-01,26
E132F644F563A98934718910334A6A1D,2011,FORD,F-150,PICKUP TRUCK,RWD,GASOLINE/E85,150574,2012-03-09,26
19147B30F54917272725C79787515DD2,2011,FORD,F-150,PICKUP TRUCK,RWD,GASOLINE/E85,143644,2012-03-08,26
BF16408FC2C0B1B44AAE3A1EBC4B9E76,2011,FORD,F-150,PICKUP TRUCK,RWD,GASOLINE/E85,59979,2012-04-04,26
E5670BED42B2281645BA0C0C3439C516,2011,FORD,F-150,PICKUP TRUCK,RWD,GASOLINE/E85,184382,2012-03-05,26
631A2541A6B72B2CAA9670F2713F3C91,2011,FORD,F-150,PICKUP TRUCK,RWD,GASOLINE/E85,140265,2012-03-07,26
FE53DE3E8BECD6DB43BB1690F8A4CDCA,2012,FORD,F-150,PICKUP TRUCK,RWD,GASOLINE/E85,112409,2012-09-14,26
708DF8F77081B6D3D5A710521A38A5E5,2012,FORD,F-150,PICKUP TRUCK,RWD,GASOLINE/E85,183744,2012-09-21,26
DBA053BF8A35D69FA5620ED5E0BDA433,2012,FORD,F-150,PICKUP TRUCK,RWD,GASOLINE/E85,107633,2012-10-19,26
9D200A19489EF48B2215907BDEF8067E,2012,FORD,F-150,PICKUP TRUCK,RWD,GASOLINE/E85,164458,2012-09-25,26
86D5DBA1C278BDE0AA9190DC08B82CEC,2012,FORD,F-350,PICKUP TRUCK,RWD,GASOLINE/E85,157000,2012-04-25,35
26A66C0F25DAF5F9D5C74BB92F019332,2013,FORD,F-150,PICKUP TRUCK,RWD,GASOLINE/E85,146581,2013-03-22,26
5A30725238BD80E16B1ABCF364EBC5B8,2013,FORD,F-150,PICKUP TRUCK,RWD,GASOLINE/E85,169085,2013-03-05,26
006D6F844E98EB1078D99D1410AB2683,2013,FORD,F-150,PICKUP TRUCK,RWD,GASOLINE/E85,118342,2013-01-23,26
75ABD019D40F4EC9483079F713A638A4,2013,FORD,F-150,PICKUP TRUCK,RWD,GASOLINE/E85,75057,2013-01-18,26
D099B5EEBF25B704BA2B10E96AFC24FC,2013,FORD,F-350,PICKUP TRUCK,RWD,GASOLINE/E85,176582,2013-02-12,35
8A4D06A8CF0AD033BD57045D9BAFEAB6,2013,FORD,F-350,PICKUP TRUCK,RWD,GASOLINE/E85,122202,2013-01-29,35
A786597B7F939B709E02CF18E34F1A7A,2013,FORD,F-150,PICKUP TRUCK,RWD,GASOLINE/E85,127195,2013-03-19,26
9AF29B6DCF211C3AC46B62A991BB0E42,2013,FORD,F-150,PICKUP TRUCK,RWD,GASOLINE/E85,160649,2013-03-05,26
DE82AEBFC9821BF3868E27B4AA5798DD,2013,FORD,F-150,PICKUP TRUCK,RWD,GASOLINE/E85,123465,2013-03-15,26
BD20DCFDA7BE889C05B3B118AE92BDE8,2012,FORD,F-150,PICKUP TRUCK,RWD,GASOLINE/E85,77351,2012-05-08,26
E74E9AFADE771F712E2FFF5215946DFB,2012,FORD,F-150,PICKUP TRUCK,RWD,GASOLINE/E85,152922,2012-04-23,26
8EF42B8BA504C394F8A99F3703F9DC04,2012,FORD,F-150,PICKUP TRUCK,RWD,GASOLINE/E85,200104,2012-05-01,26
829B01CDE205B5730E960ADAFBAA4CB9,2011,FORD,F-150,PICKUP TRUCK,RWD,GASOLINE/E85,124665,2012-03-16,26
EE9BC2ECE058E0DEFA04CDFAC63B9157,2011,FORD,F-150,PICKUP TRUCK,RWD,GASOLINE/E85,184097,2012-03-13,26
E02FDC3699B691D7F1902ACD4A56A81B,2011,FORD,F-150,PICKUP TRUCK,RWD,GASOLINE/E85,134365,2012-05-01,26
9FDF1CA9DB9B0583D55678FFA4DCCEA1,2011,FORD,F-150,PICKUP TRUCK,RWD,GASOLINE/E85,182740,2012-03-05,26
0E8EB26A019CACD236DF4869AA69D3B8,2011,FORD,F-150,PICKUP TRUCK,RWD,GASOLINE/E85,145506,2012-03-10,26
E01C3A00832658D80B5E841AD02CFF53,2012,FORD,F-150,PICKUP TRUCK,RWD,GASOLINE/E85,89335,2012-04-05,26
E7DFC7229B007A16411A67D696228ACD,2012,FORD,F-150,PICKUP TRUCK,RWD,GASOLINE/E85,89896,2012-05-10,26
92709A6E3EBF99C9F90A2C983770B70D,2012,FORD,F-350,PICKUP TRUCK,RWD,GASOLINE/E85,97004,2012-03-31,35
1094AF1C4839EC0BB8B229F603943340,2012,FORD,F-350,PICKUP TRUCK,RWD,GASOLINE/E85,181996,2012-03-16,35
55EE60A7BD7371153398F3186F935A3A,2012,FORD,F-350,PICKUP TRUCK,RWD,GASOLINE/E85,88210,2012-04-03,35
072EA724DB50B509C58920F907285BFA,2012,FORD,F-350,PICKUP TRUCK,RWD,GASOLINE/E85,191211,2012-04-06,35
FD209BC9BDD109EF0F5AD9BD41381E4F,2012,FORD,F-350,PICKUP TRUCK,RWD,GASOLINE/E85,193554,2012-05-02,35
5B5C2A50318F09C199135EAF8E295E5C,2012,FORD,F-150,PICKUP TRUCK,RWD,GASOLINE/E85,193779,2012-08-30,26
7344F8FC8E07D429874833464A50B40F,2012,FORD,F-150,PICKUP TRUCK,RWD,GASOLINE/E85,187706,2012-08-27,26
7F98E21ED4A9EB0D2450F0B6B5DAC09F,2012,FORD,F-150,PICKUP TRUCK,RWD,GASOLINE/E85,266486,2012-09-19,26
D2F0B3446D477D72EAE70960898C5EC9,2012,FORD,F-150,PICKUP TRUCK,RWD,GASOLINE/E85,125560,2012-08-06,26
AC1CA92AF794664CC83AF51C90955980,2012,FORD,F-150,PICKUP TRUCK,RWD,GASOLINE/E85,131130,2012-09-04,26
8E0D77252B541141998E63DBB79ECAA0,2012,FORD,F-150,PICKUP TRUCK,RWD,GASOLINE/E85,225516,2012-08-22,26
F7E399EE7B9AACCC498A701BC01D1F47,2012,FORD,F-150,PICKUP TRUCK,RWD,GASOLINE/E85,206341,2012-11-28,26
F153A938739A7E46906E271FB4D3F53C,2012,FORD,F-350,PICKUP TRUCK,RWD,GASOLINE/E85,196940,2012-06-21,35
5F40A6B818ED9462E07FD6F18C447EB2,2012,FORD,F-150,PICKUP TRUCK,RWD,GASOLINE/E85,67050,2012-08-13,26
1AB2DB29569F8AE43AE490F106360B96,2012,FORD,F-350,PICKUP TRUCK,RWD,GASOLINE/E85,169773,2012-06-04,35
AF30E66E44814DB994B8DDAE93582F1C,2012,FORD,F-350,PICKUP TRUCK,RWD,GASOLINE/E85,124355,2012-06-29,35
DBAAAAD686C66D9C3D695EB84CAA0C3D,2012,FORD,F-350,PICKUP TRUCK,RWD,GASOLINE/E85,149251,2012-06-14,35
500B24BC7B437B4C9A3F7368B26F91BA,2012,FORD,F-350,PICKUP TRUCK,RWD,GASOLINE/E85,115878,2012-06-18,35
EF1CB2EFE1B4D2E60896A269633D4C02,2012,FORD,FUSION,PASSENGER CAR,FWD,GASOLINE,101272,2012-01-27,17.5
CA4D1BD6793D8FF614E7FAAF2E9B43ED,2013,FORD,F-350,PICKUP TRUCK,RWD,GASOLINE/E85,169574,2013-01-29,35
BC845A4AEE4BF0BC52DC431C8786EE6E,2013,FORD,F-350,PICKUP TRUCK,RWD,GASOLINE/E85,168358,2013-02-27,35
DF5F42049EADBD7B1D4EA26F19A34D19,2013,FORD,F-150,PICKUP TRUCK,RWD,GASOLINE/E85,124974,2012-12-27,26
DE04AADE98E3085885B8677DBF156997,2013,FORD,F-350,PICKUP TRUCK,RWD,GASOLINE/E85,131581,2013-02-18,35
CE9F7281BA9AE95E09A6F30D9D85876E,2013,FORD,F-350,PICKUP TRUCK,RWD,GASOLINE/E85,150496,2013-02-20,35
A5A2081691B06A609CB3FEE3D8FC3E61,2013,FORD,F-150,PICKUP TRUCK,RWD,GASOLINE/E85,134819,2013-03-08,26
6D270D4C66EDD4230BBE2B7133F26274,2013,FORD,F-150,PICKUP TRUCK,RWD,GASOLINE/E85,121764,2013-03-08,26
6D662A1E8FC7609B2EEE40A9D8F54B82,2013,FORD,F-150,PICKUP TRUCK,RWD,GASOLINE/E85,148620,2013-04-02,26
5A3BAE139F49A20F319F41056965CA42,2013,FORD,F-150,PICKUP TRUCK,RWD,GASOLINE/E85,127406,2013-03-29,26
60D4BDE618A324C4E8706AB30B7B5F82,2013,FORD,F-150,PICKUP TRUCK,RWD,GASOLINE/E85,142633,2013-03-28,26
AF34C4A388906B96185BC6CDC68029FB,2013,FORD,F-150,PICKUP TRUCK,RWD,GASOLINE/E85,150277,2013-04-15,26
754C8531E72F696145DDD9BC41218E4C,2013,FORD,F-150,PICKUP TRUCK,RWD,GASOLINE/E85,193500,2013-04-03,26
12FCDD969C3E0184C9596F3A74EB31AA,2011,FORD,F-150,PICKUP TRUCK,RWD,GASOLINE/E85,130563,2012-03-05,26
480FE99D1B10B2BC2ED03A566724DC38,2011,FORD,F-150,PICKUP TRUCK,RWD,GASOLINE/E85,132343,2012-03-16,26
E32CD68246DA4BE58056DC61F0A00CDB,2011,FORD,F-150,PICKUP TRUCK,RWD,GASOLINE/E85,121727,2012-03-05,26
87547D1256CB76BE94F2FCA8A147B4CD,2011,FORD,F-150,PICKUP TRUCK,RWD,GASOLINE/E85,96699,2012-03-08,26
BBE6BDC8A7AB8FCDE2F11F106FE8A268,2011,FORD,F-150,PICKUP TRUCK,RWD,GASOLINE/E85,121720,2012-07-16,26
D50B2823578E6092269E98DA45846DBC,2011,FORD,F-150,PICKUP TRUCK,RWD,GASOLINE/E85,197604,2012-03-05,26
00417260C684BF9EB29AF37A0A48FED6,2012,FORD,F-350,PICKUP TRUCK,RWD,GASOLINE/E85,97860,2012-04-10,35
320D8ED3B30CB2A62079D07B735FDDB9,2012,FORD,F-350,PICKUP TRUCK,RWD,GASOLINE/E85,180609,2012-05-11,35
9BF57FE852BE99F0EFD024CCF951C892,2012,FORD,EXPLORER,MULTIPURPOSE VEHICLE (MPV),FWD,GASOLINE,50200,2012-01-30,18.6
3D993B00B75F2EC18C18B0A22C400C6F,2012,FORD,F-150,PICKUP TRUCK,RWD,GASOLINE/E85,210041,2012-06-19,26
67402A98454863D118AF51B535A1F2F5,2012,FORD,F-150,PICKUP TRUCK,RWD,GASOLINE/E85,95958,2012-06-25,26
88BC93C7749FAFB08EE21069CD3BFDC4,2012,FORD,F-150,PICKUP TRUCK,RWD,GASOLINE/E85,154745,2012-09-14,26
D1BD39C2250E13089ADC2B84429025C0,2013,FORD,F-150,PICKUP TRUCK,RWD,GASOLINE/E85,205170,2012-12-21,26
39F9D92909A315A0BFEE76BA3175F14E,2013,FORD,F-150,PICKUP TRUCK,RWD,GASOLINE/E85,131651,2013-02-21,26
F91C5766356387241E876C09398FE690,2013,FORD,F-150,PICKUP TRUCK,RWD,GASOLINE/E85,182523,2013-01-28,26
85D4668AB9AAA4493D63CCA265A535AE,2013,FORD,FUSION,PASSENGER CAR,FWD,GASOLINE,171705,2012-12-04,16.5
84E8B6FC0AA00350D55121872558A1F9,2013,FORD,F-150,PICKUP TRUCK,RWD,GASOLINE/E85,135520,2013-03-27,26
4F7892AB9070552649CD2389A62F7409,2013,FORD,F-150,PICKUP TRUCK,RWD,GASOLINE/E85,108965,2013-02-19,26
3B7CB29F8BFCCA1012B7E33B2EACC0C3,2012,FORD,F-150,PICKUP TRUCK,RWD,GASOLINE/E85,193815,2012-04-20,26
4F0D2D1417CC311713E940C3FE3EAE53,2012,FORD,F-150,PICKUP TRUCK,RWD,GASOLINE/E85,198942,2012-04-03,26
65D79D30A675989EE2C874EA3A61FB62,2011,FORD,F-150,PICKUP TRUCK,RWD,GASOLINE/E85,201550,2012-03-08,26
43B4AEEFD9EE08D9FBE92A64418D5FBF,2011,FORD,F-150,PICKUP TRUCK,RWD,GASOLINE/E85,174904,2012-03-09,26
9B718FFEB0DF1ECF97C3FFF53E582C00,2011,FORD,F-150,PICKUP TRUCK,RWD,GASOLINE/E85,146695,2012-03-21,26
263CC65D115D142E5E0A2DD20C840E56,2011,FORD,F-150,PICKUP TRUCK,RWD,GASOLINE/E85,186738,2012-03-12,26
D15A5B295ACAC17CA0DED71C948A2592,2012,FORD,F-350,PICKUP TRUCK,RWD,GASOLINE/E85,103425,2012-04-03,35
A80801D2A1BB5E793508322D2D895C3F,2012,FORD,F-350,PICKUP TRUCK,RWD,GASOLINE/E85,218152,2012-04-19,35
A3EA8C5ABC2CA7BB03447228B8151902,2012,FORD,F-350,PICKUP TRUCK,RWD,GASOLINE/E85,139191,2012-03-15,35
E01EAE50AC99E4788DDC3771E83C7630,2012,FORD,F-150,PICKUP TRUCK,RWD,GASOLINE/E85,166272,2012-06-25,26
8E618F45702C52717E6B60351087FBBD,2012,FORD,F-150,PICKUP TRUCK,RWD,GASOLINE/E85,150787,2012-06-18,26
3F7446D6B3BBDA34A7512B037411A504,2012,FORD,F-150,PICKUP TRUCK,RWD,GASOLINE/E85,132918,2012-06-11,26
1DF73DA9BBBF317BDC071A9AA53B85B6,2012,FORD,F-150,PICKUP TRUCK,RWD,GASOLINE/E85,216698,2012-06-21,26
057A14FFD036975ECA4265E3ACEBB043,2012,FORD,F-150,PICKUP TRUCK,RWD,GASOLINE/E85,115344,2013-01-16,26
41212F52BAECCB9141667A76D6FB258C,2012,FORD,F-150,PICKUP TRUCK,RWD,GASOLINE/E85,108869,2013-01-17,26
B7540EDE2639E68F2CD0C4AADA80CFF8,2012,FORD,F-150,PICKUP TRUCK,RWD,GASOLINE/E85,168344,2012-08-09,26
FA9847BF712DE12E74B0BA9B4A98C33A,2010,FORD,F-150,PICKUP TRUCK,RWD,GASOLINE,198293,2012-07-13,26
A904D0B89727C5C01D821839FEDB236F,2012,FORD,F-150,PICKUP TRUCK,RWD,GASOLINE/E85,135070,2012-07-12,26
E128020C742851E18275721F305A9915,2013,FORD,EXPLORER,MULTIPURPOSE VEHICLE (MPV),FWD,GASOLINE,135642,2012-10-19,18.6
C966C74DBD7698E4C1A8735DF8C90E3D,2013,FORD,F-150,PICKUP TRUCK,RWD,GASOLINE/E85,100468,2013-01-31,26
FE090366BC3475EB0D93ED437858A030,2012,FORD,F-650,TRUCK,4X2; DUAL REAR WHEELS,GASOLINE,85105,2013-03-05,42
5C8AEEBAD9B199CD01966D9B2379AC6A,2013,FORD,F-150,PICKUP TRUCK,RWD,GASOLINE/E85,164728,2012-10-27,26
58024D1031B784215832827895600007,2012,FORD,F-150,PICKUP TRUCK,RWD,GASOLINE/E85,152458,2012-11-16,26
B779F1681E43B5559C183143E225DD9E,2013,FORD,F-150,PICKUP TRUCK,RWD,GASOLINE/E85,124411,2013-04-04,26
213DF80D861EF4EE10C9F796B2628633,2013,FORD,F-150,PICKUP TRUCK,RWD,GASOLINE/E85,105427,2013-04-24,26
67B455E4BA0334C444E08F3255BC927F,2013,FORD,F-150,PICKUP TRUCK,RWD,GASOLINE/E85,197834,2013-04-05,26
EE324D8A0949609D59131EDAC7452FBB,2013,FORD,F-150,PICKUP TRUCK,RWD,GASOLINE/E85,140999,2013-03-27,26
E06DCFEBF2EFA710B8CA38921B7878AD,2013,FORD,F-150,PICKUP TRUCK,RWD,GASOLINE/E85,110147,2013-04-30,26
00F8AABB40A5C56E065B94427CCDA166,2013,FORD,F-150,PICKUP TRUCK,RWD,GASOLINE/E85,156484,2013-04-24,26
0B8911781F18EDA4AD32D588790ECA55,2011,FORD,F-150,PICKUP TRUCK,RWD,GASOLINE/E85,158171,2012-03-29,26
00A47EB4877F336DB00A5C074ABC2A34,2011,FORD,F-150,PICKUP TRUCK,RWD,GASOLINE/E85,165118,2012-05-04,26
8DE5AEA9F340382D7C4016C21970CE95,2011,FORD,F-350,PICKUP TRUCK,RWD,GASOLINE/E85,189209,2012-04-03,35
4FD13119DAA0222451C8481662114681,2011,FORD,F-150,PICKUP TRUCK,RWD,GASOLINE/E85,235812,2012-03-26,26
8E550C024553D15800EE952E0A608B60,2011,FORD,F-150,PICKUP TRUCK,RWD,GASOLINE/E85,150162,2012-03-05,26
52D3134FBA89667171DD94DBC8F631DD,2012,FORD,F-150,PICKUP TRUCK,RWD,GASOLINE/E85,227050,2012-06-01,26
4B3DB47453D44244FE3D5E752E31C916,2012,FORD,F-150,PICKUP TRUCK,RWD,GASOLINE/E85,102226,2012-07-02,26
A57CC68B71E3D667C5F6139A154CEB46,2012,FORD,F-150,PICKUP TRUCK,RWD,GASOLINE/E85,200832,2012-05-16,26
C076FF1FC6D53F27FCDD2015C8855052,2012,FORD,F-150,PICKUP TRUCK,RWD,GASOLINE/E85,202512,2012-05-16,26
76E89F0E371AC3D8C54EBF420352DEE3,2012,FORD,F-150,PICKUP TRUCK,RWD,GASOLINE/E85,210806,2012-06-19,26
9184B2E04A4E97F2DF2FD49BAC1C3309,2012,FORD,F-150,PICKUP TRUCK,RWD,GASOLINE/E85,82592,2012-09-14,26
A297ED07BB28140AB4B75351190C6E04,2012,FORD,F-150,PICKUP TRUCK,RWD,GASOLINE/E85,117681,2012-09-28,26
74517B1B950BCF8B31CF500FB1030160,2012,FORD,F-150,PICKUP TRUCK,RWD,GASOLINE/E85,172175,2012-09-14,26
510F6242D29F000E1A1AF3068E85CDB9,2012,FORD,F-150,PICKUP TRUCK,RWD,GASOLINE/E85,241158,2012-09-18,26
2301826FF9CB9F945ECEC95D53715445,2012,FORD,F-150,PICKUP TRUCK,RWD,GASOLINE/E85,161538,2012-09-13,26
B729A787028F86BFECE4C4BA624B4FA0,2012,FORD,F-150,PICKUP TRUCK,RWD,GASOLINE/E85,196524,2012-11-13,26
2C3F8158A67D2D24D7F7D93A14AF6218,2013,FORD,F-150,PICKUP TRUCK,RWD,GASOLINE/E85,130200,2013-04-03,26
C77739620E0A9FD7773AC59CCBD276DC,2013,FORD,F-150,PICKUP TRUCK,RWD,GASOLINE/E85,110359,2013-02-15,26
2F1E3B876362C8DBC15A1AD1DED647DC,2013,FORD,F-150,PICKUP TRUCK,RWD,GASOLINE/E85,134029,2013-02-19,26
A53F333E3B307DD9787DD3E00189C3D7,2013,FORD,F-150,PICKUP TRUCK,RWD,GASOLINE/E85,157133,2013-02-07,26
42CE9095D7FB1665A1FAF554F9537D3B,2013,FORD,F-150,PICKUP TRUCK,RWD,GASOLINE/E85,125992,2013-02-07,26
33324D0BAD279202FA11BB40F51E9665,2013,FORD,F-150,PICKUP TRUCK,RWD,GASOLINE/E85,144096,2013-02-07,26
4F72F2F71B519544BD099F9FB93079D9,2011,FORD,F-150,PICKUP TRUCK,RWD,GASOLINE/E85,100215,2012-03-13,26
18A55417A73AA3CFA3A91C757D693D84,2011,FORD,F-150,PICKUP TRUCK,RWD,GASOLINE/E85,131181,2012-03-06,26
FD160805077B0D54B43DA2331390742E,2011,FORD,F-150,PICKUP TRUCK,RWD,GASOLINE/E85,136685,2012-02-24,26
C6899CF43CEC788B160520135F7B0180,2011,FORD,F-150,PICKUP TRUCK,RWD,GASOLINE/E85,195600,2012-03-08,26
A922F25BDC7748A6ACF7BAFDDCFA2262,2011,FORD,F-150,PICKUP TRUCK,RWD,GASOLINE/E85,214769,2012-03-12,26
7E84014A8C21FBD010FAC607BF548780,2011,FORD,F-150,PICKUP TRUCK,RWD,GASOLINE/E85,133542,2012-03-02,26
0684872F25688842718BE223E956E396,2011,FORD,F-150,PICKUP TRUCK,RWD,GASOLINE/E85,108376,2012-03-14,26
BBF5560B08DAB9E461CBFCE3752305DC,2012,FORD,F-150,PICKUP TRUCK,RWD,GASOLINE/E85,127869,2012-05-30,26
6142D3336263ECBB4DFBCCF25686988B,2012,FORD,F-150,PICKUP TRUCK,RWD,GASOLINE/E85,205131,2012-06-14,26
C8BBB03DA711C54A082A579A9FAC0E60,2012,FORD,F-150,PICKUP TRUCK,RWD,GASOLINE/E85,174111,2012-08-03,26
152D716AEF9A35C0597AFB01226BF56B,2012,FORD,F-150,PICKUP TRUCK,RWD,GASOLINE/E85,238900,2012-07-13,26
1D06A4791A2C06B3D4555C693E3A8958,2012,FORD,F-150,PICKUP TRUCK,RWD,GASOLINE/E85,148503,2012-05-30,26
0C9789C89FF576D9EE59725E88833282,2011,FORD,F-350,PICKUP TRUCK,RWD,GASOLINE/E85,209700,2012-08-31,35
A389F74F71CC1BAE558C65B0DE8E11BA,2012,FORD,EXPLORER,MULTIPURPOSE VEHICLE (MPV),FWD,GASOLINE,122558,2012-04-09,18.6
2745CF6CCAE68F4CB72640E41571B381,2011,FORD,F-350,PICKUP TRUCK,RWD,GASOLINE/E85,169010,2012-08-09,35
B82AAB14410391B0A3A085DAEB08D70F,2011,FORD,F-350,PICKUP TRUCK,RWD,GASOLINE/E85,129318,2012-08-02,35
BDFED016FB9362F0CC03D9E6408D30A0,2011,FORD,F-350,PICKUP TRUCK,RWD,GASOLINE/E85,228888,2012-06-23,35
B674391B79E1BA10F659B33D3E720F30,2013,FORD,F-150,PICKUP TRUCK,RWD,GASOLINE/E85,103313,2013-02-19,26
121200F02275EA19B7DD5F53E456863C,2013,FORD,F-150,PICKUP TRUCK,RWD,GASOLINE/E85,139227,2013-02-08,26
50B2358B06BF5C449E5F2BBBC0012C8D,2013,FORD,F-150,PICKUP TRUCK,RWD,GASOLINE/E85,150670,2013-05-24,26
FCA439EFB72EBFAAEBE260F08B788DB3,2013,FORD,F-150,PICKUP TRUCK,RWD,GASOLINE/E85,130170,2013-02-08,26
2CCE1D7EE35A0CF20544A278D5D0B78F,2013,FORD,F-150,PICKUP TRUCK,RWD,GASOLINE/E85,127710,2013-03-13,26
D54ADC45EC96E234FC7819820698E70C,2013,FORD,F-150,PICKUP TRUCK,RWD,GASOLINE/E85,164948,2013-04-18,26
D1357FCD0D7788A12F0C6EB3E54AAD08,2013,FORD,F-150,PICKUP TRUCK,RWD,GASOLINE/E85,52110,2013-06-05,26
1B7595CD3A11A56400EF5EB089A3717A,2013,FORD,F-150,PICKUP TRUCK,RWD,GASOLINE/E85,118529,2013-04-04,26
2191B4BC34E7437AC2BC9F2D0399033A,2011,FORD,F-150,PICKUP TRUCK,RWD,GASOLINE/E85,174864,2012-03-01,26
A5E282BC994A603B7EA1360C2E0D77CE,2011,FORD,F-150,PICKUP TRUCK,RWD,GASOLINE/E85,139954,2012-02-29,26
563CA617FDB95ED408DBBF2DAC505D8A,2011,FORD,F-150,PICKUP TRUCK,RWD,GASOLINE/E85,103321,2012-05-03,26
F1341286E25AD07DF049D94A3CBC24D2,2011,FORD,F-150,PICKUP TRUCK,RWD,GASOLINE/E85,158431,2012-03-21,26
60579C20C0715463C035E9E00CBBD64B,2012,FORD,F-150,PICKUP TRUCK,RWD,GASOLINE/E85,130542,2012-06-12,26
DA40B3E1B1F94A8E9963F19DEEABD7F0,2012,FORD,F-150,PICKUP TRUCK,RWD,GASOLINE/E85,187065,2012-05-30,26
F4FF7E9BE9E552FA92AC42825E0CEBF1,2012,FORD,F-150,PICKUP TRUCK,RWD,GASOLINE/E85,199916,2012-06-07,26
83C71305DF7D4FD6D98BC4BF881B76F6,2012,FORD,F-150,PICKUP TRUCK,RWD,GASOLINE/E85,116947,2012-07-20,26
1C3B4D933EA067CD2D60060D83B2C06F,2012,FORD,F-150,PICKUP TRUCK,RWD,GASOLINE/E85,111749,2012-07-19,26
62E1902CFD572D80B92DDE419204FE89,2012,FORD,F-150,PICKUP TRUCK,RWD,GASOLINE/E85,141027,2012-10-15,26
5D8CA9A107DF75E0ECBCDEADA3F6061D,2012,FORD,F-150,PICKUP TRUCK,RWD,GASOLINE/E85,128855,2012-11-08,26
7055DCD2A1343164BF714825E40720C6,2012,FORD,F-150,PICKUP TRUCK,RWD,GASOLINE/E85,154438,2012-09-14,26
80AF40CEFE960B53256A28F03F655190,2012,FORD,F-150,PICKUP TRUCK,RWD,GASOLINE/E85,218583,2012-09-19,26
72E71956B2066A1AD7CEAE98E7CBEE0E,2012,FORD,F-150,PICKUP TRUCK,RWD,GASOLINE/E85,14712,2012-10-12,26
571428CB53C1F378E12B7B7DEB695EFB,2012,FORD,F-150,PICKUP TRUCK,RWD,GASOLINE/E85,133589,2012-09-05,26
2F4EF215B67FB83640ADB73B796B52E1,2013,FORD,F-150,PICKUP TRUCK,RWD,GASOLINE/E85,132255,2013-02-19,26
6F774E58D3E48B15FEF4285D180BEA7E,2013,FORD,F-150,PICKUP TRUCK,RWD,GASOLINE/E85,172569,2013-02-18,26
1353B7D91B443FC50A824E2723F60D75,2013,FORD,F-150,PICKUP TRUCK,RWD,GASOLINE/E85,140568,2013-02-28,26
57769215441F6B24F0CE0F9CD25D0AE4,2013,FORD,F-150,PICKUP TRUCK,RWD,GASOLINE/E85,219736,2013-03-12,26
24DFAB3D836E4F281F3BFBAD28B0A281,2013,FORD,F-150,PICKUP TRUCK,RWD,GASOLINE/E85,203120,2013-03-12,26
9CEFD7DB60984D31578A41CF43CD1FF0,2011,FORD,F-150,PICKUP TRUCK,RWD,GASOLINE/E85,87303,2012-06-14,26
99CDDA08C79660F3CF301AA288DE9DA1,2011,FORD,F-150,PICKUP TRUCK,RWD,GASOLINE/E85,186822,2012-05-21,26
F1DAFD75805DA7C766BCAFE768FF6D67,2011,FORD,F-150,PICKUP TRUCK,RWD,GASOLINE/E85,125126,2012-05-25,26
945CA814F3A90A0622E97181B2A06ADC,2011,FORD,F-150,PICKUP TRUCK,RWD,GASOLINE/E85,161303,2012-05-21,26
01C53AD9F205597C13289C85AC5BCE82,2011,FORD,F-150,PICKUP TRUCK,RWD,GASOLINE/E85,118561,2012-06-29,26
5D27EDADB2556296BD279DDEC40111A8,2012,FORD,F-150,PICKUP TRUCK,RWD,GASOLINE/E85,112747,2012-05-16,26
B72F53D4365FF13C3C91B5C6A4B9EAEA,2012,FORD,F-150,PICKUP TRUCK,RWD,GASOLINE/E85,135649,2012-06-29,26
C67D947DF7A25F419CBC50D6E46D557A,2012,FORD,F-150,PICKUP TRUCK,RWD,GASOLINE/E85,204521,2012-06-11,26
E1BDBA888B2A0B629D2909E75476A2F1,2012,FORD,F-150,PICKUP TRUCK,RWD,GASOLINE/E85,208909,2012-07-03,26
770EFD01FAEFC989092B19779EE44B5D,2012,FORD,F-150,PICKUP TRUCK,RWD,GASOLINE/E85,223051,2012-07-19,26
D89917DDEC025F6A823591D9B0C1DB25,2012,FORD,F-150,PICKUP TRUCK,RWD,GASOLINE/E85,163508,2012-05-30,26
22AF02E2F999A2AA146B174793C02BAE,2012,FORD,F-150,PICKUP TRUCK,RWD,GASOLINE/E85,178285,2012-06-26,26
55908DDBEC7033031F94F158C7AAA63F,2013,FORD,F-150,PICKUP TRUCK,RWD,GASOLINE/E85,145950,2013-01-30,26
255BD59E436ED3B3E2A815E95EBA42E3,2013,FORD,F-150,PICKUP TRUCK,RWD,GASOLINE/E85,182199,2013-03-07,26
75351650235454CC6B1A631BEFE43945,2013,FORD,F-150,PICKUP TRUCK,RWD,GASOLINE/E85,207118,2013-01-31,26
C8A82695409985761A130E80708F6CA6,2013,FORD,F-150,PICKUP TRUCK,RWD,GASOLINE/E85,162214,2013-02-25,26
255D0DA56F9E3246519FE8794A8FF2F5,2013,FORD,F-150,PICKUP TRUCK,RWD,GASOLINE/E85,159722,2013-02-18,26
8F927FD271BFA248B9012809EF0BDAF4,2013,FORD,F-150,PICKUP TRUCK,RWD,GASOLINE/E85,163134,2013-02-15,26
A9C7A859FA27F4B49A1FB19C95FE000A,2013,FORD,F-150,PICKUP TRUCK,RWD,GASOLINE/E85,123871,2013-06-27,26
625FD512B9E67A48C079EB42A80052FF,2013,FORD,F-150,PICKUP TRUCK,RWD,GASOLINE/E85,128992,2013-04-04,26
44907E9362144C49FAAC3D86A2F84EB2,2013,FORD,F-150,PICKUP TRUCK,RWD,GASOLINE/E85,119380,2013-07-09,26
A036E42039B9E5941212EFDAC52A5D90,2013,FORD,F-150,PICKUP TRUCK,RWD,GASOLINE/E85,102809,2013-07-10,26
597ABD0C8F5587AED107F35961D5B5B7,2013,FORD,F-150,PICKUP TRUCK,RWD,GASOLINE/E85,87855,2013-09-19,26
609B202A0CD3CA672D9831A9628E0091,2012,FORD,F-150,PICKUP TRUCK,RWD,GASOLINE/E85,106155,2012-07-11,26
017584AD15BC5AD44269B8B151256E48,2012,FORD,F-150,PICKUP TRUCK,RWD,GASOLINE/E85,110578,2012-07-23,26
3A46CEF77F3091C554710C4F8169B192,2012,FORD,FUSION,PASSENGER CAR,FWD,GASOLINE,125636,2012-05-09,17.5
E806910806EF8CE46EFB680A7BD744E5,2012,FORD,F-150,PICKUP TRUCK,4WD,GASOLINE/E85,73123,2012-07-25,36
853F2BCAB88C1146431E02B15705A542,2012,FORD,F-150,PICKUP TRUCK,RWD,GASOLINE/E85,218535,2012-07-06,26
086A982CC071522BACDE912E29FE0F25,2012,FORD,F-150,PICKUP TRUCK,RWD,GASOLINE/E85,125403,2013-01-29,26
3E16BF6741272168D58F0D630AD640FB,2012,FORD,F-150,PICKUP TRUCK,RWD,GASOLINE/E85,133100,2012-11-16,26
F2E7780E9D8C90958AF85632C91A4E33,2012,FORD,F-150,PICKUP TRUCK,RWD,GASOLINE/E85,130270,2012-10-12,26
A6FD5276373279481229ACA7B8AA3EAE,2012,FORD,F-150,PICKUP TRUCK,RWD,GASOLINE/E85,211690,2013-04-15,26
978D340B96A529A1379D636E9DC38E9D,2012,FORD,F-150,PICKUP TRUCK,RWD,GASOLINE/E85,153395,2013-02-05,26
F4A5C534FECABB2834A2C2656395692F,2012,FORD,F-150,PICKUP TRUCK,RWD,GASOLINE/E85,133981,2013-02-11,26
E19982287B10264CF240D61B491D244E,2013,FORD,F-150,PICKUP TRUCK,RWD,GASOLINE/E85,58164,2013-03-12,26
7E2E39E5A784E53246C6620954278B29,2013,FORD,F-150,PICKUP TRUCK,RWD,GASOLINE/E85,177232,2013-03-05,26
535BB878E0719F6D097D82CEACCFB8F7,2013,FORD,F-150,PICKUP TRUCK,RWD,GASOLINE/E85,110114,2013-02-18,26
74DE63C7F562B63E58B256589D37456D,2013,FORD,F-150,PICKUP TRUCK,RWD,GASOLINE/E85,123228,2013-03-11,26
D522EB1FB86751D701493C3E1048B6AF,2013,FORD,F-150,PICKUP TRUCK,RWD,GASOLINE/E85,143715,2013-03-27,26
E80DE696754B989E1E331871D93F4CD2,2013,FORD,F-150,PICKUP TRUCK,RWD,GASOLINE/E85,123457,2013-03-27,26
94A4A895FF210C6DE36C0D735DFD44E7,2013,FORD,F-150,PICKUP TRUCK,RWD,GASOLINE/E85,187999,2013-03-04,26
62E9098BE6626D9C450DF56088D0D23B,2012,FORD,F-150,PICKUP TRUCK,RWD,GASOLINE/E85,119169,2012-05-21,26
F13B86BF61A9F59EC93AAE3E7AC2AC69,2011,FORD,F-150,PICKUP TRUCK,RWD,GASOLINE/E85,173880,2012-07-16,26
63A5D975858776E36A5BF39B668B3B24,2012,FORD,F-150,PICKUP TRUCK,RWD,GASOLINE/E85,143365,2012-04-26,26
D376B0AE4EE36A83281585837CF15A3D,2012,FORD,F-150,PICKUP TRUCK,RWD,GASOLINE/E85,108321,2012-05-21,26
1C8840B63BB9E864D957AFFC3FDB92CF,2012,FORD,F-150,PICKUP TRUCK,RWD,GASOLINE/E85,148310,2012-05-10,26
B0D05FAD5416A3DA33119D0EC069803E,2012,FORD,F-150,PICKUP TRUCK,RWD,GASOLINE/E85,119160,2012-05-17,26
6AEC1B315EBC27F02FB1CF95B5286B7B,2012,FORD,F-150,PICKUP TRUCK,RWD,GASOLINE/E85,177446,2012-07-31,26
1E8235391B6DAC9FCDAAF03308AED19E,2012,FORD,F-150,PICKUP TRUCK,RWD,GASOLINE/E85,126613,2012-08-22,26
D96C34FBFBD60F2DAB84BFC464005D4D,2012,FORD,F-150,PICKUP TRUCK,RWD,GASOLINE/E85,137569,2012-08-22,26
8119D6DDD9B3CF2413D277F7B6513FDC,2012,FORD,F-150,PICKUP TRUCK,RWD,GASOLINE/E85,187304,2012-07-26,26
8E7C6E2AC07717D61F026A6BD257D2F8,2012,FORD,F-150,PICKUP TRUCK,RWD,GASOLINE/E85,173648,2012-07-30,26
E66C0B02ADD2EA33429123A7ABDE1730,2012,FORD,F-150,PICKUP TRUCK,RWD,GASOLINE/E85,154787,2012-07-31,26
EB7A68A092B20F4782A49DEE624B7537,2012,FORD,F-150,PICKUP TRUCK,RWD,GASOLINE/E85,122422,2012-07-30,26
F6215460CE4C85A06323AA9C93C4D634,2013,FORD,F-150,PICKUP TRUCK,RWD,GASOLINE/E85,94558,2013-03-13,26
4CCDDE9D4335F7AB1672A60C821F6F1A,2013,FORD,F-150,PICKUP TRUCK,RWD,GASOLINE/E85,87298,2013-02-12,26
8D22F46C30C1305B04F3633BB89C0578,2013,FORD,F-150,PICKUP TRUCK,RWD,GASOLINE/E85,90066,2013-03-11,26
6D35A9758BD60B34B3FC315D6AFD3002,2013,FORD,F-150,PICKUP TRUCK,RWD,GASOLINE/E85,132788,2013-01-28,26
8550410966D5599ADBCF8BFDD052C0C2,2013,FORD,F-150,PICKUP TRUCK,RWD,GASOLINE/E85,107313,2013-02-15,26
D479D619F81CDC2D7BB510CFC772FD55,2013,FORD,F-150,PICKUP TRUCK,RWD,GASOLINE/E85,131024,2013-02-15,26
94EA7CB4E8EC763BFCB028B422A5C4FD,2013,FORD,F-150,PICKUP TRUCK,RWD,GASOLINE/E85,84414,2013-01-23,26
FE1B026F574C81578DA5E851F22EEAF6,2013,FORD,F-150,PICKUP TRUCK,RWD,GASOLINE/E85,128791,2013-04-11,26
B99B9533D2A8BAA99361C415AE2BEAB5,2013,FORD,F-150,PICKUP TRUCK,RWD,GASOLINE/E85,76381,2013-03-05,26
EBE87A6FE309173ACB1430A648EECA31,2013,FORD,F-150,PICKUP TRUCK,RWD,GASOLINE/E85,115901,2013-09-19,26
4E3C5EF43BFD65D007BDB374047E8487,2013,FORD,F-150,PICKUP TRUCK,RWD,GASOLINE/E85,141960,2013-03-04,26
233513E9A43138FBAFEB157E6548503A,2013,FORD,F-150,PICKUP TRUCK,RWD,GASOLINE/E85,186279,2013-03-06,26
2708265EB29DDB16A7A86C717D9EF986,2013,FORD,F-150,PICKUP TRUCK,RWD,GASOLINE/E85,81878,2013-12-31,26
BEE7C420AB27C34DE781E96A9E49AA2D,2013,FORD,F-150,PICKUP TRUCK,RWD,GASOLINE/E85,116504,2013-03-11,26
6B5C4CBB788AD5CD0383AEA0A4C6E87A,2011,FORD,F-150,PICKUP TRUCK,RWD,GASOLINE/E85,154257,2012-03-08,26
78D77EAD859F6569993CF19D157C1882,2011,FORD,F-150,PICKUP TRUCK,RWD,GASOLINE/E85,156036,2012-03-09,26
D6FCD2234F7AF0CE02CABF33BE95DB19,2013,FORD,F-150,PICKUP TRUCK,RWD,GASOLINE/E85,107225,2013-04-10,26
E9A9C7C19EA0D02CFE24525388DB7DFE,2012,FORD,F-150,PICKUP TRUCK,RWD,GASOLINE/E85,149495,2012-04-03,26
E5DF6498B9923ED3DFE3C8A90D68FF1F,2012,FORD,F-150,PICKUP TRUCK,RWD,GASOLINE/E85,150102,2012-07-20,26
AB2CEA0EFF6914EAD41737EA484EED05,2012,FORD,F-150,PICKUP TRUCK,RWD,GASOLINE/E85,122200,2012-07-17,26
1CDD5AE4B04AD5EEA26A4E6E655BE9C8,2011,FORD,F-350,PICKUP TRUCK,RWD,GASOLINE/E85,126274,2012-08-13,35
401D2DF7A38C05BA3A1211FC2F313C31,2012,FORD,F-450,PICKUP TRUCK,RWD; DUAL REAR WHEELS,GASOLINE,54394,2012-09-24,40
7D533926322FDD3BB14F97D3FD13A753,2013,FORD,EXPLORER,MULTIPURPOSE VEHICLE (MPV),FWD,GASOLINE,174429,2012-04-13,18.6
F7B8F81000473F3E7B4B77655276A785,2011,FORD,F-350,PICKUP TRUCK,RWD,GASOLINE/E85,178249,2012-08-21,35
46F3720C85BBE25D7BD94B9C3FDC226A,2012,FORD,F-150,PICKUP TRUCK,RWD,GASOLINE/E85,96671,2012-06-26,26
CB0EB533721B14600BF82DFCE1B669C2,2013,FORD,F-150,PICKUP TRUCK,4WD,GASOLINE/E85,206200,2013-02-05,36
43141A8F54BA6BEBFD962D076AE60D32,2012,FORD,F-150,PICKUP TRUCK,RWD,GASOLINE/E85,211721,2012-04-23,26
E63EED16717CF8EA18D2C9EF4D6A0880,2013,FORD,FUSION,PASSENGER CAR,FWD,GASOLINE,160026,2012-11-16,16.5
93971844FEC589DFFE3DA5563D8A1824,2013,FORD,EXPLORER,MULTIPURPOSE VEHICLE (MPV),FWD,GASOLINE,169113,2012-09-12,18.6
2966EE80F572534AA9D1DE236857489C,2013,FORD,F-150,PICKUP TRUCK,RWD,GASOLINE/E85,124917,2013-02-12,26
DE19678B8296A5F6075030235B76B5FB,2013,FORD,FUSION,PASSENGER CAR,FWD,GASOLINE,114080,2012-10-18,16.5
0B15B11CC4413EAB11248A075CC10007,2013,FORD,F-150,PICKUP TRUCK,RWD,GASOLINE/E85,118319,2013-05-24,26
881AE58A92835630347A3A3F75C28ECD,2013,FORD,F-150,PICKUP TRUCK,RWD,GASOLINE/E85,140547,2013-03-30,26
51F1913E908751747D5EE71D3CEC9CDB,2013,FORD,F-150,PICKUP TRUCK,RWD,GASOLINE/E85,295777,2013-04-03,26
E13F657F1A94D0A4730A2B40C8B758FD,2013,FORD,F-150,PICKUP TRUCK,RWD,GASOLINE/E85,157277,2013-03-25,26
0FB9E9053D27309E9A87619E0D7BA5D3,2013,FORD,F-150,PICKUP TRUCK,RWD,GASOLINE/E85,92360,2013-04-15,26
3C85379A632E829AD3F56189CB5FAD14,2013,FORD,F-150,PICKUP TRUCK,RWD,GASOLINE/E85,124944,2013-03-19,26
8BE9F602A5C1570E623EC8C6A34D0703,2012,FORD,F-150,PICKUP TRUCK,RWD,GASOLINE/E85,116505,2012-04-17,26
268A981C9A406B762B8CEFBBB3B95BF1,2012,FORD,F-150,PICKUP TRUCK,RWD,GASOLINE/E85,185616,2012-04-13,26
5A4EB0C1D0D29B10D7632657AAC8BAF7,2012,FORD,F-150,PICKUP TRUCK,RWD,GASOLINE/E85,116784,2012-05-17,26
781691064A154FDBD144EC701FA334D9,2012,FORD,F-150,PICKUP TRUCK,RWD,GASOLINE/E85,147761,2012-04-13,26
2FA825B3CF987F94F6CD7DCD048BC1DB,2012,FORD,F-150,PICKUP TRUCK,RWD,GASOLINE/E85,178995,2012-04-13,26
170AE468079D3AE65F7F7E4C30C4AC1B,2012,FORD,F-150,PICKUP TRUCK,RWD,GASOLINE/E85,172866,2012-06-29,26
B9BCB518F156A662D1853CFC7B50F85A,2012,FORD,F-150,PICKUP TRUCK,RWD,GASOLINE/E85,141491,2012-08-14,26
CBEF20D7D3445D758D12BA06291680F3,2012,FORD,F-150,PICKUP TRUCK,RWD,GASOLINE/E85,146948,2012-10-04,26
B1E1855E4F1ABF568BE1FF041B70632F,2012,FORD,F-150,PICKUP TRUCK,RWD,GASOLINE/E85,159074,2012-07-10,26
718ED8E16DA5DD90D500179262096A49,2012,FORD,F-150,PICKUP TRUCK,RWD,GASOLINE/E85,136928,2012-07-27,26
4EBB7F19A6329541D45AFE893DF09923,2013,FORD,F-150,PICKUP TRUCK,RWD,GASOLINE/E85,173626,2013-02-01,26
C44B95DC8A860A01E8909AF0467E6450,2013,FORD,F-150,PICKUP TRUCK,RWD,GASOLINE/E85,121204,2013-02-21,26
4B0AFD498E55BCDBA8BC0CEF4DBA0644,2013,FORD,F-150,PICKUP TRUCK,RWD,GASOLINE/E85,90665,2013-01-23,26
8CC6FCD46AFF9470F37B8B8BA143AD63,2013,FORD,F-150,PICKUP TRUCK,RWD,GASOLINE/E85,103455,2013-03-07,26
C24738D741184FCDD7C26743E5C3CFB4,2013,FORD,F-150,PICKUP TRUCK,RWD,GASOLINE/E85,66490,2013-01-23,26
20A1F0B141823DFEEE28316796EB52AE,2013,FORD,F-150,PICKUP TRUCK,RWD,GASOLINE/E85,112097,2013-01-08,26
55D375EDF0D925D91C30734E0D9B3910,2012,FORD,F-150,PICKUP TRUCK,RWD,GASOLINE/E85,161430,2012-11-29,26
DCF990A6575FB26CFB1D3EEF6BF02B46,2012,FORD,F-150,PICKUP TRUCK,RWD,GASOLINE/E85,90196,2012-11-19,26
1E5F6699EC67AECB396EA593C4444FDE,2013,FORD,F-150,PICKUP TRUCK,RWD,GASOLINE/E85,144614,2013-03-19,26
B98B546798EEE42DD56B34E4BC214605,2011,FORD,F-150,PICKUP TRUCK,RWD,GASOLINE/E85,118686,2012-03-05,26
0621E9B46B1B784CC97A62427288FD0C,2011,FORD,F-150,PICKUP TRUCK,RWD,GASOLINE/E85,204789,2012-03-09,26
8CE78E3D5E79D33169CB3F520717EEFA,2011,FORD,F-150,PICKUP TRUCK,RWD,GASOLINE/E85,144711,2012-03-02,26
1780E3E95F316931D580DE01B1281EB9,2011,FORD,F-150,PICKUP TRUCK,RWD,GASOLINE/E85,106585,2012-03-05,26
F6D3FAD2B81B9FDFE20A2008D2FDB756,2011,FORD,F-150,PICKUP TRUCK,RWD,GASOLINE/E85,157107,2012-03-01,26
9B3CB613E840AA015D3B1FC6FF1FB509,2011,FORD,F-150,PICKUP TRUCK,RWD,GASOLINE/E85,159836,2012-04-02,26
17E9E42BBD2CD57FE8DB93315CFE9523,2012,FORD,F-150,PICKUP TRUCK,RWD,GASOLINE/E85,216207,2012-06-29,26
F88143D05B47178940878E5F89713325,2013,FORD,F-150,PICKUP TRUCK,RWD,GASOLINE/E85,141523,2013-04-08,26
2E086C6B3A282D8B5A6A64F492189EEF,2012,FORD,F-350,PICKUP TRUCK,RWD,GASOLINE/E85,156947,2012-11-27,35
6DCF0E68D3E5258930E2CB1A0AF414A7,2012,FORD,F-150,PICKUP TRUCK,RWD,GASOLINE/E85,228882,2012-06-15,26
CB8B21C055B68AFEE249EC2834AF3F53,2012,FORD,F-350,PICKUP TRUCK,RWD,GASOLINE/E85,140610,2012-11-27,35
36AEB26DAB47C64AFF4D44B05A876305,2011,FORD,F-350,PICKUP TRUCK,RWD,GASOLINE/E85,128216,2012-08-23,35
2CCCBC78353370155D54283169813CFF,2011,FORD,F-350,PICKUP TRUCK,RWD,GASOLINE/E85,132501,2012-08-23,35
2C6FE75BC14E628D8D684BC7C76E4EEE,2011,FORD,F-350,PICKUP TRUCK,RWD,GASOLINE/E85,173677,2012-07-20,35
666E492E8F45A5484B05CC2BA861FE16,2011,FORD,F-350,PICKUP TRUCK,RWD,GASOLINE/E85,199824,2012-06-21,35
508AE34F85092A23800AEAD18CC9D9C9,2012,FORD,F-150,PICKUP TRUCK,RWD,GASOLINE/E85,189474,2012-05-10,26
18DBDD00760A9DF7F2137DEA1C63CF62,2012,FORD,F-150,PICKUP TRUCK,RWD,GASOLINE/E85,172845,2012-08-03,26
C8A365C8B6187CFCFEC69D73396DE66D,2013,FORD,F-150,PICKUP TRUCK,RWD,GASOLINE/E85,187339,2013-01-29,26
3A3A5D325C0E753CED5074946372F790,2013,FORD,F-150,PICKUP TRUCK,RWD,GASOLINE/E85,158986,2013-01-31,26
A52E3C9F806DB0710C7786B9572ED870,2013,FORD,F-150,PICKUP TRUCK,RWD,GASOLINE/E85,172920,2013-01-28,26
8A83BFE472947A2C98C1CA942BA5DC41,2013,FORD,F-150,PICKUP TRUCK,RWD,GASOLINE/E85,114394,2013-02-18,26
C08BC5CB84A357EE448580175E31FAED,2013,FORD,F-150,PICKUP TRUCK,RWD,GASOLINE/E85,140910,2013-04-04,26
38954D8D213B84F9C36C9CD5472D5013,2013,FORD,F-150,PICKUP TRUCK,RWD,GASOLINE/E85,193968,2013-06-20,26
648978F277E4D0EEA96FC50362A2CBBC,2013,FORD,F-150,PICKUP TRUCK,RWD,GASOLINE/E85,159497,2013-06-11,26
1C0E258FA6F6C314EA66515F7364F269,2013,FORD,F-150,PICKUP TRUCK,RWD,GASOLINE/E85,158220,2013-06-21,26
2718BE70301F89F042A039FF16511DDA,2013,FORD,F-150,PICKUP TRUCK,RWD,GASOLINE/E85,183903,2013-05-13,26
9F6FB2A5ADAABE07579A696B6360D2F8,2013,FORD,F-150,PICKUP TRUCK,RWD,GASOLINE/E85,110288,2013-04-26,26
E2742A3EE969B32E5824AFF9C00D8DE3,2013,FORD,F-150,PICKUP TRUCK,RWD,GASOLINE/E85,173416,2013-03-28,26
97F468C0EE84130F3839F7B715F15093,2012,FORD,F-150,PICKUP TRUCK,RWD,GASOLINE/E85,124007,2012-04-25,26
BA9DC1742D3245C77A4D28735FF83930,2012,FORD,F-150,PICKUP TRUCK,RWD,GASOLINE/E85,114054,2012-04-20,26
ED1A829FFE7F72D3C8FAC7DB68CEFE21,2012,FORD,F-150,PICKUP TRUCK,RWD,GASOLINE/E85,151860,2012-04-13,26
4A5D6FF7D18DAA53BD415F4455E4E1C4,2012,FORD,F-150,PICKUP TRUCK,RWD,GASOLINE/E85,153098,2012-04-26,26
76BF9CFC392041FC37C27F5F9704C72A,2012,FORD,F-150,PICKUP TRUCK,RWD,GASOLINE/E85,172788,2012-04-25,26
566D8C1E4B59841298509D23DD7E07BE,2012,FORD,F-150,PICKUP TRUCK,RWD,GASOLINE/E85,139783,2012-07-16,26
92A51172EADE1C8D30627B1E3198AA7D,2012,FORD,F-150,PICKUP TRUCK,RWD,GASOLINE/E85,244350,2012-07-23,26
6BE50970FD379E40506B1D5542DD47CF,2012,FORD,F-150,PICKUP TRUCK,RWD,GASOLINE/E85,156135,2012-07-09,26
2119D0AF5594453A413EF7CEB7907D1E,2012,FORD,F-150,PICKUP TRUCK,RWD,GASOLINE/E85,123799,2012-07-31,26
883F0C604C57ABDBBEAFB315CA4F9FC1,2012,FORD,F-150,PICKUP TRUCK,RWD,GASOLINE/E85,228343,2012-07-17,26
687B2522E3523794871766F4FCC87EB5,2012,FORD,F-150,PICKUP TRUCK,RWD,GASOLINE/E85,148301,2012-07-13,26
04BFE6A8A471C99252FEB3378F4E259F,2013,FORD,F-150,PICKUP TRUCK,RWD,GASOLINE/E85,98485,2013-01-18,26
7F2692B295387B8CCC08335F50DC3DCB,2013,FORD,F-150,PICKUP TRUCK,RWD,GASOLINE/E85,122328,2013-01-17,26
DB8C49CE32E4529E51ABD97C1056A7B6,2013,FORD,F-150,PICKUP TRUCK,RWD,GASOLINE/E85,150660,2013-01-29,26
8FB348F49C0D8DFEA74BC2E6F5E21E19,2013,FORD,F-150,PICKUP TRUCK,RWD,GASOLINE/E85,83385,2013-01-31,26
DC29630FD9B096B3D6F1C2E2DCDC9617,2013,FORD,F-150,PICKUP TRUCK,RWD,GASOLINE/E85,183211,2013-02-04,26
6C1B6A45EEB9B43AAD1C626EAA8D03A5,2013,FORD,F-150,PICKUP TRUCK,RWD,GASOLINE/E85,174413,2013-01-03,26
73E3B49A8F08A0420A17E11F4A036FB4,2012,FORD,F-150,PICKUP TRUCK,RWD,GASOLINE/E85,118262,2012-11-27,26
99B8E2A57B695A91646981AD02A5B853,2012,FORD,F-150,PICKUP TRUCK,RWD,GASOLINE/E85,84229,2013-01-08,26
39626C560C183297F71D639FFEDA0B78,2012,FORD,F-150,PICKUP TRUCK,RWD,GASOLINE/E85,81429,2012-10-12,26
929D15070A8B3824F1C1D96D744BC34D,2011,FORD,F-150,PICKUP TRUCK,RWD,GASOLINE/E85,164900,2012-03-07,26
5F4D4541C7B328E7D4D14881A6FC01EB,2011,FORD,F-150,PICKUP TRUCK,RWD,GASOLINE/E85,129251,2012-05-24,26
ECEF406A84D7008B2390B787A67E2DF4,2011,FORD,F-350,PICKUP TRUCK,RWD,GASOLINE/E85,183442,2012-04-18,35
B79D2C5199E2CA3A1A68C9EB7B4128B1,2011,FORD,F-150,PICKUP TRUCK,RWD,GASOLINE/E85,137950,2012-02-23,26
2456DD4C9B6739E56EE5F7AF9E98CD1D,2011,FORD,F-350,PICKUP TRUCK,RWD,GASOLINE/E85,202389,2012-02-24,35
740E77D8D40483BD72E79B7844F301D3,2012,FORD,F-150,PICKUP TRUCK,RWD,GASOLINE/E85,220575,2012-06-14,26
19C0743FD0FAA06C8D5383FA26A34304,2012,FORD,F-150,PICKUP TRUCK,RWD,GASOLINE/E85,182447,2012-06-13,26
A758C4F76E9125B78C3B23563C2BB27A,2012,FORD,F-150,PICKUP TRUCK,RWD,GASOLINE/E85,176992,2012-06-18,26
0A02B9FE9C48AD367F1ABAF70C069C19,2012,FORD,F-150,PICKUP TRUCK,RWD,GASOLINE/E85,155087,2012-05-29,26
3003FCACDD48F33F85083F2C6FE1FFC4,2012,FORD,F-150,PICKUP TRUCK,RWD,GASOLINE/E85,136783,2012-06-08,26
8F2923C8A22170EB112D32C68ECF933A,2012,FORD,F-150,PICKUP TRUCK,RWD,GASOLINE/E85,105286,2012-06-04,26
76BBB73489AA58C4C26F881B3DE19566,2012,FORD,F-150,PICKUP TRUCK,RWD,GASOLINE/E85,120487,2012-08-13,26
E628E80C6A18AECB72D8F4D4B7C5C49C,2012,FORD,F-150,PICKUP TRUCK,RWD,GASOLINE/E85,250242,2012-08-16,26
A0EB7ADE1A494A07BC7F1E6E68F4D930,2012,FORD,F-150,PICKUP TRUCK,RWD,GASOLINE/E85,140027,2012-08-31,26
F1D2DBAD26C8876486F5B9DE61E54787,2012,FORD,F-150,PICKUP TRUCK,RWD,GASOLINE/E85,143855,2012-09-04,26
69AA436563DE6738FEC05CB73B2298E0,2012,FORD,F-150,PICKUP TRUCK,RWD,GASOLINE/E85,74721,2012-10-24,26
5153F5670DC9F74DC5FA9CCFCC062CB6,2013,FORD,F-150,PICKUP TRUCK,RWD,GASOLINE/E85,153653,2013-01-30,26
858392022BEC397F807E1D009D3AA92C,2013,FORD,F-150,PICKUP TRUCK,RWD,GASOLINE/E85,176313,2013-02-26,26
9768C22E8BA5B5D01883C91DC13C723A,2013,FORD,F-150,PICKUP TRUCK,RWD,GASOLINE/E85,110196,2013-02-15,26
C07817A1E1487AD26518558B6631D9EE,2013,FORD,F-150,PICKUP TRUCK,RWD,GASOLINE/E85,175836,2013-01-09,26
EC67C070557327C367DF47915ADFDB92,2013,FORD,F-150,PICKUP TRUCK,RWD,GASOLINE/E85,157252,2013-03-04,26
2CAAFDD45D3F544A5A12E2FDCDB41052,2013,FORD,F-150,PICKUP TRUCK,RWD,GASOLINE/E85,105949,2013-04-26,26
0FE12269605A8CE2ADAE28321C152BDB,2013,FORD,F-150,PICKUP TRUCK,RWD,GASOLINE/E85,135124,2013-06-05,26
7530772532A367FEA3485DE7F20CABD9,2013,FORD,F-150,PICKUP TRUCK,RWD,GASOLINE/E85,141994,2013-04-23,26
214C300E91E32A35B045C968EE46EDF1,2013,FORD,F-150,PICKUP TRUCK,RWD,GASOLINE/E85,104027,2013-05-06,26
F36D177861B907808F1583287DFEF644,2013,FORD,F-150,PICKUP TRUCK,RWD,GASOLINE/E85,92394,2013-04-23,26
288C4CB5E599124C8FC982A866CAAF1A,2012,FORD,F-150,PICKUP TRUCK,RWD,GASOLINE/E85,96286,2012-04-12,26
6394C502A1DEFA6968118D7A24699B90,2012,FORD,F-150,PICKUP TRUCK,RWD,GASOLINE/E85,194977,2012-05-01,26
242835795774D778DC661F13F1210E79,2012,FORD,F-150,PICKUP TRUCK,RWD,GASOLINE/E85,127230,2012-05-29,26
A1C4A527FD33D5D521B94A286C0AC2BB,2012,FORD,F-150,PICKUP TRUCK,RWD,GASOLINE/E85,156945,2012-05-17,26
E6A523570D4A41C78F200AA0798A253E,2012,FORD,F-150,PICKUP TRUCK,RWD,GASOLINE/E85,127452,2012-05-29,26
61B9C2BF6566D60F7E355E1D59083970,2012,FORD,F-150,PICKUP TRUCK,RWD,GASOLINE/E85,141656,2012-06-04,26
624C16B28F493BE0E61991F2805CD54F,2012,FORD,F-150,PICKUP TRUCK,RWD,GASOLINE/E85,203378,2012-07-13,26
A3B87270908C05456F592373C98628D5,2012,FORD,F-150,PICKUP TRUCK,RWD,GASOLINE/E85,128866,2012-06-26,26
1456619F5EA0BB3B82884D9F298E36E2,2012,FORD,F-150,PICKUP TRUCK,RWD,GASOLINE/E85,230487,2012-06-14,26
92E225C274FCAF688CFBFDDD26BE36E3,2012,FORD,F-150,PICKUP TRUCK,RWD,GASOLINE/E85,181130,2012-07-05,26
72F58F85AB4AF3EAAB9DA2F3A60EB465,2012,FORD,FUSION,PASSENGER CAR,FWD,GASOLINE,136709,2012-05-07,17.5
7AEAD57B01DB29856C93BD2C272FC72A,2012,FORD,EXPLORER,MULTIPURPOSE VEHICLE (MPV),FWD,GASOLINE,123496,2012-03-09,18.6
F6A10BB035B5DDBE197FE6D376776953,2012,FORD,F-150,PICKUP TRUCK,RWD,GASOLINE/E85,130072,2012-05-08,26
C0F8C2098DF2FE06659B550824488A9F,2012,FORD,F-150,PICKUP TRUCK,RWD,GASOLINE/E85,159189,2012-06-29,26
AEC241B378E6EBC4FE87A434F6E7F6E3,2013,FORD,EXPLORER,MULTIPURPOSE VEHICLE (MPV),FWD,GASOLINE,267305,2012-06-22,18.6
A6D708D87ABD282E8C7421CEC944163D,2013,FORD,F-150,PICKUP TRUCK,RWD,GASOLINE/E85,129842,2013-02-07,26
8CCB33E4DD440FDB9BC6E89BC2FB4787,2013,FORD,F-150,PICKUP TRUCK,RWD,GASOLINE/E85,161685,2013-02-05,26
B1BA4EBC6A62CDF97A951271526F2C1A,2013,FORD,F-150,PICKUP TRUCK,RWD,GASOLINE/E85,93379,2013-02-18,26
04379C8E09295DC7B14CE19309AC5C5A,2013,FORD,F-150,PICKUP TRUCK,RWD,GASOLINE/E85,165253,2013-02-15,26
ADA9A40FDA83A61BC999FC137109B531,2013,FORD,F-150,PICKUP TRUCK,RWD,GASOLINE/E85,257236,2013-02-15,26
C01CB7CD3C9D554D67430ADFFB9705A5,2013,FORD,F-150,PICKUP TRUCK,RWD,GASOLINE/E85,142783,2013-02-15,26
5FAB2EF87C18C54CEF27A171D85B0072,2013,FORD,F-150,PICKUP TRUCK,RWD,GASOLINE/E85,98311,2013-02-12,26
35349437E452CB8EE9792A9C4350F097,2013,FORD,F-150,PICKUP TRUCK,RWD,GASOLINE/E85,123447,2013-04-04,26
3FB8A5E2B39235AC6D0EEE4ED8CF8304,2011,FORD,F-150,PICKUP TRUCK,RWD,GASOLINE/E85,196931,2012-03-21,26
50F18F21A66A4EADB7CB8A9D88043D6E,2011,FORD,F-350,PICKUP TRUCK,RWD,GASOLINE/E85,200358,2012-04-11,35
F6080E5882569982A9C2761BE17CC384,2011,FORD,F-350,PICKUP TRUCK,RWD,GASOLINE/E85,171348,2012-05-08,35
C76984E94521AC972AB5B2CAD529987F,2011,FORD,F-150,PICKUP TRUCK,RWD,GASOLINE/E85,180295,2012-03-21,26
9A337D13CE3D47763588533FEE0162AC,2011,FORD,F-350,PICKUP TRUCK,RWD,GASOLINE/E85,178021,2012-02-22,35
64CE93641DE5D688E070A827ADDA1BDD,2011,FORD,F-150,PICKUP TRUCK,RWD,GASOLINE/E85,149405,2012-03-21,26
695EC91A2B9B22590C2DE2B423B5CFFB,2012,FORD,F-150,PICKUP TRUCK,RWD,GASOLINE/E85,104652,2012-05-24,26
67CFFD1E7856D32566CD8045BCE13FEB,2012,FORD,F-150,PICKUP TRUCK,RWD,GASOLINE/E85,84505,2012-07-20,26
40C59D732EBB84D34194C94BBBE821C1,2012,FORD,F-150,PICKUP TRUCK,RWD,GASOLINE/E85,158960,2012-05-30,26
C78CD892C88CF1AEA8D38AC7BF2A80D1,2012,FORD,F-150,PICKUP TRUCK,RWD,GASOLINE/E85,158920,2012-08-01,26
318F78CD1D5BA6E269D805E9E6FB7B6F,2012,FORD,F-150,PICKUP TRUCK,RWD,GASOLINE/E85,153750,2012-07-06,26
148485B8894CA2085D93D00442AF7FE6,2012,FORD,F-150,PICKUP TRUCK,RWD,GASOLINE/E85,220600,2012-08-10,26
4A2DD31A8F9C0BC0DA2253D3BE9CE086,2012,FORD,F-150,PICKUP TRUCK,RWD,GASOLINE/E85,171283,2012-10-11,26
276D3BD5B66F12026D4E64369229DC31,2012,FORD,F-150,PICKUP TRUCK,RWD,GASOLINE/E85,145174,2012-08-04,26
B287ED85A00F41EE4A3FE68FFD8FE166,2012,FORD,F-350,PICKUP TRUCK,RWD,GASOLINE/E85,158456,2012-08-24,35
6B0C682741472A9604849321205BC9A6,2012,FORD,F-150,PICKUP TRUCK,RWD,GASOLINE/E85,102853,2012-10-03,26
9AA4F535E493550527954A8012270751,2012,FORD,F-350,PICKUP TRUCK,RWD,GASOLINE/E85,152977,2012-12-10,35
B6DD2D09A9AFB5294ACA7AA96758394D,2013,FORD,F-150,PICKUP TRUCK,RWD,GASOLINE/E85,156553,2013-02-12,26
B3DD6378EE9996543008C7D0499C235B,2013,FORD,F-150,PICKUP TRUCK,RWD,GASOLINE/E85,92098,2013-02-11,26
5F386874EE42AF95E13CC3DC3B4C9E50,2013,FORD,F-150,PICKUP TRUCK,RWD,GASOLINE/E85,182806,2013-02-05,26
29720260C21512FAB033D8453A767802,2013,FORD,F-150,PICKUP TRUCK,RWD,GASOLINE/E85,106044,2013-02-19,26
5C5EAEEC932BF56DF4287800AFC84227,2013,FORD,F-150,PICKUP TRUCK,RWD,GASOLINE/E85,91159,2013-01-23,26
8AA4A49E892A630DE81AB47C93447ABD,2013,FORD,F-150,PICKUP TRUCK,RWD,GASOLINE/E85,177319,2013-06-07,26
2B16904D219C554DD6D4996F43426AFC,2013,FORD,F-150,PICKUP TRUCK,RWD,GASOLINE/E85,115703,2013-02-12,26
7F317787CD5F4C0E1FA08A8CB7D34CF2,2013,FORD,F-150,PICKUP TRUCK,RWD,GASOLINE/E85,126460,2013-04-18,26
DF0800E674939CF9423D73011FCC4BE0,2013,FORD,F-150,PICKUP TRUCK,RWD,GASOLINE/E85,73559,2013-02-15,26
EDD76798402FFEB67720996EC3158218,2013,FORD,F-150,PICKUP TRUCK,RWD,GASOLINE/E85,141525,2013-02-12,26
5DFA8DFED2FB11F2633BDBDDEEFFAD84,2013,FORD,F-150,PICKUP TRUCK,RWD,GASOLINE/E85,149903,2013-02-12,26
AA04F7A2079FB8B52CF8D9210F82E179,2013,FORD,F-150,PICKUP TRUCK,RWD,GASOLINE/E85,214400,2013-02-13,26
73FF30658A33DB00CCA9160E1E245EC0,2012,FORD,F-150,PICKUP TRUCK,RWD,GASOLINE/E85,180450,2012-05-10,26
B7E0FAA0971486F6055CB29CE353F425,2012,FORD,F-150,PICKUP TRUCK,RWD,GASOLINE/E85,174735,2012-03-16,26
B642BA018BB772335324D407AF9D49AB,2012,FORD,F-150,PICKUP TRUCK,RWD,GASOLINE/E85,175675,2012-03-14,26
70587F05A58CFC6426222A0A87F7EDE1,2012,FORD,F-150,PICKUP TRUCK,RWD,GASOLINE/E85,126566,2012-03-19,26
AE2FE3316AAB6AD6251B51F6301EF729,2012,FORD,F-150,PICKUP TRUCK,RWD,GASOLINE/E85,175639,2012-03-12,26
57EC74CAFF8EB1146F9ADFAB53C44BA7,2012,FORD,F-150,PICKUP TRUCK,RWD,GASOLINE/E85,111342,2012-07-05,26
62FC84F326721062B918FAF311622D80,2012,FORD,F-150,PICKUP TRUCK,RWD,GASOLINE/E85,136044,2012-07-05,26
C5E8257B5DE55E3A70C8F0F588908EB9,2012,FORD,F-150,PICKUP TRUCK,RWD,GASOLINE/E85,161369,2012-10-01,26
53AA6731297382895655FC7E02AE8E7F,2012,FORD,F-150,PICKUP TRUCK,RWD,GASOLINE/E85,86943,2012-09-18,26
BC5EBC876CDD9B0E96AAD0107112062E,2012,FORD,F-150,PICKUP TRUCK,RWD,GASOLINE/E85,202457,2012-07-24,26
E14DC6584CF058A20C9EE47EB56CF554,2012,FORD,F-450,PICKUP TRUCK,RWD; DUAL REAR WHEELS,GASOLINE,46745,2012-06-07,40
7F7EA1DBAC541D93B406D3718D189DE9,2012,FORD,FUSION,PASSENGER CAR,FWD,GASOLINE,107020,2012-04-06,17.5
DFC77CAC48EAD55ECD3B337EA4638764,2012,FORD,F-150,PICKUP TRUCK,RWD,GASOLINE/E85,88021,2012-08-29,26
7BDA6AD4EA7FC3A4A512784E63865515,2012,FORD,F-150,PICKUP TRUCK,RWD,GASOLINE/E85,190065,2012-09-06,26
3D45F6C619A8D1296BC09777EA4B2174,2012,FORD,F-150,PICKUP TRUCK,RWD,GASOLINE/E85,174901,2012-09-17,26
8E6FA0279AF69AE712054F7A8C5FE968,2012,FORD,F-150,PICKUP TRUCK,RWD,GASOLINE/E85,230175,2012-08-10,26
080718FCB88172954C17666C62353542,2013,FORD,F-150,PICKUP TRUCK,RWD,GASOLINE/E85,111424,2013-02-12,26
555673CAF0441622B1FDAA1BE7897643,2013,FORD,F-150,PICKUP TRUCK,RWD,GASOLINE/E85,69839,2013-02-12,26
6EB150894E141A9A84085BDC9E6E0578,2013,FORD,F-150,PICKUP TRUCK,RWD,GASOLINE/E85,156986,2013-02-05,26
4F42B12F4D39F70E6CA000D3E8595019,2013,FORD,F-150,PICKUP TRUCK,RWD,GASOLINE/E85,123889,2013-02-07,26
ADDF0393918E2A2087E1C4E14CEA6876,2013,FORD,F-150,PICKUP TRUCK,RWD,GASOLINE/E85,114269,2013-02-14,26
ED4BD274F5A4DCEC5268BDDFC30AD8B5,2013,FORD,F-150,PICKUP TRUCK,RWD,GASOLINE/E85,207416,2013-02-12,26
A3349DE0BCB83EAA378D6C61680F208B,2013,FORD,F-150,PICKUP TRUCK,RWD,GASOLINE/E85,152178,2013-04-18,26
82F9302AFD8F20527776791236579FE6,2013,FORD,F-150,PICKUP TRUCK,RWD,GASOLINE/E85,171160,2013-05-21,26
99B58083438F8EE7E17642D69D1BCF43,2013,FORD,F-150,PICKUP TRUCK,RWD,GASOLINE/E85,105465,2013-05-10,26
5E8ACF97A684A87580055D70F1763D13,2013,FORD,F-150,PICKUP TRUCK,RWD,GASOLINE/E85,179937,2013-04-19,26
30EDFC100E0369FF0F9B70AC2FFAE41D,2013,FORD,F-150,PICKUP TRUCK,RWD,GASOLINE/E85,127031,2013-05-28,26
680BF8E92CE17BFAFCD4499ECB03DC90,2013,FORD,F-150,PICKUP TRUCK,RWD,GASOLINE/E85,138048,2013-04-23,26
836F736E3B137005F9C3DFD4F9F0517E,2013,FORD,F-150,PICKUP TRUCK,RWD,GASOLINE/E85,117508,2013-05-23,26
D2FA5603AC36964D2A41AB0CE467740C,2011,FORD,F-150,PICKUP TRUCK,RWD,GASOLINE/E85,185074,2012-03-21,26
2250F8B790C10CF9A767C47CA1F678F5,2011,FORD,F-150,PICKUP TRUCK,RWD,GASOLINE/E85,188406,2012-03-01,26
CFE17CA4C18AAF44649BFEF38CBAE6D7,2011,FORD,F-150,PICKUP TRUCK,RWD,GASOLINE/E85,154567,2012-07-12,26
3B5DDBAF7604BDF444A8A124328BE012,2011,FORD,F-150,PICKUP TRUCK,RWD,GASOLINE/E85,205076,2012-03-08,26
E2F7BACD27E124FA2E9C3471CAA38C1E,2011,FORD,F-150,PICKUP TRUCK,RWD,GASOLINE/E85,473817,2012-03-12,26
81087D84E7223CD3554ECE9417091EA5,2012,FORD,F-150,PICKUP TRUCK,RWD,GASOLINE/E85,132745,2012-09-04,26
246E2855FFDC90D09E7F83496839B0B3,2012,FORD,F-150,PICKUP TRUCK,RWD,GASOLINE/E85,125634,2012-08-14,26
A841279CE70992F6E57F48928E36DB15,2012,FORD,F-150,PICKUP TRUCK,RWD,GASOLINE/E85,149807,2012-08-15,26
BBFF9BD3DDF641FCF143665D4AFE47B3,2012,FORD,F-150,PICKUP TRUCK,RWD,GASOLINE/E85,154480,2012-07-16,26
1FB7BA3F7A399CB664EA1483FA697519,2012,FORD,F-150,PICKUP TRUCK,RWD,GASOLINE/E85,128621,2012-09-25,26
0347BE6501166FE4142756BB7F59604A,2012,FORD,F-150,PICKUP TRUCK,RWD,GASOLINE/E85,212190,2012-09-17,26
7C44741B2C13A6A00491BCCACDAC083B,2012,FORD,F-150,PICKUP TRUCK,RWD,GASOLINE/E85,199399,2012-09-19,26
D0E050C66374239B301BA0A2C6534B9B,2012,FORD,F-150,PICKUP TRUCK,RWD,GASOLINE/E85,170646,2012-09-18,26
8066B43ABE38876F2A597A53304D6354,2012,FORD,F-150,PICKUP TRUCK,RWD,GASOLINE/E85,159686,2012-08-21,26
3D7C6C49378372DE569953DC8E99873C,2012,FORD,F-150,PICKUP TRUCK,RWD,GASOLINE/E85,158864,2012-08-24,26
387639CC60262E608C40C0E88084CF83,2012,FORD,F-150,PICKUP TRUCK,RWD,GASOLINE/E85,160469,2012-09-04,26
339F21F2131BCFEF7302E3C0787AB5DD,2013,FORD,F-150,PICKUP TRUCK,RWD,GASOLINE/E85,93305,2013-02-19,26
514170877E525E9DCD1FFD074AB37367,2013,FORD,F-150,PICKUP TRUCK,RWD,GASOLINE/E85,96180,2013-01-18,26
76721E74AC1BFB56113C8C72937A7D41,2013,FORD,F-150,PICKUP TRUCK,RWD,GASOLINE/E85,108065,2013-02-19,26
6818E64EC54BB6C86856712232F1303C,2013,FORD,F-150,PICKUP TRUCK,RWD,GASOLINE/E85,102587,2013-02-19,26
A20FEE687E10CF2298B94DAEB8976DEC,2013,FORD,F-150,PICKUP TRUCK,RWD,GASOLINE/E85,170019,2013-02-19,26
E830B6021AD4EB28B804F052F435C678,2013,FORD,F-150,PICKUP TRUCK,RWD,GASOLINE/E85,168572,2013-01-18,26
2E0567E5119D6D6926505138A0F189FB,2013,FORD,F-150,PICKUP TRUCK,RWD,GASOLINE/E85,148003,2013-02-07,26
6CF9964E5F89393D7F7AFE9E38C5E88C,2012,FORD,F-150,PICKUP TRUCK,RWD,GASOLINE/E85,183944,2012-05-01,26
F1206A27394AD71405A08E8383A53965,2012,FORD,F-150,PICKUP TRUCK,RWD,GASOLINE/E85,129620,2012-04-30,26
7C272CC768E80C7F7489E74DFBF12ABF,2012,FORD,F-150,PICKUP TRUCK,RWD,GASOLINE/E85,173275,2012-04-20,26
A6B0780EC2B79576B7A4026B1DE380A3,2012,FORD,F-150,PICKUP TRUCK,RWD,GASOLINE/E85,164340,2012-06-29,26
CE3EEA27BE73F4AF7D7E395B16E06868,2012,FORD,F-150,PICKUP TRUCK,RWD,GASOLINE/E85,218094,2012-05-23,26
8A4D350F8B50F9783C300781F9B61C1A,2012,FORD,F-150,PICKUP TRUCK,RWD,GASOLINE/E85,194079,2012-04-13,26
258E8AEE2A39A895370C18A558B50A72,2012,FORD,F-150,PICKUP TRUCK,RWD,GASOLINE/E85,185039,2012-07-18,26
B048C1142A25EA86B665C08C138DF47D,2012,FORD,F-150,PICKUP TRUCK,RWD,GASOLINE/E85,248140,2012-07-30,26
79B9D3B4829BE6196C26A6A6EC70D6D2,2012,FORD,F-150,PICKUP TRUCK,RWD,GASOLINE/E85,133432,2012-09-24,26
D7E2525C466421BD318F21F90C624B1A,2012,FORD,F-150,PICKUP TRUCK,RWD,GASOLINE/E85,95352,2012-10-19,26
FAFC23143EAF0B0AF2745EE084B7C2DE,2012,FORD,F-150,PICKUP TRUCK,RWD,GASOLINE/E85,175228,2012-10-11,26
43F7F6EEFB0CB0A3E7B521BBF845304A,2012,FORD,F-150,PICKUP TRUCK,RWD,GASOLINE/E85,112219,2012-10-08,26
5AD8F46631A9E37F9C7467210CFF4F49,2012,FORD,F-150,PICKUP TRUCK,RWD,GASOLINE/E85,166896,2012-09-19,26
EA46C28336CC9F90FB51EDBC8785B57C,2012,FORD,F-150,PICKUP TRUCK,RWD,GASOLINE/E85,134333,2012-12-05,26
03CA81EC909D60A07BAA2FF7B63BB9BC,2012,FORD,F-150,PICKUP TRUCK,RWD,GASOLINE/E85,89465,2012-08-14,26
C5C42A842484CF3F62D2E507024D1181,2012,FORD,F-150,PICKUP TRUCK,RWD,GASOLINE/E85,145080,2012-09-18,26
7C441964E427F7FDD904E23FFC2230A9,2012,FORD,F-150,PICKUP TRUCK,RWD,GASOLINE/E85,112624,2012-08-21,26
582C6F0AC8BDF4975F6FFA311E1E3D17,2012,FORD,F-150,PICKUP TRUCK,RWD,GASOLINE/E85,194339,2012-08-29,26
A4E9DAEAB5FF1621C48343E64C65DCAD,2013,FORD,F-150,PICKUP TRUCK,RWD,GASOLINE/E85,149816,2013-02-18,26
1DB03C8621A10ABF1122297E7DA78A74,2013,FORD,F-150,PICKUP TRUCK,RWD,GASOLINE/E85,131881,2013-02-14,26
2A3D41196C976425D0A93FDABAC5E423,2013,FORD,F-150,PICKUP TRUCK,RWD,GASOLINE/E85,187934,2013-03-04,26
0C1FB71454E47677E7538385CF7097A3,2013,FORD,F-150,PICKUP TRUCK,RWD,GASOLINE/E85,96546,2013-06-25,26
3D90932BEAE62340DA8CFC180DEDABBC,2013,FORD,F-150,PICKUP TRUCK,RWD,GASOLINE/E85,120688,2013-03-06,26
27426C6A043C7B20967EB5B228D178D8,2013,FORD,F-150,PICKUP TRUCK,RWD,GASOLINE/E85,85555,2013-07-11,26
5D8C9E8B343AD75F8BB963B97E32A8BA,2013,FORD,F-150,PICKUP TRUCK,RWD,GASOLINE/E85,156080,2013-05-09,26
13950CD077C6BF68A00A44351D65294B,2013,FORD,F-150,PICKUP TRUCK,RWD,GASOLINE/E85,155403,2013-05-09,26
2B89EF3E1E788B89B49A2331A79243CD,2013,FORD,F-150,PICKUP TRUCK,RWD,GASOLINE/E85,158656,2013-09-19,26
964ABF622CEA352D672B18A7A78040A5,2013,FORD,F-150,PICKUP TRUCK,RWD,GASOLINE/E85,203683,2013-12-31,26
CBE7CEC9419B4411135355FB79C90447,2013,FORD,F-150,PICKUP TRUCK,RWD,GASOLINE/E85,135205,2013-07-03,26
EDC14AF2B8F6777491568A0005E67D0A,2012,FORD,F-150,PICKUP TRUCK,RWD,GASOLINE/E85,191638,2012-03-27,26
D6E8AE529879C99C6FF18C2964FE063E,2012,FORD,F-150,PICKUP TRUCK,RWD,GASOLINE/E85,112423,2012-12-19,26
F6B607D3D603D682E17845D475DE9D9C,2012,FORD,F-150,PICKUP TRUCK,RWD,GASOLINE/E85,101274,2013-04-09,26
4995FD78D3E89A78A57E8C0C03515054,2012,FORD,F-150,PICKUP TRUCK,RWD,GASOLINE/E85,126603,2012-05-17,26
86B46643E7A86F9CDFB52FECDD736FDE,2012,FORD,F-150,PICKUP TRUCK,RWD,GASOLINE/E85,100716,2012-04-26,26
56A59BDA916780F5B93A8723A78BA669,2012,FORD,F-150,PICKUP TRUCK,RWD,GASOLINE/E85,209239,2012-07-15,26
8498E167AB8243DD51A35E037F4DFF75,2012,FORD,F-150,PICKUP TRUCK,RWD,GASOLINE/E85,153109,2012-07-18,26
741AFB645D03B900D438C356CA478AC0,2012,FORD,F-150,PICKUP TRUCK,RWD,GASOLINE/E85,106897,2012-07-18,26
6BDBB3FE56EB370033FB2AECE9A60CD4,2012,FORD,F-150,PICKUP TRUCK,RWD,GASOLINE/E85,194333,2012-07-20,26
AD40E0FDE69A500FF2444461CC8EA739,2012,FORD,F-150,PICKUP TRUCK,RWD,GASOLINE/E85,178267,2012-07-23,26
4F44388BCE021E4B34D37FCADAE4759C,2012,FORD,F-150,PICKUP TRUCK,RWD,GASOLINE/E85,201489,2012-08-10,26
1018565C1879A623B2B95F8A5979DD2A,2012,FORD,F-150,PICKUP TRUCK,RWD,GASOLINE/E85,110145,2012-07-09,26
581C05E18A32B9A3E6944768E86D6182,2012,FORD,F-150,PICKUP TRUCK,RWD,GASOLINE/E85,134014,2012-08-23,26
62605FE6E2C1FE6948D3CE85EC996A1F,2012,FORD,F-150,PICKUP TRUCK,RWD,GASOLINE/E85,171415,2012-10-09,26
6B5E9C40121444FA8C298CC47447DD7D,2012,FORD,F-150,PICKUP TRUCK,RWD,GASOLINE/E85,97059,2012-11-01,26
60F1988B5BEE47F311EDCCB39EBEAF08,2012,FORD,F-150,PICKUP TRUCK,RWD,GASOLINE/E85,195560,2012-08-22,26
40BE50244DADD7C079C7D3823D589042,2012,FORD,F-150,PICKUP TRUCK,RWD,GASOLINE/E85,228141,2012-09-24,26
9CE29EF4425E08DD02E36D81177FC5F6,2012,FORD,F-150,PICKUP TRUCK,RWD,GASOLINE/E85,93378,2012-08-29,26
71564D444E437C42AAFF545E777775CA,2012,FORD,F-150,PICKUP TRUCK,RWD,GASOLINE/E85,176338,2012-09-14,26
0D6731994CADEF742A5CD7B54BF2A3B9,2013,FORD,F-150,PICKUP TRUCK,RWD,GASOLINE/E85,122635,2013-01-23,26
955F25DABEB7A1DBC1271F1990437801,2013,FORD,F-150,PICKUP TRUCK,RWD,GASOLINE/E85,79500,2013-02-07,26
F4F125B239AEEDD828C6775665835E8B,2013,FORD,F-150,PICKUP TRUCK,RWD,GASOLINE/E85,89112,2013-02-19,26
3F1B7156CD32B3C7E99940B9ADB62FBB,2013,FORD,F-150,PICKUP TRUCK,RWD,GASOLINE/E85,131396,2013-03-05,26
40E7BA38DA2D2D0A3FF3DC44A488F279,2013,FORD,F-150,PICKUP TRUCK,RWD,GASOLINE/E85,76896,2013-02-05,26
F0B00C2823EFEE6D5D5577A55E7B1F74,2013,FORD,F-150,PICKUP TRUCK,RWD,GASOLINE/E85,196007,2013-01-14,26
6A47726A2EDDCC3DE3F90007D78A9CCA,2011,FORD,F-150,PICKUP TRUCK,RWD,GASOLINE/E85,170818,2012-03-05,26
19103511A17552B28FE7F19EF9D96FFE,2011,FORD,F-150,PICKUP TRUCK,RWD,GASOLINE/E85,168399,2012-03-07,26
456665061FBADFC4503EA2770BF46812,2011,FORD,F-150,PICKUP TRUCK,RWD,GASOLINE/E85,32027,2012-03-27,26
EF5C8F699441E9D6B219556DF44A8DA3,2011,FORD,F-150,PICKUP TRUCK,RWD,GASOLINE/E85,143403,2012-03-07,26
9EE618481949FCBA805FD39965A8A32E,2012,FORD,F-150,PICKUP TRUCK,RWD,GASOLINE/E85,146279,2012-05-23,26
49E52A322FF155535E4831DFD4E254D2,2012,FORD,F-150,PICKUP TRUCK,RWD,GASOLINE/E85,88480,2012-05-31,26
B7ACFA81028D26D8E8B85D9BB08C9CFC,2012,FORD,F-150,PICKUP TRUCK,RWD,GASOLINE/E85,178558,2012-05-07,26
F3F9C52E9D605DD7C05922BE30B9B296,2012,FORD,F-150,PICKUP TRUCK,RWD,GASOLINE/E85,112729,2012-05-04,26
87A940A8597F8AE618D1F5F1F5DBD550,2012,FORD,F-150,PICKUP TRUCK,RWD,GASOLINE/E85,133265,2012-05-17,26
57E4CE4DBF96D7D839FBBF3CB536F18E,2012,FORD,F-350,PICKUP TRUCK,RWD,GASOLINE/E85,178976,2012-03-15,35
DB1F9236633BFEA85CC13C49241FBA90,2012,FORD,F-350,PICKUP TRUCK,RWD,GASOLINE/E85,197684,2012-05-09,35
D9AFAC4A1B661F914644AEE0A0A24EE6,2012,FORD,F-150,PICKUP TRUCK,RWD,GASOLINE/E85,175872,2012-08-02,26
873B434F66C35CF7A161B4B5D5BC8AC4,2012,FORD,F-150,PICKUP TRUCK,RWD,GASOLINE/E85,222489,2012-07-31,26
FEE6A266172BCC4FE8C2E5DE47A14446,2012,FORD,F-150,PICKUP TRUCK,RWD,GASOLINE/E85,127976,2012-09-10,26
D2A47FE98650E17F1AC7C80F43873414,2012,FORD,F-150,PICKUP TRUCK,RWD,GASOLINE/E85,128219,2012-07-31,26
9B16DFE809A72FBFB1FA1D07FFFB9350,2012,FORD,F-150,PICKUP TRUCK,RWD,GASOLINE/E85,163531,2012-08-14,26
EDD08663204EE8874845A8FD18EE315C,2012,FORD,F-150,PICKUP TRUCK,RWD,GASOLINE/E85,151825,2012-12-20,26
CE2C21AF56E3FCBB52B08E572D32A1B7,2012,FORD,F-150,PICKUP TRUCK,RWD,GASOLINE/E85,170786,2012-07-22,26
C2FA73FB1D4E7C9D2858C75B0F73D521,2012,FORD,F-150,PICKUP TRUCK,RWD,GASOLINE/E85,132092,2012-09-19,26
BDF15A20FFE15FA8A20760829B7C8776,2012,FORD,F-150,PICKUP TRUCK,RWD,GASOLINE/E85,161210,2012-09-27,26
03A6A47217E65CB4CFDDC1D298D4F1B0,2012,FORD,F-150,PICKUP TRUCK,RWD,GASOLINE/E85,216336,2012-10-17,26
708FCF8FB9EFD8F624CAD5014B6D6900,2016,FORD,EXPLORER,MULTIPURPOSE VEHICLE (MPV),FWD,GASOLINE,64536,2016-06-15,18.6
3A4AABD202D79A4317E31C0F5236C00F,2016,FORD,FOCUS,PASSENGER CAR,FWD,GASOLINE/E85,48389,2016-09-29,12.4
D545E7429187C8DEACDFD1E881267419,2016,FORD,FOCUS,PASSENGER CAR,FWD,GASOLINE/E85,53836,2016-10-07,12.4
85B952BB6EE3AED6D7BE69EC27F2DA87,2016,FORD,FOCUS,PASSENGER CAR,FWD,GASOLINE/E85,37677,2016-09-30,12.4
E8D6F1821824362A4D4BBA11D7881B7D,2016,FORD,FOCUS,PASSENGER CAR,FWD,GASOLINE/E85,70246,2016-09-29,12.4
38BCDC16132D5C06E1A327355857F036,2017,FORD,F-150,PICKUP TRUCK,RWD,GASOLINE,24925,2017-05-08,23
80454EA0EF79117A89B08CD3E54AFBF6,2017,FORD,F-150,PICKUP TRUCK,RWD,GASOLINE,36663,2017-04-17,23
B7DB9F55EC0DCF6BDEC66120ADF240CE,2017,FORD,F-150,PICKUP TRUCK,RWD,GASOLINE,25190,2017-04-17,23
CDAA7F37611B94C9F76F11AB647A73A9,2017,FORD,F-150,PICKUP TRUCK,4WD,GASOLINE,87867,2017-05-04,23
D81FE5CF13E9EFC33D6EF070CBB6BF01,2017,FORD,F-150,PICKUP TRUCK,RWD,GASOLINE/E85,49796,2017-05-18,36
7CA66053E5254EC19B4547EF63DBB22F,2017,FORD,F-150,PICKUP TRUCK,RWD,GASOLINE/E85,46249,2017-05-12,36
12ED8C6BC0B8C5F26DA30D63740E7AB0,2017,FORD,F-150,PICKUP TRUCK,RWD,GASOLINE/E85,44403,2017-05-19,36
AEDD2547446F6D5A4F09D3F917F9E244,2017,FORD,F-150,PICKUP TRUCK,RWD,GASOLINE/E85,22160,2017-05-01,36
C6757DEA593FE5F9EFBB65A5974470FC,2017,FORD,F-150,PICKUP TRUCK,RWD,GASOLINE,45055,2017-05-18,23
CF4CE900DF71A66C70FD38875E9A6B9E,2017,FORD,F-150,PICKUP TRUCK,RWD,GASOLINE,28069,2017-05-10,23
95BFB0D0C2C633DE3C544244B5723579,2017,FORD,F-150,PICKUP TRUCK,RWD,GASOLINE,35522,2017-05-11,23
3814E0971582D8D03FFBD27C930B6250,2017,FORD,F-150,PICKUP TRUCK,RWD,GASOLINE,35463,2017-05-12,23
356935982B72BC59C1DA97E47B5C191D,2016,FORD,F-150,PICKUP TRUCK,RWD,GASOLINE/E85,71567,2016-08-22,23
ABEE368F132DA61CDB1E7DC1495C2041,2016,FORD,F-150,PICKUP TRUCK,RWD,GASOLINE/E85,74984,2016-06-16,23
D4E758A56C660C020F70E5E384980185,2016,FORD,F-150,PICKUP TRUCK,RWD,GASOLINE/E85,23828,2016-05-12,23
DF470C9D39910DF7FBA2D80CEC360F63,2016,FORD,F-150,PICKUP TRUCK,RWD,GASOLINE/E85,60648,2016-08-22,23
1C574E080046B811AACD5F1BA0839A52,2016,FORD,F-150,PICKUP TRUCK,RWD,GASOLINE/E85,90039,2016-08-22,23
DCCAFE110D0C91209458B1F7EE6D116D,2016,FORD,F-150,PICKUP TRUCK,RWD,GASOLINE/E85,66194,2016-08-22,23
46B41E40DAEAE70560BFC6237C239003,2016,FORD,F-150,PICKUP TRUCK,RWD,GASOLINE/E85,68749,2016-08-22,23
CC9F6C3AA8D575603A107A21F7A5F5F0,2016,FORD,F-150,PICKUP TRUCK,RWD,GASOLINE/E85,17933,2016-06-29,23
3E3CD7FA8D53888A485458929F0B4E6E,2017,FORD,F-150,PICKUP TRUCK,RWD,GASOLINE,30793,2017-09-11,23
711CD82921C8534481FFE9D359C60FB0,2017,FORD,F-150,PICKUP TRUCK,RWD,GASOLINE,323810,2017-07-28,23
5BA1EFF14FEA61C5510660D12BE10753,2017,FORD,F-150,PICKUP TRUCK,RWD,GASOLINE,38087,2017-08-29,23
F32BA6EBF027F3C0BFC7642FA0A20383,2017,FORD,F-150,PICKUP TRUCK,RWD,GASOLINE,15600,2017-08-16,23
9A7ADB15CDF28F7868413418D23C613A,2017,FORD,F-150,PICKUP TRUCK,RWD,GASOLINE,14602,2017-08-11,23
62A9944E1C1BCEBFF3116D8D3A693361,2016,FORD,F-150,PICKUP TRUCK,RWD,GASOLINE/E85,77913,2016-03-03,23
5C69C39D489444E174A02E42BFFDD785,2016,FORD,F-150,PICKUP TRUCK,RWD,GASOLINE/E85,101760,2016-05-05,23
77CB8FD3D3DEDE69BF0F2EEE6577FB59,2017,FORD,F-150,PICKUP TRUCK,RWD,GASOLINE,31538,2017-08-30,23
B44ECE7A32A52C1B0D26AE6D059F08B9,2016,FORD,F-150,PICKUP TRUCK,RWD,GASOLINE/E85,32000,2016-05-19,23
126706B3C5B2BEB15957D2F7D8CC5136,2016,FORD,F-150,PICKUP TRUCK,RWD,GASOLINE/E85,51220,2016-06-08,23
BAA8B4B612B0C000AFD434918535D331,2016,FORD,F-150,PICKUP TRUCK,RWD,GASOLINE/E85,46077,2016-11-08,23
FC0ACE7DDD2C7F3018F3F356689E57AE,2016,FORD,F-150,PICKUP TRUCK,RWD,GASOLINE/E85,51050,2016-06-27,23
38D6095DA660289187D7C02AC6F40574,2016,FORD,F-150,PICKUP TRUCK,RWD,GASOLINE/E85,37810,2016-06-06,23
A1374A1B9F711218C959FDE285AEE234,2016,FORD,F-150,PICKUP TRUCK,RWD,GASOLINE/E85,81175,2016-06-24,23
2385B468A6DD174C36282CF1B9C70F99,2016,FORD,F-150,PICKUP TRUCK,RWD,GASOLINE/E85,73135,2016-05-20,23
A0906A73A308241BC9D63A36E8D652EB,2017,FORD,F-150,PICKUP TRUCK,RWD,GASOLINE,50536,2017-08-10,23
29F178915B12785AA7AB330405191F29,2017,FORD,F-150,PICKUP TRUCK,RWD,GASOLINE/E85,26369,2017-07-28,36
5CD7214D1E55A377D047910CE10DAE91,2017,FORD,F-150,PICKUP TRUCK,RWD,GASOLINE/E85,51736,2017-09-15,36
77B6C000D9C471A4173CABD15A45CAA6,2017,FORD,F-150,PICKUP TRUCK,RWD,GASOLINE/E85,34762,2017-12-14,36
556F6A14C31D84384FBB1C4D4A9850B1,2017,FORD,F-150,PICKUP TRUCK,RWD,GASOLINE/E85,36098,2018-01-10,36
3061D3FF5A38AE16C583A4324D9BA451,2017,FORD,F-150,PICKUP TRUCK,RWD,GASOLINE/E85,44567,2018-01-17,36
725E6FE7729C666E96990AD850868AF8,2017,FORD,F-150,PICKUP TRUCK,RWD,GASOLINE/E85,40800,2017-11-30,36
5E0ED771BCB1D6DFC3B94811B71D5FAE,2017,FORD,F-150,PICKUP TRUCK,RWD,GASOLINE/E85,20302,2018-01-11,36
089147FEF23FF7394AF56599D63752B1,2017,FORD,F-150,PICKUP TRUCK,RWD,GASOLINE/E85,33639,2018-01-04,36
D6DF502A6AFF11595D4BB68DBE90A2FB,2017,FORD,F-150,PICKUP TRUCK,RWD,GASOLINE/E85,31049,2018-01-22,36
EBEE12E51714F56E87444EA798758AAD,2018,TOYOTA,TACOMA,PICKUP TRUCK,RWD,GASOLINE,6245,2018-08-03,21.1
1466F89F98E85CEF0FE814E515569C61,2018,TOYOTA,TACOMA,PICKUP TRUCK,RWD,GASOLINE,8925,2018-08-16,21.1
A69E8621D346EE6678FDAA68F3BAD924,2018,TOYOTA,TACOMA,PICKUP TRUCK,RWD,GASOLINE,3758,2018-08-23,21.1
849696F802530282218F295AA1403904,2018,TOYOTA,TACOMA,PICKUP TRUCK,RWD,GASOLINE,1956,2018-08-16,21.1
2EF63F2337613F3693C86BD6885CFE3E,2018,TOYOTA,TACOMA,PICKUP TRUCK,RWD,GASOLINE,5139,2018-08-23,21.1
914EBE91724136DC50C2CE08FC7601B5,2017,FORD,F-150,PICKUP TRUCK,RWD,GASOLINE,22568,2017-06-29,23
8281F5A598008DBA75E9C1DE77954054,2017,FORD,F-150,PICKUP TRUCK,RWD,GASOLINE,33366,2017-06-30,23
E29B02D53817AD525731D0DCCFA9E8F3,2017,FORD,F-150,PICKUP TRUCK,RWD,GASOLINE,29494,2017-06-05,23
1814C184F51B38371A0B2776945862C5,2017,FORD,F-150,PICKUP TRUCK,RWD,GASOLINE,46216,2017-08-01,23
52ED72607A16BB4078DE06A885466C0D,2017,FORD,F-150,PICKUP TRUCK,RWD,GASOLINE,14092,2017-04-19,23
97DCE4E25F313747B7C8A689F4DF0F4A,2017,FORD,F-150,PICKUP TRUCK,RWD,GASOLINE,21932,2017-06-26,23
B050411464D8B3B6991030138A26049E,2017,FORD,F-150,PICKUP TRUCK,RWD,GASOLINE,27066,2017-05-05,23
0DE869F3D8FEDC5C34258ADCEBBB2115,2017,FORD,F-150,PICKUP TRUCK,RWD,GASOLINE,52532,2017-06-26,23
BE7115B0DFFB7D9E58543D735E06979C,2017,FORD,F-150,PICKUP TRUCK,RWD,GASOLINE,30171,2017-05-05,23
C9DEFF22663B57891698D8CB71A7470C,2017,FORD,F-150,PICKUP TRUCK,RWD,GASOLINE,20426,2017-08-09,23
FD0CB1E68E14B2C9CD47D0F06407A145,2017,FORD,F-150,PICKUP TRUCK,RWD,GASOLINE,43833,2017-09-08,23
89B7382CE3CFBB856663F53BE0D9C965,2017,FORD,F-150,PICKUP TRUCK,RWD,GASOLINE,37449,2017-06-20,23
F0EE3EDE3924088A51695227F587B5D0,2017,FORD,F-150,PICKUP TRUCK,RWD,GASOLINE,7941,2017-07-31,23
1D7A90F53BA5A6976EFE9B57C88D48A8,2017,FORD,F-150,PICKUP TRUCK,RWD,GASOLINE,21254,2017-08-04,23
73CAB8120C3DA2036A617C51E0252421,2017,FORD,F-150,PICKUP TRUCK,RWD,GASOLINE,39731,2017-08-24,23
5132795B436B5C34DD65F5B329E2842A,2017,FORD,F-150,PICKUP TRUCK,RWD,GASOLINE,50954,2017-04-20,23
B00315B2EAD55612D45E7FB58DD6DAA2,2017,FORD,F-150,PICKUP TRUCK,RWD,GASOLINE,29354,2017-06-08,23
D0292C54CD58CAD651D0CE65C66A24E7,2017,FORD,F-150,PICKUP TRUCK,RWD,GASOLINE,35751,2017-07-14,23
7B46A18F9027D86BB79003D68BD256DB,2017,FORD,F-150,PICKUP TRUCK,RWD,GASOLINE,22861,2017-08-03,23
FD2CD8D4CC416425614A06AEE13079A8,2017,FORD,F-150,PICKUP TRUCK,RWD,GASOLINE,17719,2017-10-05,23
D3D64CAA879FAF5E2F052E01DA32685E,2017,FORD,F-150,PICKUP TRUCK,RWD,GASOLINE,28963,2017-10-20,23
5C3F719B246CC3CB8EB714948B4C6568,2017,FORD,F-150,PICKUP TRUCK,RWD,GASOLINE,26880,2017-05-10,23
C8624B6BC00EB6D0302A2B3DA0DC4677,2017,FORD,F-150,PICKUP TRUCK,RWD,GASOLINE,40103,2017-06-24,23
257CBDBFA614BCFD538E6259C92C2E2A,2017,FORD,F-150,PICKUP TRUCK,RWD,GASOLINE,21857,2017-06-20,23
13B6BCABC76C49590CA39C1E2E15ABF3,2017,FORD,F-150,PICKUP TRUCK,RWD,GASOLINE,25424,2017-04-25,23
E89EF6268C182250A692A91FDBB043B5,2017,FORD,F-150,PICKUP TRUCK,RWD,GASOLINE,49400,2017-06-16,23
82FECC5B71B49F4C60A09CC0A1B5D97C,2014,FORD,F-150,PICKUP TRUCK,RWD,GASOLINE/E85,113031,2014-10-21,0
3E8687A0B21A27C6F274F931B7E7357C,2014,FORD,F-150,PICKUP TRUCK,RWD,GASOLINE/E85,80512,2014-10-30,0
62E845CC3BCFB5887FFEBC72C3569EF4,2014,FORD,F-150,PICKUP TRUCK,RWD,GASOLINE/E85,93095,2014-12-17,0
6A527AC00FF6C2D14D35371B4D4D10FF,2014,FORD,F-150,PICKUP TRUCK,RWD,GASOLINE/E85,115259,2014-12-17,0
33F3714DE7B434E034520999E45A8C82,2014,FORD,F-150,PICKUP TRUCK,RWD,GASOLINE/E85,81601,2014-10-27,0
6A6179B551453854EC3F2C0674F18D18,2014,FORD,F-150,PICKUP TRUCK,RWD,GASOLINE/E85,94053,2014-12-18,0
47C9E0F317A52450BB7AA6C3AFBA82DC,2014,FORD,F-150,PICKUP TRUCK,RWD,GASOLINE/E85,59622,2014-12-09,0
905F7EFCF3535E5031BEB1B63A50ED91,2014,FORD,F-150,PICKUP TRUCK,RWD,GASOLINE/E85,77599,2014-11-20,0
079DD9659AB19B25D8ED70D577478CA9,2014,FORD,F-150,PICKUP TRUCK,RWD,GASOLINE/E85,44370,2014-12-22,0
D793CAC75FEE0EFA235EE267B6AFFC2F,2014,FORD,F-150,PICKUP TRUCK,RWD,GASOLINE/E85,95491,2014-12-30,0
D6E4EE3E31AD8721E580B78BDF9C4383,2014,FORD,F-150,PICKUP TRUCK,RWD,GASOLINE/E85,147892,2014-09-29,0
07B2BD5E7E06479CCEE81FBE19FB0B16,2014,FORD,F-150,PICKUP TRUCK,RWD,GASOLINE/E85,137865,2015-03-03,0
3AB0304A611840C542453103EF64A30D,2014,FORD,F-150,PICKUP TRUCK,RWD,GASOLINE/E85,72665,2014-09-08,0
1426317503928FF224172F0AB2F65B13,2014,FORD,F-150,PICKUP TRUCK,RWD,GASOLINE/E85,96216,2015-06-12,0
B107646A5305CFAE39E05DCD5239A7C0,2014,FORD,F-150,PICKUP TRUCK,RWD,GASOLINE/E85,83994,2014-09-09,0
F7CA60CE8F731C7EAE33E7848E5D292C,2014,FORD,F-150,PICKUP TRUCK,RWD,GASOLINE/E85,80592,2014-11-04,0
2A3AAF1569FB30E624A8D276FAAAE7AC,2014,FORD,F-150,PICKUP TRUCK,RWD,GASOLINE/E85,121510,2014-11-20,0
40EC83D12C7305AA4ED85210204FD75D,2014,FORD,F-150,PICKUP TRUCK,RWD,GASOLINE/E85,112293,2014-11-20,0
E138D98CDA4547EE55913DEA0DBFA61D,2014,FORD,F-150,PICKUP TRUCK,RWD,GASOLINE/E85,133838,2014-11-21,0
AE192E16EFD5BA3016810EC87F150327,2014,FORD,F-150,PICKUP TRUCK,RWD,GASOLINE/E85,60115,2014-10-30,0
78FC9914D57E45ABEADD0FB0C544584D,2014,FORD,F-150,PICKUP TRUCK,RWD,GASOLINE/E85,105244,2014-12-05,0
803F6925BCCA2EA0A368579BA47B1FC0,2014,FORD,F-150,PICKUP TRUCK,RWD,GASOLINE/E85,66235,2014-11-20,0
1E46F552A803CC0F810111041945C881,2014,FORD,F-150,PICKUP TRUCK,RWD,GASOLINE/E85,73468,2015-01-06,0
447213A39925F47042AAE56136BEEAA0,2014,FORD,F-150,PICKUP TRUCK,RWD,GASOLINE/E85,70066,2014-12-02,0
6E9E15A78997FF92ACCB7D231CBCB50C,2014,FORD,F-150,PICKUP TRUCK,RWD,GASOLINE/E85,68769,2014-12-26,0
16BEE4281DD6C8996AFD62E59E42DDF1,2014,FORD,F-150,PICKUP TRUCK,RWD,GASOLINE/E85,67888,2014-12-05,0
83345AC9B4BF53F7C9936DA6046BDBCF,2014,FORD,F-150,PICKUP TRUCK,RWD,GASOLINE/E85,53985,2014-12-05,0
E3D23DC0265EEC56A9C92C39C04614A1,2014,FORD,F-150,PICKUP TRUCK,RWD,GASOLINE/E85,113766,2014-12-12,0
0E16FAE83A8305ED96DFEADE1E6A6F72,2014,FORD,F-150,PICKUP TRUCK,RWD,GASOLINE/E85,158030,2014-10-21,0
BCC0AB6291B86425BA32E57CC2CA164E,2014,FORD,F-150,PICKUP TRUCK,RWD,GASOLINE/E85,110346,2014-10-30,0
3585D97F76CDEF8531AEE090170AAF40,2014,FORD,F-150,PICKUP TRUCK,RWD,GASOLINE/E85,79243,2014-09-04,0
33E858674B3C7CD8E06342BEFC57B2B6,2014,FORD,F-150,PICKUP TRUCK,RWD,GASOLINE/E85,75750,2014-11-25,0
B6502FDB5447A970AE7A0A88D51AF288,2014,FORD,F-150,PICKUP TRUCK,RWD,GASOLINE/E85,82574,2014-12-01,0
8B9974B3C3D4635FB5E045E477A31B4E,2014,FORD,F-150,PICKUP TRUCK,RWD,GASOLINE/E85,73422,2014-10-02,0
0F739A3E5A6645BE2C54BCBC8AA573FF,2014,FORD,F-150,PICKUP TRUCK,RWD,GASOLINE/E85,114595,2015-07-06,0
0F6FF1F7E0F829794BE34D95C207BDDF,2014,FORD,F-150,PICKUP TRUCK,RWD,GASOLINE/E85,97382,2015-04-23,0
9195A96B5163DD935E7DB3CD675B8D30,2014,FORD,F-150,PICKUP TRUCK,RWD,GASOLINE/E85,53357,2015-04-06,0
EE9A62618774841CE42B3EA3AF29173D,2014,FORD,F-150,PICKUP TRUCK,RWD,GASOLINE/E85,52279,2015-04-30,0
0F0CF145A8076A675141EFBBC58FC881,2014,FORD,F-150,PICKUP TRUCK,RWD,GASOLINE/E85,65641,2015-04-30,0
4BD2F6AF07A140B69155B9DE46C3FB41,2015,FORD,F-650,TRUCK,4X2; DUAL REAR WHEELS,GASOLINE,40823,2015-04-27,0
058B8421D9F3DC963E2E52AD0A5B6C31,2015,FORD,FOCUS,PASSENGER CAR,FWD,GASOLINE/E85,51719,2015-11-04,12.4
CA299AD2711F8CAABBB2EC5BB9053ECE,2016,FORD,F-250,PICKUP TRUCK,RWD,GASOLINE/E85,25428,2016-12-17,35
FAAC31C0A7C4DC09D965085C33FCBDA3,2017,FORD,F-150,PICKUP TRUCK,RWD,GASOLINE,14135,2017-10-16,23
4F9FA6079380C5250F5EB5E5540FB05E,2017,FORD,F-150,PICKUP TRUCK,RWD,GASOLINE,43300,2017-07-31,23
347C6F8A0DC71EB6C955AC57FDE260B4,2017,FORD,F-150,PICKUP TRUCK,RWD,GASOLINE,26675,2017-08-07,23
00A0F79799807C25EE401A797472A45C,2017,FORD,F-150,PICKUP TRUCK,RWD,GASOLINE,19147,2017-06-28,23
D996CF379527F00E32F2C7942CE305BF,2017,FORD,F-150,PICKUP TRUCK,RWD,GASOLINE,44124,2017-04-27,23
C4DE5878B351986D6D1916324D7229A4,2017,FORD,F-150,PICKUP TRUCK,RWD,GASOLINE,33075,2017-05-04,23
8DF1BFCB8E1EDB78B9C9F5E7B9DE94EC,2017,FORD,F-150,PICKUP TRUCK,RWD,GASOLINE,4269,2017-12-07,23
6C18E1124A0AE803A4FE96B27D3663A1,2017,FORD,F-150,PICKUP TRUCK,RWD,GASOLINE,16377,2018-02-08,23
DD7A09FB96D6B3E61A3DB237D65439D5,2017,FORD,F-150,PICKUP TRUCK,RWD,GASOLINE,15884,2017-07-06,23
7EB8B6CEA45D675F04F79ACF00C75665,2016,CHEVROLET,SILVERADO,PICKUP TRUCK,RWD,GASOLINE/E85,30724,2016-06-16,34
3369D1590F648408DA9399DBBA6A63BE,2016,CHEVROLET,SILVERADO,PICKUP TRUCK,RWD,GASOLINE/E85,106888,2016-05-11,34
94AC8B4B64BEE41307295BC7B528F12B,2016,CHEVROLET,SILVERADO,PICKUP TRUCK,RWD,GASOLINE/E85,87333,2016-05-24,34
48FBF69557D93744EE6F50CBAFA0455F,2016,CHEVROLET,SILVERADO,PICKUP TRUCK,RWD,GASOLINE/E85,87875,2016-04-29,34
DD4C004B5EA1FFA9617F6F39C52E9ECA,2016,CHEVROLET,SILVERADO,PICKUP TRUCK,RWD,GASOLINE/E85,105100,2016-05-03,34
CCB70080F55D9F4DD6668C37E59BB059,2016,CHEVROLET,SILVERADO,PICKUP TRUCK,RWD,GASOLINE/E85,83410,2016-04-29,34
CBF1D0A9279457B434EC180F832BD34E,2016,CHEVROLET,SILVERADO,PICKUP TRUCK,RWD,GASOLINE/E85,76445,2016-05-02,34
794DCD9D198D9A82C2359E5EC01BD85B,2016,CHEVROLET,SILVERADO,PICKUP TRUCK,RWD,GASOLINE/E85,63458,2016-05-11,34
1CF8E653BE26D72D796ED85A59C0C7CD,2016,CHEVROLET,SILVERADO,PICKUP TRUCK,RWD,GASOLINE/E85,60520,2016-06-03,34
D2FF775EC5790C6E0D309B00F5A9C60F,2016,CHEVROLET,SILVERADO,PICKUP TRUCK,RWD,GASOLINE/E85,80856,2016-05-26,34
A58E730DA4FD112AB2CC61BBACD2DBF5,2016,CHEVROLET,SILVERADO,PICKUP TRUCK,RWD,GASOLINE/E85,51305,2016-07-21,34
81F49266D4AB25820751B49DA1A22602,2016,FORD,F-650,TRUCK,4X2; DUAL REAR WHEELS,GASOLINE,30976,2016-07-25,0
849C4E42505A66B04D4A7F4401EC0012,2016,FORD,F-650,TRUCK,4X2; DUAL REAR WHEELS,GASOLINE,44398,2016-09-13,0
1CF119DB09477173E9ED7C1C3FD1C01E,2016,CHEVROLET,SILVERADO,PICKUP TRUCK,RWD,GASOLINE/E85,25646,2016-05-27,34
F6DBF0124BA5D0B1F63465B325FBC63D,2016,CHEVROLET,SILVERADO,PICKUP TRUCK,RWD,GASOLINE/E85,73600,2016-05-27,34
67AAB9A25E19F8D77214C1E552546E0F,2016,CHEVROLET,SILVERADO,PICKUP TRUCK,RWD,GASOLINE/E85,55590,2016-06-06,34
4CD98EFF97CB0B6E1A805F01146F6C7D,2016,CHEVROLET,SILVERADO,PICKUP TRUCK,RWD,GASOLINE/E85,58888,2016-07-29,34
B9678329B7F0A7458335231327064C93,2016,CHEVROLET,SILVERADO,PICKUP TRUCK,RWD,GASOLINE/E85,34096,2016-06-20,34
53EAFE7324A932D0E1B914F568CF267C,2016,CHEVROLET,SILVERADO,PICKUP TRUCK,RWD,GASOLINE/E85,38811,2016-06-01,34
967300D682A6CFFBFEDDD719BE78902A,2016,CHEVROLET,SILVERADO,PICKUP TRUCK,RWD,GASOLINE/E85,35899,2016-06-07,34
C19F38950CB4B8245E068917BBD79BEC,2016,CHEVROLET,SILVERADO,PICKUP TRUCK,RWD,GASOLINE/E85,39600,2016-07-27,34
5233A15862A5DE7C6B97DF96D2806A36,2016,CHEVROLET,SILVERADO,PICKUP TRUCK,RWD,GASOLINE/E85,66924,2016-06-24,34
D05DB18796A2C96A9D5618687BE0B99D,2016,CHEVROLET,SILVERADO,PICKUP TRUCK,RWD,GASOLINE/E85,73257,2016-06-14,26
9A78C5FC0205209CB5DA78DB0B3089A3,2016,CHEVROLET,SILVERADO,PICKUP TRUCK,RWD,GASOLINE/E85,104529,2016-04-26,26
B7CE395A3F1768AA3DBFE11F3CD56B20,2016,CHEVROLET,SILVERADO,PICKUP TRUCK,RWD,GASOLINE/E85,47331,2016-06-13,26
67544AB47427F842CB26BBA476D0FF57,2016,CHEVROLET,SILVERADO,PICKUP TRUCK,RWD,GASOLINE/E85,110725,2016-06-10,26
6B84CC214BBD646D93C3FC60E0EA4B44,2016,CHEVROLET,SILVERADO,PICKUP TRUCK,RWD,GASOLINE/E85,72020,2016-07-15,26
C431A6A42E8C5FD212D65963916B547D,2016,CHEVROLET,SILVERADO,PICKUP TRUCK,RWD,GASOLINE/E85,79376,2016-06-08,26
16DD2C37E4DA5810E0E630F5FE28A862,2016,CHEVROLET,SILVERADO,PICKUP TRUCK,RWD,GASOLINE/E85,96666,2016-06-09,26
8512DA5B0ADB4316416A147171E3FAD4,2016,CHEVROLET,SILVERADO,PICKUP TRUCK,RWD,GASOLINE/E85,95686,2016-06-08,26
5E56E35D931891E23C6078E59F2C89C4,2016,CHEVROLET,SILVERADO,PICKUP TRUCK,RWD,GASOLINE/E85,112130,2016-07-21,26
797E73036B7A380FD14525CE28581F85,2016,CHEVROLET,SILVERADO,PICKUP TRUCK,RWD,GASOLINE/E85,98420,2016-05-23,26
C3C81FAAC14E9BF26D65AA52DA67A365,2016,CHEVROLET,SILVERADO,PICKUP TRUCK,RWD,GASOLINE/E85,64603,2016-05-18,34
4784CA6479390FCE88358DCE475FD30F,2017,FORD,EXPLORER,MULTIPURPOSE VEHICLE (MPV),4WD,GASOLINE,38400,2017-10-13,18.6
E8F5C1B8C7F50DF466CF5AA27AAE8715,2016,FORD,FOCUS,PASSENGER CAR,FWD,GASOLINE/E85,48408,2015-12-07,12.4
F2E4EEE38120C1388488D80ACFA87098,2017,FORD,F-150,PICKUP TRUCK,RWD,GASOLINE,35568,2017-06-07,23
AB1F3E3D1BE66F0F07E73A381B210FA6,2017,FORD,F-150,PICKUP TRUCK,RWD,GASOLINE,50093,2017-05-23,23
6F1FD828D752008AA9AB807A3A1CF286,2017,FORD,F-150,PICKUP TRUCK,RWD,GASOLINE,15312,2017-11-01,23
45F38F9AEF7886D39A66497B3B1D1B2C,2017,FORD,F-150,PICKUP TRUCK,RWD,GASOLINE,65062,2017-10-23,23
E4A3CF9AEF447ACC5FA1C7D8F247368B,2017,FORD,F-150,PICKUP TRUCK,RWD,GASOLINE,17198,2017-08-02,23
63D391E7936D38761C545C49053FE55B,2017,FORD,F-150,PICKUP TRUCK,RWD,GASOLINE,25013,2017-08-02,23
087DC607ECFBF9FDE24D879EF3663B1B,2017,FORD,F-150,PICKUP TRUCK,RWD,GASOLINE,25890,2017-08-11,23
76B5A72F4593D34F7D072B909C4AB5B0,2017,FORD,F-150,PICKUP TRUCK,RWD,GASOLINE,40982,2017-08-15,23
D42D42CFBBCF19B12B9B17EDA9CA39D1,2017,FORD,F-150,PICKUP TRUCK,RWD,GASOLINE,36439,2017-09-07,23
8A59BE74FA6D3545ED07883E65D20866,2017,FORD,F-150,PICKUP TRUCK,RWD,GASOLINE,42568,2017-05-23,23
B96F1F1BB3BB0EE8050077A06225A1A6,2017,FORD,F-150,PICKUP TRUCK,RWD,GASOLINE/E85,50776,2017-05-04,36
DECEB313DCAA5CF6F21C4F38CE9E9E40,2016,FORD,FOCUS,PASSENGER CAR,FWD,GASOLINE/E85,59077,2015-12-09,12.4
FFC03C5128B2558EC6E2C44E579942F5,2016,FORD,FOCUS,PASSENGER CAR,FWD,GASOLINE/E85,76140,2015-12-22,12.4
E3F708A57A5DCDEC0C924F0882DF58E4,2016,FORD,FOCUS,PASSENGER CAR,FWD,GASOLINE/E85,56559,2015-12-21,12.4
85594F15E6CFA06BBA0372B50ED3FC50,2018,TOYOTA,TACOMA,PICKUP TRUCK,RWD,GASOLINE,1448,2018-08-23,21.1
E210BE258805AA3B5CC1BE96072095D9,2016,FORD,FOCUS,PASSENGER CAR,FWD,GASOLINE/E85,49354,2016-06-08,12.4
55A476398287C4ADFABAFE370AA109C8,2016,FORD,FOCUS,PASSENGER CAR,FWD,GASOLINE/E85,61064,2016-06-08,12.4
7CF0588ED74FDC0B1F9DBA08ED812FFD,2016,FORD,FOCUS,PASSENGER CAR,FWD,GASOLINE/E85,87063,2016-04-28,12.4
D773E648C778DF2D2E3743ED62C0202C,2016,FORD,FOCUS,PASSENGER CAR,FWD,GASOLINE/E85,66666,2016-04-28,12.4
8DFD93B1296FCCF1303DBF9342072FEF,2016,FORD,FOCUS,PASSENGER CAR,FWD,GASOLINE/E85,62429,2016-04-15,12.4
B6E1AA721D3A7B2C16B05B3DE37B4375,2016,FORD,FOCUS,PASSENGER CAR,FWD,GASOLINE/E85,86105,2016-04-15,12.4
6E5C0D141A17977ACD1F38E288C5D305,2016,FORD,FOCUS,PASSENGER CAR,FWD,GASOLINE/E85,69868,2016-04-15,12.4
52DCC6FC854CC03C7EECEEF34DBC7760,2016,FORD,FOCUS,PASSENGER CAR,FWD,GASOLINE/E85,65099,2016-04-15,12.4
426D409D656B74628654CDD1E02A5DD4,2016,FORD,FOCUS,PASSENGER CAR,FWD,GASOLINE/E85,54410,2016-04-15,12.4
9AF7609E7CBCBF129EE51DE1B862B448,2016,FORD,FOCUS,PASSENGER CAR,FWD,GASOLINE/E85,83505,2016-04-27,12.4
9C3D8C86B3C26D8DB355692C6D0A916C,2016,FORD,FOCUS,PASSENGER CAR,FWD,GASOLINE/E85,68965,2016-04-27,12.4
58F7B23249F642A75E5D5B35DEC854FE,2016,FORD,FOCUS,PASSENGER CAR,FWD,GASOLINE/E85,42103,2016-04-27,12.4
63D5F21660B88CDB48F0B2B43FFCDEBF,2016,FORD,FOCUS,PASSENGER CAR,FWD,GASOLINE/E85,44458,2016-04-27,12.4
E8065470043D749C1506768ADC6EAF3C,2016,FORD,FOCUS,PASSENGER CAR,FWD,GASOLINE/E85,75873,2016-04-27,12.4
88B74CCA8C5F2252D5D81D864D4F4D8B,2016,FORD,FOCUS,PASSENGER CAR,FWD,GASOLINE/E85,76245,2016-04-27,12.4
D9BCE7F530D05A55A47D706B8B554CCA,2016,FORD,FOCUS,PASSENGER CAR,FWD,GASOLINE/E85,70158,2016-04-27,12.4
CF678365A02D16197C433F2A14E51096,2016,FORD,FOCUS,PASSENGER CAR,FWD,GASOLINE/E85,21533,2016-07-07,12.4
51A28CD6D82D4331ECD060AF98746659,2016,FORD,FOCUS,PASSENGER CAR,FWD,GASOLINE/E85,23660,2016-07-07,12.4
55D85173FE25911B6AB50BF55019FDF7,2016,FORD,FOCUS,PASSENGER CAR,FWD,GASOLINE/E85,16494,2016-07-05,12.4
F39182F0B5CC27A4BD09B74D63E79312,2016,FORD,FOCUS,PASSENGER CAR,FWD,GASOLINE/E85,77647,2016-05-13,12.4
802F008E182D938D1984105C4C49C0E6,2016,FORD,FOCUS,PASSENGER CAR,FWD,GASOLINE/E85,71232,2016-05-13,12.4
D1DCD62FB495DCC3BC77F79BBD959214,2016,FORD,FOCUS,PASSENGER CAR,FWD,GASOLINE/E85,68023,2016-05-13,12.4
84C3227340C7EF420844B925C362A99D,2016,FORD,FOCUS,PASSENGER CAR,FWD,GASOLINE/E85,113200,2016-04-14,12.4
8183EB171795B8DE5D4D19706EA05800,2016,FORD,FOCUS,PASSENGER CAR,FWD,GASOLINE/E85,93588,2016-04-14,12.4
3D0CEEEBE11A9E282F2BF3A72DB7BF39,2018,TOYOTA,TUNDRA,PICKUP TRUCK,RWD,GASOLINE,7617,2018-07-20,26.4
8BFC9243255FA6DD4A5EC251177B016D,2018,TOYOTA,TACOMA,PICKUP TRUCK,RWD,GASOLINE,5542,2018-08-03,21.1
E579F4CA7525B36BD290B2DE40E24C41,2018,TOYOTA,TACOMA,PICKUP TRUCK,RWD,GASOLINE,15857,2018-07-20,21.1
C451CCF69DB2FE15DF5B172D285CD2A8,2018,TOYOTA,TACOMA,PICKUP TRUCK,RWD,GASOLINE,3413,2018-08-23,21.1
5A9ED791ACEB446403E12CA78F298391,2018,TOYOTA,TACOMA,PICKUP TRUCK,RWD,GASOLINE,6372,2018-08-03,21.1
009115B6D89A1830E81F7DF66231F57C,2018,TOYOTA,TUNDRA,PICKUP TRUCK,4WD,GASOLINE,6201,2018-07-11,38
CA3DC8A79AC6053919DE506590E35444,2016,FORD,FOCUS,PASSENGER CAR,FWD,GASOLINE/E85,68421,2016-04-29,12.4
BA06F4C511BF278FE7533DB11FF02F9F,2016,FORD,FOCUS,PASSENGER CAR,FWD,GASOLINE/E85,100848,2016-04-29,12.4
3DF9D29A2DEC2C78F9DDC9D919027B0B,2016,FORD,FOCUS,PASSENGER CAR,FWD,GASOLINE/E85,60984,2016-04-27,12.4
A097756A47434F0A024B09AFE9BE77A3,2016,FORD,FOCUS,PASSENGER CAR,FWD,GASOLINE/E85,107970,2016-04-07,12.4
E6FD57CB4E517FA548458D12F29C1B2A,2016,FORD,FOCUS,PASSENGER CAR,FWD,GASOLINE/E85,110000,2016-04-02,12.4
393790925B7933A536AFE8646CAD0455,2016,FORD,FOCUS,PASSENGER CAR,FWD,GASOLINE/E85,81483,2016-04-28,12.4
7E6D07B323E9166C0E8D733AA2A954C7,2016,FORD,FOCUS,PASSENGER CAR,FWD,GASOLINE/E85,89919,2016-04-27,12.4
517F9A44176DB0C96C6E66A76FD4DC9E,2016,FORD,FOCUS,PASSENGER CAR,FWD,GASOLINE/E85,58240,2016-04-28,12.4
F8064E6BA0C7DF7067B684BEE0A556A9,2016,FORD,FOCUS,PASSENGER CAR,FWD,GASOLINE/E85,56970,2016-04-28,12.4
AB3642C8C13117074BC302B2CED354B7,2016,FORD,FOCUS,PASSENGER CAR,FWD,GASOLINE/E85,58110,2016-04-27,12.4
42A60084919C80DE8E2189623131D82A,2016,FORD,FOCUS,PASSENGER CAR,FWD,GASOLINE/E85,46784,2016-04-27,12.4
F5B99D0C18B594E677D9C6E22434DC6F,2016,FORD,FOCUS,PASSENGER CAR,FWD,GASOLINE/E85,72557,2016-04-27,12.4
472564DC2E84E45C20B6232A192FDFE4,2016,FORD,FOCUS,PASSENGER CAR,FWD,GASOLINE/E85,80623,2016-04-29,12.4
18D48CF4CB469EF97F3072FCE5634944,2016,FORD,FOCUS,PASSENGER CAR,FWD,GASOLINE/E85,81358,2016-04-29,12.4
04080D4C13DAF933994694308CC49264,2018,TOYOTA,TUNDRA,PICKUP TRUCK,RWD,GASOLINE,3000,2018-08-03,26.4
6E7070B4C33C1D1999B8F3DD07D704E9,2017,FORD,F-150,PICKUP TRUCK,RWD,GASOLINE/E85,44391,2017-06-06,36
439DC2B13F3A4415B504A20C324C8277,2017,FORD,F-150,PICKUP TRUCK,RWD,GASOLINE/E85,23991,2017-05-16,36
D712DE341FC5E9058C4F54303283EAC5,2017,FORD,F-150,PICKUP TRUCK,RWD,GASOLINE/E85,32906,2017-06-14,36
77239431ED60DB737F91741B070F3CE3,2018,TOYOTA,TACOMA,PICKUP TRUCK,RWD,GASOLINE,666,2018-08-23,21.1
E742E20C33742947E738C3A114CF775D,2018,TOYOTA,TACOMA,PICKUP TRUCK,RWD,GASOLINE,,2018-08-23,21.1
E908B3DF0A4D49BE250685F6057E3FFE,2018,TOYOTA,TACOMA,PICKUP TRUCK,RWD,GASOLINE,,2018-08-23,21.1
00134E0B5B404BAA26A0281A1B165183,2018,TOYOTA,TACOMA,PICKUP TRUCK,RWD,GASOLINE,,2018-08-23,21.1
707963BB01C336DFC77B42CB8F8E1C4F,2016,FORD,FOCUS,PASSENGER CAR,FWD,GASOLINE/E85,73893,2016-04-29,12.4
EF2B371DDE301165C7F125747CBD4D71,2016,FORD,F-250,PICKUP TRUCK,RWD,GASOLINE/E85,85320,2015-12-15,35
9C468C57A5E26C352378ECD3458CC9F7,2016,FORD,F-150,PICKUP TRUCK,RWD,GASOLINE/E85,93268,2016-06-20,23
13E3F2E6049F3CE807CA6848A9E7ED77,2017,FORD,EXPLORER,MULTIPURPOSE VEHICLE (MPV),FWD,GASOLINE,41413,2017-04-14,18.6
4863C090EDA40A7F7E35119033148115,2016,FORD,FOCUS,PASSENGER CAR,FWD,GASOLINE/E85,80258,2016-02-03,12.4
ADD2F015C22E9C5CF3C69D2E72122A88,2016,CHEVROLET,SILVERADO,PICKUP TRUCK,RWD,GASOLINE/E85,60909,2016-05-26,34
59315FAC04AE17DF88BEC47DDA2E80E2,2016,CHEVROLET,SILVERADO,PICKUP TRUCK,RWD,GASOLINE/E85,72194,2016-05-20,34
E7CB3DB1A4072F0253075FD63B1CD19E,2016,CHEVROLET,SILVERADO,PICKUP TRUCK,RWD,GASOLINE/E85,50211,2016-05-17,34
8AD29679F82ACD21C84EB257A81CD657,2016,FORD,FOCUS,PASSENGER CAR,FWD,GASOLINE/E85,79350,2015-12-15,12.4
57E6FDCEDB072F94F90836AB65A2A4E7,2016,FORD,FOCUS,PASSENGER CAR,FWD,GASOLINE/E85,55900,2015-12-09,12.4
5171FFFD3A09FFB83F485DF90A8DBB49,2018,FORD,EXPLORER,MULTIPURPOSE VEHICLE (MPV),FWD,GASOLINE,6307,2018-06-01,18.6
D0B90A6ADBC53C65EDC4FB491B3B17F6,2018,TOYOTA,TACOMA,PICKUP TRUCK,RWD,GASOLINE,2886,2018-08-16,21.1
A106AA1304941930BCFB0249DCDDF1AD,2018,TOYOTA,TACOMA,PICKUP TRUCK,RWD,GASOLINE,3318,2018-08-07,21.1
EE3DE383DC8AD1F2A573C0E7118B379B,2018,TOYOTA,TACOMA,PICKUP TRUCK,RWD,GASOLINE,,2018-08-23,21.1
3BD47F9201449AA11A9C0EAF6F7277C3,2016,FORD,FOCUS,PASSENGER CAR,FWD,GASOLINE/E85,108630,2016-04-29,12.4
9D6543B3E0CFB3164A0B1496D6B30D99,2016,FORD,FOCUS,PASSENGER CAR,FWD,GASOLINE/E85,72736,2016-04-29,12.4
46E0FEE5B86A2060D97B9BA2243B5619,2016,FORD,FOCUS,PASSENGER CAR,FWD,GASOLINE/E85,22600,2016-04-22,12.4
051F57480AF45B85DFA62888079413DE,2016,FORD,FOCUS,PASSENGER CAR,FWD,GASOLINE/E85,52416,2016-04-20,12.4
C1FEB6861268022C233D6F892D8B4C70,2016,FORD,FOCUS,PASSENGER CAR,FWD,GASOLINE/E85,52320,2016-04-20,12.4
7C26785FDA981FA0D366E18B4B166497,2016,FORD,FOCUS,PASSENGER CAR,FWD,GASOLINE/E85,49478,2016-04-20,12.4
2061E492DFFD7B23B3E68CA13D92BE6C,2016,FORD,FOCUS,PASSENGER CAR,FWD,GASOLINE/E85,87512,2016-05-31,12.4
0F27E68DDE6A88913BBBEBA83FF131EF,2016,FORD,FOCUS,PASSENGER CAR,FWD,GASOLINE/E85,78653,2016-04-05,12.4
3BBB535C176822F4E5741CACC4E2BB4D,2016,FORD,FOCUS,PASSENGER CAR,FWD,GASOLINE/E85,103720,2016-04-05,12.4
C4D60F5C607F641ABCFE772CD14E8944,2016,FORD,FOCUS,PASSENGER CAR,FWD,GASOLINE/E85,57401,2016-04-22,12.4
8CA392BFF46867DA29277CAFFB46C651,2018,TOYOTA,TACOMA,PICKUP TRUCK,RWD,GASOLINE,2021,2018-08-23,21.1
CEBF30A9242C6A6BEF36CF9DAB5008F3,2018,TOYOTA,TACOMA,PICKUP TRUCK,RWD,GASOLINE,1756,2018-08-23,21.1
142394C45ABC6E2E835566F7C30B8406,2018,TOYOTA,TACOMA,PICKUP TRUCK,RWD,GASOLINE,391,2018-08-23,21.1
E5F25FAB1A1A317A13085A1BF1CD6807,2018,TOYOTA,TACOMA,PICKUP TRUCK,RWD,GASOLINE,3006,2018-08-07,21.1
9DD5250FB14829902E63EF8586C62CA3,2016,FORD,FOCUS,PASSENGER CAR,FWD,GASOLINE/E85,75185,2016-04-22,12.4
1DAC1468C75C811DA8A26C670287A528,2016,FORD,FOCUS,PASSENGER CAR,FWD,GASOLINE/E85,18985,2016-05-24,12.4
CBF3EE7885505013582BAC93240CF0C9,2016,FORD,FOCUS,PASSENGER CAR,FWD,GASOLINE/E85,75678,2016-04-28,12.4
9863178B84EF4AF3B5927F1C064E6A2A,2016,FORD,FOCUS,PASSENGER CAR,FWD,GASOLINE/E85,52392,2016-04-28,12.4
E3410419B70D8082441EB79AC4D2A909,2016,FORD,FOCUS,PASSENGER CAR,FWD,GASOLINE/E85,50711,2016-04-28,12.4
F8A49E681595050300B189D8459958D6,2016,FORD,FOCUS,PASSENGER CAR,FWD,GASOLINE/E85,50968,2016-04-25,12.4
A31C61560323907D5C9B1C35318DE763,2016,FORD,FOCUS,PASSENGER CAR,FWD,GASOLINE/E85,20786,2016-09-01,12.4
9B4EB90DA011E990DFE6354C45DB1925,2016,FORD,FOCUS,PASSENGER CAR,FWD,GASOLINE/E85,72947,2016-04-15,12.4
DE31A1666357B23325B371597F7300D4,2016,FORD,FOCUS,PASSENGER CAR,FWD,GASOLINE/E85,70221,2016-04-25,12.4
7B9FCF4CDCCD8417AB1F5852DE41B2A1,2016,FORD,FOCUS,PASSENGER CAR,FWD,GASOLINE/E85,54000,2016-04-15,12.4
90ABE0AE945FEE5501FBD53F1496EEB0,2016,FORD,FOCUS,PASSENGER CAR,FWD,GASOLINE/E85,72297,2016-04-15,12.4
829AAF560C595B9D1D7B2EEBC9E76F52,2016,FORD,FOCUS,PASSENGER CAR,FWD,GASOLINE/E85,50194,2016-04-25,12.4
37A03062A482A8B550CC7F3D4B351ECC,2018,TOYOTA,TUNDRA,PICKUP TRUCK,RWD,GASOLINE,4616,2018-08-10,26.4
15237B5E70645BF5685ACF23F841F5D2,2018,TOYOTA,TACOMA,PICKUP TRUCK,RWD,GASOLINE,,2018-08-23,21.1
FF1BB98171E9AD037EFB3394CA51253D,2016,FORD,FOCUS,PASSENGER CAR,FWD,GASOLINE/E85,27149,2016-04-15,12.4
1E9410B611CFBF496E23DD1DF940E599,2016,FORD,FOCUS,PASSENGER CAR,FWD,GASOLINE/E85,31369,2016-07-08,12.4
983C3ECF9B1D6CC4386631D6117E4EB0,2016,FORD,FOCUS,PASSENGER CAR,FWD,GASOLINE/E85,68644,2016-04-18,12.4
8234EA4D8B4685A1E88C07184B88E714,2016,FORD,FOCUS,PASSENGER CAR,FWD,GASOLINE/E85,45100,2016-04-18,12.4
C4902A9C2D06EF66745F1F5DF498A3FC,2016,FORD,FOCUS,PASSENGER CAR,FWD,GASOLINE/E85,104085,2016-04-18,12.4
6917CEDBFC8AB4DC49D0803EF27426DA,2016,FORD,FOCUS,PASSENGER CAR,FWD,GASOLINE/E85,38991,2016-04-18,12.4
8A640E57EA451EBE3111D0D673823C1F,2016,FORD,FOCUS,PASSENGER CAR,FWD,GASOLINE/E85,92623,2016-04-18,12.4
C158EBCCF4B33C96E0F5F0C1FCC78AB6,2016,FORD,FOCUS,PASSENGER CAR,FWD,GASOLINE/E85,47699,2016-04-28,12.4
BBCE4BD298C443B39543FD28F5C7F44A,2016,FORD,FOCUS,PASSENGER CAR,FWD,GASOLINE/E85,67047,2016-04-29,12.4
EEFF978D5E60EBB5D8D5F6F889B6B1D2,2016,FORD,FOCUS,PASSENGER CAR,FWD,GASOLINE/E85,39484,2016-04-29,12.4
3180C7785527370C049AEF411A75CDCB,2016,FORD,FOCUS,PASSENGER CAR,FWD,GASOLINE/E85,79153,2016-04-28,12.4
195D96533C1670D5CA0B12A512330F14,2016,FORD,FOCUS,PASSENGER CAR,FWD,GASOLINE/E85,68151,2016-04-29,12.4
483BA091125FC886964F42B184B348EE,2016,FORD,FOCUS,PASSENGER CAR,FWD,GASOLINE/E85,17449,2016-04-28,12.4
8D056810E4DC0BEDE7E005EA5EFB364B,2016,FORD,FOCUS,PASSENGER CAR,FWD,GASOLINE/E85,73379,2016-03-31,12.4
81C9A927CF40439DD54135968722C0C1,2016,FORD,FOCUS,PASSENGER CAR,FWD,GASOLINE/E85,63864,2016-03-31,12.4
3E871B1DAB09F7DB5D22280CA6618B46,2016,FORD,FOCUS,PASSENGER CAR,FWD,GASOLINE/E85,43983,2016-03-31,12.4
9B8A7CD40DB5AACC4495E751CBC97529,2016,FORD,FOCUS,PASSENGER CAR,FWD,GASOLINE/E85,26930,2016-03-31,12.4
18F59F58DEA7AB4387BEED46436C27DF,2016,FORD,FOCUS,PASSENGER CAR,FWD,GASOLINE/E85,45339,2016-06-07,12.4
9C26AE68780141F839EDAE8FCBBB2BDD,2016,FORD,FOCUS,PASSENGER CAR,FWD,GASOLINE/E85,52070,2016-06-06,12.4
6E3B95D77FC0C91C8BD189804C7E47EB,2016,FORD,FOCUS,PASSENGER CAR,FWD,GASOLINE/E85,45686,2016-06-07,12.4
865545B46567A6306E4D71DCD2C2BD08,2016,FORD,FOCUS,PASSENGER CAR,FWD,GASOLINE/E85,42836,2016-05-25,12.4
D68EA4C9338E0DE980DCE1FD1EB8A92E,2016,FORD,FOCUS,PASSENGER CAR,FWD,GASOLINE/E85,50100,2016-04-14,12.4
C57B2B1E751BF314339059C55FDEA23A,2016,FORD,FOCUS,PASSENGER CAR,FWD,GASOLINE/E85,35979,2016-04-14,12.4
6C18069273FC43A64AC14637A44E9125,2016,FORD,FOCUS,PASSENGER CAR,FWD,GASOLINE/E85,43883,2016-04-14,12.4
B42C4AAC4F43AE8FF5E512C7E6143825,2016,FORD,FOCUS,PASSENGER CAR,FWD,GASOLINE/E85,31325,2016-04-14,12.4
C946D8479A99D56361484F8A494519C1,2016,FORD,FOCUS,PASSENGER CAR,FWD,GASOLINE/E85,99351,2016-04-14,12.4
068C9351F639571771DA7F912A72E24F,2015,FORD,F-250,PICKUP TRUCK,RWD,GASOLINE/E85,50003,2015-12-12,35
933DB715740E76B0405932A1DF1525B8,2016,FORD,FOCUS,PASSENGER CAR,FWD,GASOLINE/E85,43481,2016-04-14,12.4
D319DB552775E8C759E42DD7D16C2363,2016,FORD,FOCUS,PASSENGER CAR,FWD,GASOLINE/E85,47536,2016-04-14,12.4
B005A7197731CE80721FEC1903A89C27,2016,FORD,FOCUS,PASSENGER CAR,FWD,GASOLINE/E85,66366,2016-03-31,12.4
80BE233E74AAACC0D08018A0F0C08470,2016,FORD,FOCUS,PASSENGER CAR,FWD,GASOLINE/E85,28482,2016-05-27,12.4
A7B8F62CCD773F5D3E97A31BD7D0D99E,2016,FORD,FOCUS,PASSENGER CAR,FWD,GASOLINE/E85,44190,2016-05-27,12.4
68D44E780B4E0604FEAC428E97D3388B,2016,FORD,FOCUS,PASSENGER CAR,FWD,GASOLINE/E85,51781,2016-05-27,12.4
51F20757D0E574EB2CCF0A1CC34B632C,2016,FORD,FOCUS,PASSENGER CAR,FWD,GASOLINE/E85,32967,2016-05-27,12.4
46BEEC031BFE1995A3C63232A80DEF42,2016,FORD,FOCUS,PASSENGER CAR,FWD,GASOLINE/E85,81327,2016-04-01,12.4
B117AB54BB5288395091A8C30CA8AD14,2016,FORD,FOCUS,PASSENGER CAR,FWD,GASOLINE/E85,62641,2016-04-01,12.4
2330EF4A801EEA2F8D03E0CF3F284F14,2016,FORD,FOCUS,PASSENGER CAR,FWD,GASOLINE/E85,67818,2016-04-01,12.4
EAF865AC108AE598F8A1460504F3B662,2016,FORD,FOCUS,PASSENGER CAR,FWD,GASOLINE/E85,47721,2016-05-18,12.4
B0351986E1997296C4D57F7B238EBB4F,2016,FORD,FOCUS,PASSENGER CAR,FWD,GASOLINE/E85,94373,2016-04-27,12.4
8799860E9E9BFC226D9BE679530AA600,2016,FORD,FOCUS,PASSENGER CAR,FWD,GASOLINE/E85,48702,2016-04-27,12.4
24551CAE075A25B7A7CB96B83D187019,2016,FORD,FOCUS,PASSENGER CAR,FWD,GASOLINE/E85,51587,2016-04-14,12.4
3B4547C9F53104CE8846163F896559D0,2016,FORD,FOCUS,PASSENGER CAR,FWD,GASOLINE/E85,52603,2016-04-14,12.4
AF3B0D06313DC81A35755546AD1662F5,2016,FORD,FOCUS,PASSENGER CAR,FWD,GASOLINE/E85,117073,2016-07-12,12.4
433D86A2574A181F107C41B311F17320,2016,FORD,FOCUS,PASSENGER CAR,FWD,GASOLINE/E85,76876,2016-04-15,12.4
A4D06E86A350C93CA6FF1C38A0A47E07,2016,FORD,FOCUS,PASSENGER CAR,FWD,GASOLINE/E85,109834,2016-04-29,12.4
E1086399DCCF465F90E74A2F729052B2,2016,FORD,FOCUS,PASSENGER CAR,FWD,GASOLINE/E85,49000,2016-05-25,12.4
CB29EAA4B119779CE9909904D32AD450,2016,FORD,FOCUS,PASSENGER CAR,FWD,GASOLINE/E85,46756,2016-05-25,12.4
C8CFD635FF3BCCE3612D06C4E5DE3728,2016,FORD,FOCUS,PASSENGER CAR,FWD,GASOLINE/E85,63723,2016-05-25,12.4
040E73500B1B64C320EC15AD4C089F68,2016,FORD,FOCUS,PASSENGER CAR,FWD,GASOLINE/E85,87260,2016-05-25,12.4
BCFFC520CC14009960B2DCA004A1624B,2016,FORD,FOCUS,PASSENGER CAR,FWD,GASOLINE/E85,81851,2016-05-25,12.4
89B1051537F90ABC448A1445A21A9ABF,2016,FORD,FOCUS,PASSENGER CAR,FWD,GASOLINE/E85,39799,2016-05-25,12.4
A8E9B75C20082F0DA5C21592C8A023DC,2016,FORD,FOCUS,PASSENGER CAR,FWD,GASOLINE/E85,86781,2016-05-19,12.4
AECA4E1F6C26A1115A042E9F7D88B90A,2016,FORD,FOCUS,PASSENGER CAR,FWD,GASOLINE/E85,127798,2016-05-19,12.4
DB25A7CA92AE9D4D973C93D40FA2D099,2016,FORD,FOCUS,PASSENGER CAR,FWD,GASOLINE/E85,127106,2016-06-15,12.4
E255C6EEE44376EEB537EE007FBD7031,2016,FORD,FOCUS,PASSENGER CAR,FWD,GASOLINE/E85,78474,2016-06-15,12.4
6BF7B5A32A7917E521346512097FE63B,2016,FORD,FOCUS,PASSENGER CAR,FWD,GASOLINE/E85,86082,2016-03-18,12.4
068D3094446E49A54A617ABADA4BBD74,2016,FORD,FOCUS,PASSENGER CAR,FWD,GASOLINE/E85,94450,2016-05-29,12.4
6DB0AFC65CAF35965A858542C5D7B9C4,2016,FORD,FOCUS,PASSENGER CAR,FWD,GASOLINE/E85,87447,2016-05-05,12.4
4FCB5E341D995889A12CE1F9F0599145,2016,FORD,FOCUS,PASSENGER CAR,FWD,GASOLINE/E85,135562,2016-04-29,12.4
7EACD674C461F1C302BBDC791CBDDCBE,2016,FORD,FOCUS,PASSENGER CAR,FWD,GASOLINE/E85,98157,2016-05-05,12.4
BF7376A5DCBA730F7C7CA51242F75BCA,2016,FORD,FOCUS,PASSENGER CAR,FWD,GASOLINE/E85,74683,2016-05-05,12.4
7A2D5DE081AEFDCE62FFEB2B741DE51F,2016,FORD,FOCUS,PASSENGER CAR,FWD,GASOLINE/E85,45580,2016-05-05,12.4
82BE0CE3818D1B9180BEA025E73A4BA1,2016,FORD,FOCUS,PASSENGER CAR,FWD,GASOLINE/E85,76080,2016-03-31,12.4
D3EA320B2C664DACD5EC0D19029C2F52,2016,FORD,FOCUS,PASSENGER CAR,FWD,GASOLINE/E85,81105,2016-03-31,12.4
AB587D524BE6570FE718EB2B24E9B50A,2016,FORD,FOCUS,PASSENGER CAR,FWD,GASOLINE/E85,68050,2016-03-31,12.4
700F84D5B885BBEBB4CF98BBE7D839EE,2016,FORD,FOCUS,PASSENGER CAR,FWD,GASOLINE/E85,38714,2016-03-31,12.4
B9C27F4124C6CC4E70D899058DD44711,2016,FORD,FOCUS,PASSENGER CAR,FWD,GASOLINE/E85,41693,2016-04-25,12.4
68D2E3F73675AE9EE0E3F6FA7924CD5F,2016,FORD,FOCUS,PASSENGER CAR,FWD,GASOLINE/E85,72081,2016-05-13,12.4
768BF26A27A4DFA91472E6DD3E339F93,2016,FORD,FOCUS,PASSENGER CAR,FWD,GASOLINE/E85,74559,2016-05-13,12.4
38AEDAB9A567FC1055A8D4F48BF665A5,2016,FORD,FOCUS,PASSENGER CAR,FWD,GASOLINE/E85,32583,2016-05-13,12.4
E91A84D29194A4CAFCAF4841C9353A13,2016,FORD,FOCUS,PASSENGER CAR,FWD,GASOLINE/E85,54844,2016-05-13,12.4
1EFFD433C782320E172A037BE8B4D140,2016,FORD,FOCUS,PASSENGER CAR,FWD,GASOLINE/E85,46039,2016-04-29,12.4
28F166ADDA0447E422E93E14EFBF614D,2016,FORD,FOCUS,PASSENGER CAR,FWD,GASOLINE/E85,25697,2016-04-29,12.4
4DEA763B2E767A2FD68F6CDDBA1501D2,2016,FORD,FOCUS,PASSENGER CAR,FWD,GASOLINE/E85,69829,2016-05-03,12.4
463409F00FA3FFD389210FFDE3F85228,2016,FORD,FOCUS,PASSENGER CAR,FWD,GASOLINE/E85,87460,2016-04-29,12.4
1EF162AC4E94224EA4C9CA5D8A8FE231,2016,FORD,FOCUS,PASSENGER CAR,FWD,GASOLINE/E85,54215,2016-04-29,12.4
D8F08918A807756D8F5E6B211C74C39A,2016,FORD,FOCUS,PASSENGER CAR,FWD,GASOLINE/E85,60640,2016-04-07,12.4
8947DF9BE6417D210F3F222191E7702E,2016,FORD,FOCUS,PASSENGER CAR,FWD,GASOLINE/E85,115354,2016-04-07,12.4
A06DE2E8D9BCBFEE8F6E303BBFD0E96E,2016,FORD,FOCUS,PASSENGER CAR,FWD,GASOLINE/E85,46269,2016-04-07,12.4
A102344DB7275FF3D87A60F021008326,2016,FORD,FOCUS,PASSENGER CAR,FWD,GASOLINE/E85,67386,2016-04-07,12.4
B8B38FA84DE2B1FA62791F93556CA18C,2016,FORD,FOCUS,PASSENGER CAR,FWD,GASOLINE/E85,104211,2016-04-07,12.4
8517DDC723F39518E33AC3C9BAF0FBE9,2016,FORD,FOCUS,PASSENGER CAR,FWD,GASOLINE/E85,52815,2016-06-08,12.4
F7BFE3D76DABEF5F3B0D7375FBB38CAE,2016,FORD,FOCUS,PASSENGER CAR,FWD,GASOLINE/E85,51524,2016-06-08,12.4
9EF99A65CFFE803504C38DAF950107FC,2017,FORD,F-150,PICKUP TRUCK,RWD,GASOLINE/E85,67087,2017-05-25,36
B81F09C225F2B792759F4A84207F9916,2018,TOYOTA,TACOMA,PICKUP TRUCK,RWD,GASOLINE,3969,2018-08-23,21.1
66B8EB0A12CA747EC80A678D0A5F864D,2018,TOYOTA,TUNDRA,PICKUP TRUCK,RWD,GASOLINE,6510,2018-07-16,26.4
8A1140DAD272C571DCDF7841AB718C48,2018,TOYOTA,TACOMA,PICKUP TRUCK,RWD,GASOLINE,1521,2018-08-23,21.1
AECF83976B99A30872BFF61E95A5D65D,2018,TOYOTA,TACOMA,PICKUP TRUCK,RWD,GASOLINE,44,2018-08-23,21.1
AFAE9C65882482DEEB9DDC01F3399211,2018,TOYOTA,TACOMA,PICKUP TRUCK,RWD,GASOLINE,5134,2018-08-15,21.1
302C3B4AB76ED4BEC9E55345FE3236AB,2016,FORD,FOCUS,PASSENGER CAR,FWD,GASOLINE/E85,76650,2016-04-22,12.4
6E9674D16997CEA061944672ECEC3E7D,2016,FORD,FOCUS,PASSENGER CAR,FWD,GASOLINE/E85,48693,2016-04-22,12.4
BC813E82D5C4BBF7C8A403FBF8086A3F,2016,FORD,FOCUS,PASSENGER CAR,FWD,GASOLINE/E85,61010,2016-04-18,12.4
71F30286486046CBF448CA567C67E7ED,2013,FORD,EXPLORER,MULTIPURPOSE VEHICLE (MPV),FWD,GASOLINE,186820,2012-04-27,18.6
023F4C6F0D4239D73B9BED24575F94A9,2016,FORD,FOCUS,PASSENGER CAR,FWD,GASOLINE/E85,57039,2016-04-18,12.4
909996430FAE413B62105A4631033698,2016,FORD,FOCUS,PASSENGER CAR,FWD,GASOLINE/E85,39503,2016-05-05,12.4
D974D47BB792FF84EC618AACFF09034D,2016,FORD,FOCUS,PASSENGER CAR,FWD,GASOLINE/E85,50878,2016-04-18,12.4
154CC71EC31A6D8DA122438D4B9147CF,2016,FORD,FOCUS,PASSENGER CAR,FWD,GASOLINE/E85,63675,2016-05-07,12.4
BF367C281049F22775A0D6312F9368BE,2018,TOYOTA,TACOMA,PICKUP TRUCK,RWD,GASOLINE,20,2018-08-23,21.1
43104896C07DB5DCC999A2D678096917,2018,TOYOTA,TACOMA,PICKUP TRUCK,RWD,GASOLINE,7894,2018-08-16,21.1
C432F343DDF5884AEBE73D1C43B1256F,2016,FORD,F-250,PICKUP TRUCK,RWD,GASOLINE/E85,97137,2015-12-10,35
0EFA1D5789B3BDA704582FEBDEB84A43,2016,FORD,F-250,PICKUP TRUCK,RWD,GASOLINE/E85,84836,2015-12-10,35
2634F4CECEA447BA1AA677AB996F642B,2016,FORD,FOCUS,PASSENGER CAR,FWD,GASOLINE/E85,90999,2016-04-18,12.4
417345F1C010ED88D06E4B452DDC3AFB,2016,FORD,FOCUS,PASSENGER CAR,FWD,GASOLINE/E85,65298,2016-05-02,12.4
A074B16F372FAC6E1805A2155B8F9209,2016,FORD,FOCUS,PASSENGER CAR,FWD,GASOLINE/E85,84156,2016-04-22,12.4
CC3915EC0E238E0BD50108E78B8404AB,2016,FORD,FOCUS,PASSENGER CAR,FWD,GASOLINE/E85,40563,2016-04-22,12.4
59415DF3D03E1C42BE008213010C948E,2016,FORD,FOCUS,PASSENGER CAR,FWD,GASOLINE/E85,69518,2016-04-22,12.4
A945DDD5B5E9C37428C1414854C1FE39,2016,FORD,FOCUS,PASSENGER CAR,FWD,GASOLINE/E85,84236,2016-04-29,12.4
7F88D5881A2027184224596C6A48ADF2,2016,FORD,FOCUS,PASSENGER CAR,FWD,GASOLINE/E85,45109,2016-04-29,12.4
F2AB67CF5EE2309E90DE9AD8186F23CB,2016,FORD,FOCUS,PASSENGER CAR,FWD,GASOLINE/E85,75900,2016-04-29,12.4
53522AC47F53190C15FEEFC4D69BC573,2016,FORD,FOCUS,PASSENGER CAR,FWD,GASOLINE/E85,67049,2016-04-29,12.4
857953B74892C2F78927887B02B429C5,2016,FORD,FOCUS,PASSENGER CAR,FWD,GASOLINE/E85,82503,2016-04-22,12.4
FC6817DAC041287576D9442DB88407FC,2016,FORD,FOCUS,PASSENGER CAR,FWD,GASOLINE/E85,95645,2016-04-22,12.4
05991544F4AB3B5A1ED0D9551B238BAB,2016,FORD,FOCUS,PASSENGER CAR,FWD,GASOLINE/E85,73132,2016-04-22,12.4
FA88560C3D6F0AC5B35EE7B450F96E79,2016,FORD,FOCUS,PASSENGER CAR,FWD,GASOLINE/E85,64289,2016-04-22,12.4
81993470ACF3E5823CCEE1831C6185C6,2016,FORD,FOCUS,PASSENGER CAR,FWD,GASOLINE/E85,73348,2016-04-22,12.4
B3F07B84FDD734CD2651AA4CD40C9ACD,2016,FORD,FOCUS,PASSENGER CAR,FWD,GASOLINE/E85,123747,2016-05-25,12.4
C4FAD0C17908AFA6C8983B49E547FF72,2016,FORD,FOCUS,PASSENGER CAR,FWD,GASOLINE/E85,112974,2016-05-25,12.4
B931E4499941E42D901B595D991E7C98,2016,FORD,FOCUS,PASSENGER CAR,FWD,GASOLINE/E85,78124,2016-05-25,12.4
8729C03CC516391CAC67A6B8E49B9ECE,2016,FORD,FOCUS,PASSENGER CAR,FWD,GASOLINE/E85,68730,2016-05-25,12.4
AC2CD1390F91EC2D7628C500287E5887,2016,FORD,FOCUS,PASSENGER CAR,FWD,GASOLINE/E85,84593,2016-05-06,12.4
7D4979F07EBE52D07A983F9953F31405,2016,FORD,FOCUS,PASSENGER CAR,FWD,GASOLINE/E85,46419,2016-05-06,12.4
72D758C18BAAAD30F374B9A06F4E5792,2016,FORD,FOCUS,PASSENGER CAR,FWD,GASOLINE/E85,53679,2016-06-08,12.4
4D17499E01188D49601957B150AFCC82,2016,FORD,FOCUS,PASSENGER CAR,FWD,GASOLINE/E85,52654,2016-05-25,12.4
053BB3649B66293429F2A78CBCCADD50,2016,FORD,FOCUS,PASSENGER CAR,FWD,GASOLINE/E85,37642,2016-07-07,12.4
D1E4320C77AC9E09E91E43311C435BA6,2016,FORD,FOCUS,PASSENGER CAR,FWD,GASOLINE/E85,55654,2016-05-02,12.4
A75001989C208EDB136D4E180AFE3E6B,2016,FORD,FOCUS,PASSENGER CAR,FWD,GASOLINE/E85,54027,2016-05-02,12.4
9B37D720202B973D66D3487F401653AD,2016,FORD,FOCUS,PASSENGER CAR,FWD,GASOLINE/E85,49980,2016-06-02,12.4
3AAF842D23B4E612FDDE88E20B628D5F,2016,FORD,FOCUS,PASSENGER CAR,FWD,GASOLINE/E85,72390,2016-05-02,12.4
C6AA8959E8923AD50B1E0994FFFC4F41,2016,FORD,FOCUS,PASSENGER CAR,FWD,GASOLINE/E85,35386,2016-04-22,12.4
6366025E89434FA6477D6B2F54C26273,2016,FORD,FOCUS,PASSENGER CAR,FWD,GASOLINE/E85,28775,2016-06-02,12.4
0E4599F52D1A2A40979F22FA9F0DED10,2016,FORD,FOCUS,PASSENGER CAR,FWD,GASOLINE/E85,36558,2016-05-03,12.4
BA1C760A6F57D1D47CA44F226E916D1E,2016,FORD,FOCUS,PASSENGER CAR,FWD,GASOLINE/E85,176053,2016-05-01,12.4
EB1C30470562D96131349FC8D1EBF423,2016,FORD,FOCUS,PASSENGER CAR,FWD,GASOLINE/E85,39819,2016-05-10,12.4
331EC38D3686FA389A6B2E72EE684B55,2016,FORD,FOCUS,PASSENGER CAR,FWD,GASOLINE/E85,66213,2016-05-11,12.4
8E07780D69462EB913F219D032B9C19F,2016,FORD,FOCUS,PASSENGER CAR,FWD,GASOLINE/E85,67285,2016-05-11,12.4
D7EEA59659B5FD15C471468F802D0467,2016,FORD,FOCUS,PASSENGER CAR,FWD,GASOLINE/E85,55876,2016-05-11,12.4
8D796C8547719F9A65BE72DE3E70BF08,2016,FORD,FOCUS,PASSENGER CAR,FWD,GASOLINE/E85,62686,2016-05-11,12.4
5272687AF7063EE6ED2BB0868904C4C2,2016,FORD,FOCUS,PASSENGER CAR,FWD,GASOLINE/E85,85142,2016-05-20,12.4
8AB9950D12B6E59388BDCAF2395F5417,2016,FORD,FOCUS,PASSENGER CAR,FWD,GASOLINE/E85,55418,2016-04-13,12.4
CDACE854FC44F4F1558938E06567B421,2016,FORD,FOCUS,PASSENGER CAR,FWD,GASOLINE/E85,26585,2016-05-31,12.4
F9F21864694A19643283E74FB85C3840,2016,FORD,FOCUS,PASSENGER CAR,FWD,GASOLINE/E85,45688,2016-05-12,12.4
E10640D075700F5B165258597A89D071,2016,FORD,FOCUS,PASSENGER CAR,FWD,GASOLINE/E85,59738,2016-05-12,12.4
A138860AC87D79000FEBD91945B69014,2016,FORD,FOCUS,PASSENGER CAR,FWD,GASOLINE/E85,41698,2016-05-12,12.4
D991EDD61A6A706A21BF62F826AA81CB,2016,FORD,FOCUS,PASSENGER CAR,FWD,GASOLINE/E85,40468,2016-04-20,12.4
392C064D8C145A952EC02DDF2C94E6FB,2016,FORD,FOCUS,PASSENGER CAR,FWD,GASOLINE/E85,71241,2016-04-20,12.4
EE234ACE77968F9116508299F77E3168,2016,FORD,FOCUS,PASSENGER CAR,FWD,GASOLINE/E85,42574,2016-05-12,12.4
90EC10764764945EACCF7CEA582213EC,2016,FORD,FOCUS,PASSENGER CAR,FWD,GASOLINE/E85,43818,2016-04-20,12.4
073FA16351549A4B18F928D100A39038,2016,FORD,FOCUS,PASSENGER CAR,FWD,GASOLINE/E85,37722,2016-04-20,12.4
62C69FC0E75F11FBFFE76E18E50007AC,2016,FORD,FOCUS,PASSENGER CAR,FWD,GASOLINE/E85,72443,2016-05-02,12.4
8C19A9DB9B6CC67A76B3849C90F478C9,2016,FORD,FOCUS,PASSENGER CAR,FWD,GASOLINE/E85,93828,2016-05-02,12.4
F3AE70A905D7E9AED2287D5F061B66C4,2016,FORD,FOCUS,PASSENGER CAR,FWD,GASOLINE/E85,88554,2016-05-02,12.4
B5BF78F2C5D97E7556CDFD8777A92009,2016,FORD,FOCUS,PASSENGER CAR,FWD,GASOLINE/E85,444444,2016-04-27,12.4
A7EF0369711178A47D0EA0F3BA2C2013,2016,FORD,FOCUS,PASSENGER CAR,FWD,GASOLINE/E85,32403,2016-04-27,12.4
76217DD96940CA4E6A7D9ED63BC0643F,2016,FORD,FOCUS,PASSENGER CAR,FWD,GASOLINE/E85,72707,2016-06-28,12.4
351FBAB0770421B588B0446699FFE1BF,2016,FORD,FOCUS,PASSENGER CAR,FWD,GASOLINE/E85,56580,2016-04-21,12.4
1D9B01C9AE468A226D7565A9D896DC56,2016,FORD,FOCUS,PASSENGER CAR,FWD,GASOLINE/E85,71419,2016-04-27,12.4
1003498C9B0AB3F67AFB565959723985,2016,FORD,FOCUS,PASSENGER CAR,FWD,GASOLINE/E85,72807,2016-04-14,12.4
3FBE17851AEA208C23F520C9A9DDC2F9,2016,FORD,FOCUS,PASSENGER CAR,FWD,GASOLINE/E85,42962,2016-04-28,12.4
86372EA7E8FEB80222F83340BE4D7293,2016,FORD,FOCUS,PASSENGER CAR,FWD,GASOLINE/E85,102699,2016-03-21,12.4
FA9D42C034FDF9A47C1AE885F5FA1AA0,2016,FORD,FOCUS,PASSENGER CAR,FWD,GASOLINE/E85,75023,2016-04-19,12.4
A0C7FB7FA1D200D95D2E97BA3854C1F2,2016,FORD,FOCUS,PASSENGER CAR,FWD,GASOLINE/E85,81396,2016-04-29,12.4
D85D940CCDD691FC684C2812C49B30D5,2016,FORD,FOCUS,PASSENGER CAR,FWD,GASOLINE/E85,91411,2016-04-29,12.4
3DBAC67A9AC3BDDD8C845F4B674610B7,2016,FORD,FOCUS,PASSENGER CAR,FWD,GASOLINE/E85,85342,2016-04-29,12.4
7AA95B066F656315E542616295D2D9BA,2016,FORD,FOCUS,PASSENGER CAR,FWD,GASOLINE/E85,52338,2016-04-08,12.4
8DFA5F3BC79EAEFC179AEDD987DB0B81,2016,FORD,FOCUS,PASSENGER CAR,FWD,GASOLINE/E85,70000,2016-04-28,12.4
193E768BFB406F6FE519E335D3CD95C0,2016,FORD,FOCUS,PASSENGER CAR,FWD,GASOLINE/E85,79427,2016-04-28,12.4
0BFA24C5BE7E79A27A025620830B8057,2016,FORD,FOCUS,PASSENGER CAR,FWD,GASOLINE/E85,84313,2016-04-28,12.4
92A8D4C3BB48DCF670F5AD5390E24245,2016,FORD,FOCUS,PASSENGER CAR,FWD,GASOLINE/E85,70058,2016-04-28,12.4
3FFCDCB1238DBB7037AE876BF06FA397,2016,FORD,FOCUS,PASSENGER CAR,FWD,GASOLINE/E85,80270,2016-04-28,12.4
68C6D54A2BE37AF095EF2C20B9995583,2016,FORD,FOCUS,PASSENGER CAR,FWD,GASOLINE/E85,81958,2016-04-29,12.4
485DCEDB999F6CE454F3EE5FFCD1EBEC,2016,FORD,FOCUS,PASSENGER CAR,FWD,GASOLINE/E85,44639,2016-04-29,12.4
793BD42E81CC4344AAE1D70DBEB5102A,2016,FORD,FOCUS,PASSENGER CAR,FWD,GASOLINE/E85,88166,2016-04-29,12.4
52A5D87A1A48B7D92372EC4CD1A8B433,2016,FORD,FOCUS,PASSENGER CAR,FWD,GASOLINE/E85,47373,2016-04-29,12.4
48018232987C9B33E2C37DC9CB2A82CB,2016,FORD,FOCUS,PASSENGER CAR,FWD,GASOLINE/E85,66386,2016-04-22,12.4
ACBC8A269972FF5BDF044377013757E3,2016,FORD,FOCUS,PASSENGER CAR,FWD,GASOLINE/E85,62976,2016-05-13,12.4
15F29B8C533D3FFDAE6C8242C5F082D0,2016,FORD,FOCUS,PASSENGER CAR,FWD,GASOLINE/E85,37000,2016-05-13,12.4
CDC5229D72D343E521779F19251E9416,2016,FORD,FOCUS,PASSENGER CAR,FWD,GASOLINE/E85,41686,2016-05-13,12.4
021C24A7107DCCF6005777BE31ADC4F9,2016,FORD,FOCUS,PASSENGER CAR,FWD,GASOLINE/E85,64543,2016-04-29,12.4
0E7A9EE793BDCA9E8573A87B6288ADF1,2016,FORD,FOCUS,PASSENGER CAR,FWD,GASOLINE/E85,79686,2016-04-29,12.4
730087A99CB9D8996643D7CAF857BC9C,2016,FORD,FOCUS,PASSENGER CAR,FWD,GASOLINE/E85,76487,2016-04-26,12.4
7FE30976D20584069A1D47CF52F2118A,2016,FORD,FOCUS,PASSENGER CAR,FWD,GASOLINE/E85,42259,2016-04-28,12.4
2636407FEA3A725C9207E888FBC27E58,2016,FORD,FOCUS,PASSENGER CAR,FWD,GASOLINE/E85,53485,2016-04-26,12.4
F6F6096B00783FA35A888BED8D2F5F78,2016,FORD,FOCUS,PASSENGER CAR,FWD,GASOLINE/E85,48020,2016-05-02,12.4
ED833BCB453B46F10A1109610F4658AE,2016,FORD,FOCUS,PASSENGER CAR,FWD,GASOLINE/E85,110922,2016-05-31,12.4
127D1F9E327F282521FA9EF1556C5294,2016,FORD,FOCUS,PASSENGER CAR,FWD,GASOLINE/E85,33223,2016-05-24,12.4
F560AA56CD79BB54EB50329A9D30909C,2016,FORD,FOCUS,PASSENGER CAR,FWD,GASOLINE/E85,37061,2016-05-24,12.4
A9685F5E1BEEC4732C22245B4B0BB085,2016,FORD,FOCUS,PASSENGER CAR,FWD,GASOLINE/E85,68586,2016-05-12,12.4
C24646E6E35CDFA7D9F0ACDB0D616BFD,2016,FORD,FOCUS,PASSENGER CAR,FWD,GASOLINE/E85,74857,2016-05-12,12.4
7101E1C56109DE5263C7353692BC66F2,2016,FORD,FOCUS,PASSENGER CAR,FWD,GASOLINE/E85,94407,2016-05-12,12.4
A2A8DE85931D11A3EDB316CEE5B6BE29,2016,FORD,FOCUS,PASSENGER CAR,FWD,GASOLINE/E85,108235,2016-04-28,12.4
56A740443A2F839ECB6CC836EB179642,2016,FORD,FOCUS,PASSENGER CAR,FWD,GASOLINE/E85,46219,2016-04-28,12.4
BCD9A3952FFAAA5128A1880AEEC231BF,2016,FORD,FOCUS,PASSENGER CAR,FWD,GASOLINE/E85,29065,2016-06-22,12.4
8184A94752DCA6D5173B5CAEF1309632,2016,FORD,FOCUS,PASSENGER CAR,FWD,GASOLINE/E85,78172,2016-06-22,12.4
581B4F6B48D861E1591D74D34CCDC5B4,2016,FORD,FOCUS,PASSENGER CAR,FWD,GASOLINE/E85,54343,2016-06-22,12.4
2D285158E3122D6BB207FAB13FFD3F72,2016,FORD,FOCUS,PASSENGER CAR,FWD,GASOLINE/E85,76068,2016-04-22,12.4
BF1C85CC450FD7248D086C1E7E686FB0,2016,FORD,FOCUS,PASSENGER CAR,FWD,GASOLINE/E85,90954,2016-04-22,12.4
FD01599944E1A8F739A295C4D5183705,2016,FORD,FOCUS,PASSENGER CAR,FWD,GASOLINE/E85,61328,2016-05-10,12.4
C1057E60450D228658FDEA77320B4135,2016,FORD,FOCUS,PASSENGER CAR,FWD,GASOLINE/E85,49361,2016-05-04,12.4
2BBC35ED991F4D5E63DAD0323071A09F,2016,FORD,FOCUS,PASSENGER CAR,FWD,GASOLINE/E85,51780,2016-06-27,12.4
0E69164FE4D4F68BFAC2D1CDC7B930C5,2016,FORD,FOCUS,PASSENGER CAR,FWD,GASOLINE/E85,106021,2016-06-09,12.4
8F2E1F587F5618C854623A7B76A39FC0,2016,FORD,FOCUS,PASSENGER CAR,FWD,GASOLINE/E85,30651,2016-06-09,12.4
7B62FC90FC742E1B7CF68AE468FF9374,2016,FORD,FOCUS,PASSENGER CAR,FWD,GASOLINE/E85,49928,2016-06-09,12.4
EE6DE5AAED25B54D2FB00903CB4EEEEE,2016,FORD,FOCUS,PASSENGER CAR,FWD,GASOLINE/E85,58224,2016-06-09,12.4
DC6EB331E1976C12B546DC0B6FBC6846,2016,FORD,FOCUS,PASSENGER CAR,FWD,GASOLINE/E85,38100,2016-06-09,12.4
65563E63E43756E0B0C8B7843FE0A29D,2016,FORD,FOCUS,PASSENGER CAR,FWD,GASOLINE/E85,77082,2016-05-25,12.4
E9D2804E4081A3FCC3BE30FC9B5245D4,2016,FORD,FOCUS,PASSENGER CAR,FWD,GASOLINE/E85,65587,2016-05-25,12.4
89A34FBA6D2D63CD03A5E7E0F91C7292,2016,FORD,FOCUS,PASSENGER CAR,FWD,GASOLINE/E85,81423,2016-07-01,12.4
0C799B99D48385CB5F9D8893DA8D08D0,2016,FORD,FOCUS,PASSENGER CAR,FWD,GASOLINE/E85,65924,2016-07-01,12.4
25FC7278C445E20867B55A5EF087C402,2016,FORD,FOCUS,PASSENGER CAR,FWD,GASOLINE/E85,43659,2016-07-01,12.4
830ADC7BE33E2D3B4346B78219018055,2016,FORD,FOCUS,PASSENGER CAR,FWD,GASOLINE/E85,53220,2016-06-09,12.4
B4949CAA42DB57BAC476ACF3C11EA483,2016,FORD,FOCUS,PASSENGER CAR,FWD,GASOLINE/E85,45425,2016-06-09,12.4
5A5EF81C62779DA7C5C786004E2DADE7,2016,FORD,FOCUS,PASSENGER CAR,FWD,GASOLINE/E85,53600,2016-06-09,12.4
D93F2900CAAC31ABCC526A77B66473FC,2016,FORD,FOCUS,PASSENGER CAR,FWD,GASOLINE/E85,71902,2016-05-31,12.4
2169FC43C2A2F06C5C8E8273CFA0AA60,2016,FORD,FOCUS,PASSENGER CAR,FWD,GASOLINE/E85,91466,2016-05-11,12.4
E6BC60CBA1D06A68B410D309A0525F73,2016,FORD,FOCUS,PASSENGER CAR,FWD,GASOLINE/E85,81180,2016-05-11,12.4
985198854EC68CB0BB4F9AA87E10452D,2016,FORD,FOCUS,PASSENGER CAR,FWD,GASOLINE/E85,77978,2016-05-11,12.4
A83A8CD102AF1FE6497AB9255C850F3A,2016,FORD,FOCUS,PASSENGER CAR,FWD,GASOLINE/E85,132143,2016-05-11,12.4
E113693464BD1A84CA8220E06D09B178,2016,FORD,FOCUS,PASSENGER CAR,FWD,GASOLINE/E85,100007,2016-05-11,12.4
49734C7DBC02ED155001C933B15BCA1A,2016,FORD,FOCUS,PASSENGER CAR,FWD,GASOLINE/E85,78107,2016-04-29,12.4
03E0EAEBC3EFA30DE5741B5483BB32DE,2016,FORD,FOCUS,PASSENGER CAR,FWD,GASOLINE/E85,52247,2016-04-25,12.4
484DC5912A3635B492FA26F8FFB663AC,2016,FORD,FOCUS,PASSENGER CAR,FWD,GASOLINE/E85,93750,2016-05-20,12.4
E78E66D382FA065A117C9686287A88B3,2016,FORD,FOCUS,PASSENGER CAR,FWD,GASOLINE/E85,71756,2016-04-29,12.4
AF81AFFA7B856D0F50AA29F6D3DCE551,2016,FORD,FOCUS,PASSENGER CAR,FWD,GASOLINE/E85,61218,2016-05-19,12.4
5217DC7076884562F1E3C1BFAE1407BE,2016,FORD,FOCUS,PASSENGER CAR,FWD,GASOLINE/E85,60820,2016-04-28,12.4
2173570BFE28ECDE672D71457FF9664E,2016,FORD,FOCUS,PASSENGER CAR,FWD,GASOLINE/E85,105799,2016-04-28,12.4
A31737C22464F633E030765C2AFC4E91,2016,FORD,FOCUS,PASSENGER CAR,FWD,GASOLINE/E85,96813,2016-05-13,12.4
0533AC6BADBC9118A87A6CD7A518694B,2016,FORD,FOCUS,PASSENGER CAR,FWD,GASOLINE/E85,56570,2016-05-13,12.4
D58E3F722C739985C6209FFB8C35EE3F,2016,FORD,FOCUS,PASSENGER CAR,FWD,GASOLINE/E85,69332,2016-05-13,12.4
50055C9797E6E846CEE5FA6873DFA0B2,2016,FORD,FOCUS,PASSENGER CAR,FWD,GASOLINE/E85,27112,2016-05-04,12.4
A82C2EDFDCD559F62A2BD0B4799F38F9,2016,FORD,FOCUS,PASSENGER CAR,FWD,GASOLINE/E85,66000,2016-05-13,12.4
1BB3D43994FE6FA11160D54D050073F8,2016,FORD,FOCUS,PASSENGER CAR,FWD,GASOLINE/E85,58376,2016-05-13,12.4
11A3BB4029257EB948E94A177B0F91B3,2016,FORD,FOCUS,PASSENGER CAR,FWD,GASOLINE/E85,38905,2016-05-18,12.4
8CEBFEFF427CEBF76E346399E515181B,2016,FORD,FOCUS,PASSENGER CAR,FWD,GASOLINE/E85,54472,2016-04-29,12.4
3A19E0B9F61E5EACE3D41DF1B89FBD35,2016,FORD,FOCUS,PASSENGER CAR,FWD,GASOLINE/E85,50097,2016-06-16,12.4
DAAF8236A32A17451353045EE9696738,2016,FORD,FOCUS,PASSENGER CAR,FWD,GASOLINE/E85,100112,2016-06-16,12.4
3B5F28DD0C43AC2B37BA84D134E1BD74,2016,FORD,FOCUS,PASSENGER CAR,FWD,GASOLINE/E85,78994,2016-05-20,12.4
220BFE8842F78E2AFE2C39BCBA1C7EBF,2016,FORD,FOCUS,PASSENGER CAR,FWD,GASOLINE/E85,85680,2016-04-29,12.4
1B3820AFC51106A0B2B147108765B9C0,2016,FORD,FOCUS,PASSENGER CAR,FWD,GASOLINE/E85,56900,2016-03-23,12.4
40CE8740C8E44C71EF943E2823ABE8CB,2016,FORD,FOCUS,PASSENGER CAR,FWD,GASOLINE/E85,48096,2016-03-23,12.4
53711BDD17D3845190DC33CD3D43AF90,2016,FORD,FOCUS,PASSENGER CAR,FWD,GASOLINE/E85,57273,2016-03-23,12.4
5D47356E88DC65C128A0B76AF51469B0,2016,FORD,FOCUS,PASSENGER CAR,FWD,GASOLINE/E85,41538,2016-05-25,12.4
8DEF0AD414960421097C7030635CEC04,2016,FORD,FOCUS,PASSENGER CAR,FWD,GASOLINE/E85,79495,2016-06-17,12.4
EB81E357A10F5D9FBBA6DFE04F54254B,2016,FORD,FOCUS,PASSENGER CAR,FWD,GASOLINE/E85,40182,2016-06-28,12.4
935F0CF611FDE487AF416F7B093238D2,2016,FORD,FOCUS,PASSENGER CAR,FWD,GASOLINE/E85,69588,2016-06-28,12.4
DC880062B5221EF7041C72C3DADC75BA,2016,FORD,FOCUS,PASSENGER CAR,FWD,GASOLINE/E85,54426,2016-06-28,12.4
0E75746FC309FAAA599234D4FA8FDBF5,2016,FORD,FOCUS,PASSENGER CAR,FWD,GASOLINE/E85,58245,2016-05-10,12.4
0C5C79C5DD384033EBCF6E0878A453AA,2016,FORD,FOCUS,PASSENGER CAR,FWD,GASOLINE/E85,53537,2016-05-10,12.4
9B3A53F3FED01F2F71B2F31DBD93264E,2016,FORD,FOCUS,PASSENGER CAR,FWD,GASOLINE/E85,77256,2016-04-29,12.4
D3F92C59A3E3512F2C914529E3E71A98,2016,FORD,FOCUS,PASSENGER CAR,FWD,GASOLINE/E85,92586,2016-04-29,12.4
835F5F726CC588163B95694BE5659CD2,2016,FORD,FOCUS,PASSENGER CAR,FWD,GASOLINE/E85,71524,2016-05-17,12.4
D5C48AD3BE1D934DC5D9632F79AEC173,2016,FORD,FOCUS,PASSENGER CAR,FWD,GASOLINE/E85,82295,2016-04-26,12.4
B50404092920DF1EDF9D925B779127E8,2016,FORD,FOCUS,PASSENGER CAR,FWD,GASOLINE/E85,30495,2016-04-26,12.4
2C6B4EC7A6A907DEA714FE53F8F7A8CA,2016,FORD,FOCUS,PASSENGER CAR,FWD,GASOLINE/E85,60956,2016-07-19,12.4
B93166CFA79D724B433492E89B03B9D0,2016,FORD,FOCUS,PASSENGER CAR,FWD,GASOLINE/E85,101343,2016-04-26,12.4
A0FADFD86A2897152B392FEE323D5C7D,2016,FORD,FOCUS,PASSENGER CAR,FWD,GASOLINE/E85,39799,2016-04-26,12.4
98D375335A40C6F212D2AC65B9849AFC,2016,FORD,FOCUS,PASSENGER CAR,FWD,GASOLINE/E85,49439,2016-04-26,12.4
EDB4BE0BF75F276A32211A86D524EBD6,2016,FORD,FOCUS,PASSENGER CAR,FWD,GASOLINE/E85,36665,2016-05-26,12.4
A26FAB8D9826A83E4A434DE2450F1FE2,2016,FORD,FOCUS,PASSENGER CAR,FWD,GASOLINE/E85,72073,2016-06-01,12.4
0F4B9A779CEA341A572FC00EC0675555,2016,FORD,FOCUS,PASSENGER CAR,FWD,GASOLINE/E85,71322,2016-05-13,12.4
98ACD990DAC1A54AA915ECF8073AEBBF,2016,FORD,FOCUS,PASSENGER CAR,FWD,GASOLINE/E85,77077,2016-05-11,12.4
F0C2F0171B9CD0D294DEA85718ACF3C2,2016,FORD,FOCUS,PASSENGER CAR,FWD,GASOLINE/E85,69916,2016-05-05,12.4
7D48CDD1370CF50CD9EE172422EBF008,2016,FORD,FOCUS,PASSENGER CAR,FWD,GASOLINE/E85,35504,2016-05-13,12.4
C9B2FDCD8CF4582B3CFEE771FBFE3A3D,2016,FORD,FOCUS,PASSENGER CAR,FWD,GASOLINE/E85,63491,2016-06-07,12.4
D7AC8C95093CD1ED9C65D2DABF096990,2016,FORD,FOCUS,PASSENGER CAR,FWD,GASOLINE/E85,61337,2016-06-03,12.4
1FD060115CC4A2C14A1924F9A6E5E078,2016,FORD,FOCUS,PASSENGER CAR,FWD,GASOLINE/E85,34663,2016-06-03,12.4
F5452749D159924E12A4C027940131A9,2016,FORD,FOCUS,PASSENGER CAR,FWD,GASOLINE/E85,58972,2016-05-26,12.4
69D723A9D713037B49FAF08204B4D16E,2016,FORD,FOCUS,PASSENGER CAR,FWD,GASOLINE/E85,73623,2016-05-26,12.4
9329DE40B9009DF3EED38980A574CC75,2016,FORD,FOCUS,PASSENGER CAR,FWD,GASOLINE/E85,45965,2016-06-22,12.4
D67D2D6E93E123C5127D031C52729956,2016,FORD,FOCUS,PASSENGER CAR,FWD,GASOLINE/E85,71724,2016-06-22,12.4
EA351F0F01FF6EBC8B09C0C388353964,2016,FORD,FOCUS,PASSENGER CAR,FWD,GASOLINE/E85,50542,2016-06-22,12.4
4A12E80FBF7862235DAC8FBCF225FFDF,2016,FORD,FOCUS,PASSENGER CAR,FWD,GASOLINE/E85,69854,2016-06-22,12.4
BE28EB241372BB1E7FD1D730D5F40B09,2016,FORD,FOCUS,PASSENGER CAR,FWD,GASOLINE/E85,65003,2016-06-22,12.4
70985EE3F9C2C803A8D29C36A8873756,2016,FORD,FOCUS,PASSENGER CAR,FWD,GASOLINE/E85,76698,2016-06-22,12.4
1EACC65A56B96586A592E86C821E0BD4,2016,FORD,FOCUS,PASSENGER CAR,FWD,GASOLINE/E85,38664,2016-06-22,12.4
2163B59A1DD3739C136715B23C6385B9,2016,FORD,FOCUS,PASSENGER CAR,FWD,GASOLINE/E85,67701,2016-06-22,12.4
63A5F282E30D77D85AFF4471595529B2,2016,FORD,FOCUS,PASSENGER CAR,FWD,GASOLINE/E85,65305,2016-06-17,12.4
8C8FE4337B6D7ACE6EB928D2457ED415,2016,FORD,FOCUS,PASSENGER CAR,FWD,GASOLINE/E85,72196,2016-05-11,12.4
2685AD36DC4CD5D9F1A943BE9E46F5E0,2016,FORD,FOCUS,PASSENGER CAR,FWD,GASOLINE/E85,74447,2016-05-20,12.4
79BB4A4D08A278593BF5A2F3FCF0B58F,2016,FORD,FOCUS,PASSENGER CAR,FWD,GASOLINE/E85,34095,2016-05-20,12.4
F192AF6D4F3B29EE32C19AD725EB3B4C,2016,FORD,FOCUS,PASSENGER CAR,FWD,GASOLINE/E85,41385,2016-05-16,12.4
6C7CA56EEC9CF63CD20D0A1D5787A1D0,2016,FORD,FOCUS,PASSENGER CAR,FWD,GASOLINE/E85,35874,2016-05-13,12.4
E714D40BD7F5EF07D2BFAC0359EF7763,2016,FORD,FOCUS,PASSENGER CAR,FWD,GASOLINE/E85,94025,2016-05-16,12.4
7D149CFB7C077F5C00DA1EC74581CA86,2016,FORD,FOCUS,PASSENGER CAR,FWD,GASOLINE/E85,47534,2016-03-18,12.4
201A8A45E9AE80EAAFC9CA3B5FA53892,2016,FORD,FOCUS,PASSENGER CAR,FWD,GASOLINE/E85,25666,2016-05-13,12.4
02980F31FC0E6C2019316F84F35A489D,2016,FORD,FOCUS,PASSENGER CAR,FWD,GASOLINE/E85,96720,2016-05-31,12.4
AFE309EBF933F8D9D63D1BAA7070138D,2016,FORD,FOCUS,PASSENGER CAR,FWD,GASOLINE/E85,57112,2016-04-27,12.4
2DBD7825B772EDEA8A47260D045097EE,2016,FORD,FOCUS,PASSENGER CAR,FWD,GASOLINE/E85,70750,2016-04-27,12.4
5F69F71B3F418F38A48E4432EA41AD37,2016,FORD,FOCUS,PASSENGER CAR,FWD,GASOLINE/E85,115307,2016-04-22,12.4
FF7AF9053DBB31980C949941E8D1F76C,2016,FORD,FOCUS,PASSENGER CAR,FWD,GASOLINE/E85,44679,2016-05-26,12.4
59A590062E66F3BDE14B59178866AAC6,2016,FORD,FOCUS,PASSENGER CAR,FWD,GASOLINE/E85,31389,2016-05-26,12.4
60B3ED03E722B9CEA963E63AC03F3884,2016,FORD,FOCUS,PASSENGER CAR,FWD,GASOLINE/E85,65015,2016-04-05,12.4
92AEC3DF674509786975E6F94575B104,2016,FORD,FOCUS,PASSENGER CAR,FWD,GASOLINE/E85,75212,2016-04-05,12.4
884F162C7014080C11F6BA98AFC36E42,2016,FORD,FOCUS,PASSENGER CAR,FWD,GASOLINE/E85,67446,2016-04-04,12.4
F47C860BD2CF1380BF7267A073060D12,2016,FORD,FOCUS,PASSENGER CAR,FWD,GASOLINE/E85,72774,2016-04-04,12.4
20F8373DA8A859CFD1C9674B6288F34A,2016,FORD,FOCUS,PASSENGER CAR,FWD,GASOLINE/E85,92840,2016-04-04,12.4
6B3B7ACA09655CD405A83C93497F7E24,2016,FORD,FOCUS,PASSENGER CAR,FWD,GASOLINE/E85,130031,2016-04-08,12.4
C265CEF99DD587344D6773E20D598BAA,2016,FORD,FOCUS,PASSENGER CAR,FWD,GASOLINE/E85,88597,2016-05-16,12.4
2CA59CDD2E42B31C2D9775C07266C3CA,2016,FORD,FOCUS,PASSENGER CAR,FWD,GASOLINE/E85,78787,2016-05-16,12.4
654CC07C99A233492812D419655F3DE7,2016,FORD,FOCUS,PASSENGER CAR,FWD,GASOLINE/E85,105678,2016-05-16,12.4
86A3FB2EC498EF7EF7C74DC9090BD1C2,2016,FORD,FOCUS,PASSENGER CAR,FWD,GASOLINE/E85,115483,2016-05-16,12.4
60400C4852DFA1CD01D3D3B783A7A77D,2016,FORD,FOCUS,PASSENGER CAR,FWD,GASOLINE/E85,97980,2016-05-16,12.4
636D10DB93F6B92A879865704B104374,2016,FORD,FOCUS,PASSENGER CAR,FWD,GASOLINE/E85,69852,2016-05-16,12.4
24D54671E7945DC401F91ADEE0236725,2016,FORD,FOCUS,PASSENGER CAR,FWD,GASOLINE/E85,43545,2016-04-22,12.4
FFADBFF72E394E9B64EBA89061E6228F,2016,FORD,FOCUS,PASSENGER CAR,FWD,GASOLINE/E85,47164,2016-06-08,12.4
E526D102EBC269641BCE17517551F357,2016,FORD,FOCUS,PASSENGER CAR,FWD,GASOLINE/E85,50236,2016-06-01,12.4
5B4238DC1DEFD72A7DB99634247316D4,2016,FORD,FOCUS,PASSENGER CAR,FWD,GASOLINE/E85,164172,2016-04-20,12.4
0B3BAE04950AD5BED16752C7DAB74BA5,2016,FORD,FOCUS,PASSENGER CAR,FWD,GASOLINE/E85,31382,2016-04-29,12.4
ACAC0D449360B049E79AC6A969A8FFF7,2016,FORD,FOCUS,PASSENGER CAR,FWD,GASOLINE/E85,43037,2016-04-29,12.4
918D2EEDBEB9068AFE75C93357FCBCD9,2016,FORD,FOCUS,PASSENGER CAR,FWD,GASOLINE/E85,36548,2016-04-29,12.4
2D9C8B788C5A172710BA8BD0D758D974,2016,FORD,FOCUS,PASSENGER CAR,FWD,GASOLINE/E85,50318,2016-04-29,12.4
817D40C1C064FA7DE7DE27241049F880,2016,FORD,FOCUS,PASSENGER CAR,FWD,GASOLINE/E85,58789,2016-04-28,12.4
B2E429826D8504CE089F81D6A8ED25BC,2016,FORD,FOCUS,PASSENGER CAR,FWD,GASOLINE/E85,123153,2016-04-29,12.4
E5D532BB3C6B1911B861184B474996D9,2016,FORD,FOCUS,PASSENGER CAR,FWD,GASOLINE/E85,53172,2016-04-29,12.4
3C37CA68085C194A70D3A34B00766514,2016,FORD,FOCUS,PASSENGER CAR,FWD,GASOLINE/E85,45340,2016-04-29,12.4
6B3FCFBAEBC575682EE0B90E675AEE49,2016,FORD,FOCUS,PASSENGER CAR,FWD,GASOLINE/E85,42756,2016-04-19,12.4
3397D5EA58618B20E1DD6EFF99842271,2016,FORD,FOCUS,PASSENGER CAR,FWD,GASOLINE/E85,73271,2016-04-19,12.4
E90771C30059B150B4A9D9F49E9D55C4,2016,FORD,FOCUS,PASSENGER CAR,FWD,GASOLINE/E85,42530,2016-05-10,12.4
24846F194713432672250C5032884745,2016,FORD,FOCUS,PASSENGER CAR,FWD,GASOLINE/E85,137815,2016-05-03,12.4
64C85ED2E45ECB7E73284A563632DD1B,2016,FORD,FOCUS,PASSENGER CAR,FWD,GASOLINE/E85,143152,2016-05-03,12.4
50ED8AD17E641C4A40789ADA7F17A06D,2016,FORD,FOCUS,PASSENGER CAR,FWD,GASOLINE/E85,72278,2016-04-28,12.4
74444513B6E149DCC9EBA20BF1F486CA,2016,FORD,FOCUS,PASSENGER CAR,FWD,GASOLINE/E85,52723,2016-04-28,12.4
6AE6ACF06DD18E6E4CD6251EA8BC57E3,2016,FORD,FOCUS,PASSENGER CAR,FWD,GASOLINE/E85,84751,2016-04-27,12.4
A5CC2A13DFB517B5F4BFFA25C42C3E37,2016,FORD,FOCUS,PASSENGER CAR,FWD,GASOLINE/E85,73350,2016-04-27,12.4
B0B10D8736E0414D0A9FF5D98B98EE9A,2016,FORD,FOCUS,PASSENGER CAR,FWD,GASOLINE/E85,104435,2016-04-27,12.4
1DD8E999856A568C5FC5544C46D3F503,2016,FORD,FOCUS,PASSENGER CAR,FWD,GASOLINE/E85,97067,2016-05-23,12.4
66209CD550311C040E75647E7970C16C,2016,FORD,FOCUS,PASSENGER CAR,FWD,GASOLINE/E85,87877,2016-05-23,12.4
F58A0C13FE78393494734B30693DEB98,2016,FORD,FOCUS,PASSENGER CAR,FWD,GASOLINE/E85,73624,2016-05-26,12.4
D0F5A4A6041685A315005D25175CFA0B,2016,FORD,FOCUS,PASSENGER CAR,FWD,GASOLINE/E85,60651,2016-05-23,12.4
355906251CF4A638E1D2561BC2AB74B2,2016,FORD,FOCUS,PASSENGER CAR,FWD,GASOLINE/E85,93289,2016-05-23,12.4
215DD1551E08A0F7F2FDD9DAB0B808EA,2016,FORD,FOCUS,PASSENGER CAR,FWD,GASOLINE/E85,98009,2016-05-13,12.4
69C85028B3B818BB4843B1101C546B11,2016,FORD,FOCUS,PASSENGER CAR,FWD,GASOLINE/E85,72176,2016-05-13,12.4
22BACEF1327B198C24418FEF491F463B,2016,FORD,FOCUS,PASSENGER CAR,FWD,GASOLINE/E85,64265,2016-06-08,12.4
F3289243A2B5AD89CB263CF0F9DE1A85,2016,FORD,FOCUS,PASSENGER CAR,FWD,GASOLINE/E85,85820,2016-06-08,12.4
75281CB64DF28F65E9ACA0268CF09D8E,2016,FORD,FOCUS,PASSENGER CAR,FWD,GASOLINE/E85,46356,2016-06-08,12.4
A6172970EAA15404E0F6A27B05C4464D,2016,FORD,FOCUS,PASSENGER CAR,FWD,GASOLINE/E85,68468,2016-04-20,12.4
D4F5DAFAB3E847A8F90AF02D35D44439,2016,FORD,FOCUS,PASSENGER CAR,FWD,GASOLINE/E85,108123,2016-04-22,12.4
44F1F50053F1C10234D6448EB26F1C8F,2016,FORD,FOCUS,PASSENGER CAR,FWD,GASOLINE/E85,66421,2016-06-01,12.4
C94E848C54A73E07751248FD3893CB17,2016,FORD,FOCUS,PASSENGER CAR,FWD,GASOLINE/E85,59603,2016-06-01,12.4
5E56449784F0696E081B0060A93E9040,2016,FORD,FOCUS,PASSENGER CAR,FWD,GASOLINE/E85,61892,2016-06-01,12.4
0FF1CE710861A8DF37307FFA127D4FAF,2016,FORD,FOCUS,PASSENGER CAR,FWD,GASOLINE/E85,120616,2016-05-27,12.4
7AF4AECDA6B41F4803023741A6FDB2CD,2016,FORD,FOCUS,PASSENGER CAR,FWD,GASOLINE/E85,27940,2016-06-01,12.4
F9E0101D9A9B14A7D8674FA77CD9A472,2016,FORD,FOCUS,PASSENGER CAR,FWD,GASOLINE/E85,38807,2016-08-01,12.4
BECB6C30233A170875EA2C796E6C4768,2016,FORD,FOCUS,PASSENGER CAR,FWD,GASOLINE/E85,100100,2016-05-16,12.4
F98FFDFE637846E9B56373EEB9A2BC4B,2016,FORD,FOCUS,PASSENGER CAR,FWD,GASOLINE/E85,60498,2016-05-16,12.4
09A97E93531A08D90DCD4349E5B6C1C7,2016,FORD,FOCUS,PASSENGER CAR,FWD,GASOLINE/E85,23821,2016-05-13,12.4
FA1CEF6F498149B6A670B8A30BFB1EEB,2016,FORD,FOCUS,PASSENGER CAR,FWD,GASOLINE/E85,23896,2016-05-04,12.4
B8C0A669827927206B5F551CCD29564A,2016,FORD,FOCUS,PASSENGER CAR,FWD,GASOLINE/E85,28672,2016-05-12,12.4
D5BA00EB44ED85E5AE23C9AE98CBC59C,2016,FORD,FOCUS,PASSENGER CAR,FWD,GASOLINE/E85,93263,2016-05-31,12.4
241A6523F669D89DCBD2E936C7CD324D,2016,FORD,FOCUS,PASSENGER CAR,FWD,GASOLINE/E85,75105,2016-05-31,12.4
1D87F83651158596FB84F5BBC9D30A2B,2016,FORD,FOCUS,PASSENGER CAR,FWD,GASOLINE/E85,54613,2016-05-31,12.4
95BEC47CFBAD891CFF85AF9E49FA33AF,2016,FORD,FOCUS,PASSENGER CAR,FWD,GASOLINE/E85,66098,2016-04-28,12.4
83077C66C327DCD9982746C2F620E39E,2016,FORD,FOCUS,PASSENGER CAR,FWD,GASOLINE/E85,83570,2016-04-28,12.4
6D50AC8AE98728F0A50BB654D007756B,2016,FORD,FOCUS,PASSENGER CAR,FWD,GASOLINE/E85,64942,2016-04-28,12.4
FE9DE25F32C9F492E8368BB374FBE9CD,2016,FORD,FOCUS,PASSENGER CAR,FWD,GASOLINE/E85,86655,2016-04-25,12.4
1230C734CDA9B9C5C724FCDA511C799F,2016,FORD,FOCUS,PASSENGER CAR,FWD,GASOLINE/E85,83872,2016-04-19,12.4
C9FB0684BFDFA3F9ACBD1687869867B3,2016,FORD,FOCUS,PASSENGER CAR,FWD,GASOLINE/E85,64999,2016-04-19,12.4
BA84CE6EA21FD3C33B05361997AB5361,2016,FORD,FOCUS,PASSENGER CAR,FWD,GASOLINE/E85,88457,2016-04-19,12.4
BBABF92B190D0DFC2B05CF371B86A0B3,2016,FORD,FOCUS,PASSENGER CAR,FWD,GASOLINE/E85,62982,2016-04-19,12.4
DD3257176B9025359CD1F4163AA8719D,2016,FORD,FOCUS,PASSENGER CAR,FWD,GASOLINE/E85,85812,2016-04-08,12.4
B81E56ED40EACA4350076B78D1C3C986,2016,FORD,FOCUS,PASSENGER CAR,FWD,GASOLINE/E85,26273,2016-04-18,12.4
95B3CF5A48DB848D5DE54EBB661F7ECF,2016,FORD,FOCUS,PASSENGER CAR,FWD,GASOLINE/E85,33167,2016-04-18,12.4
9ACC9D19EDC5B318DC5E45A1147D33FE,2016,FORD,FOCUS,PASSENGER CAR,FWD,GASOLINE/E85,14806,2016-04-18,12.4
635C32D6E3B7798504870F8007CCE56E,2016,FORD,FOCUS,PASSENGER CAR,FWD,GASOLINE/E85,91606,2016-04-04,12.4
50BFBE8390AAAA2AB1F570DB62158100,2016,FORD,FOCUS,PASSENGER CAR,FWD,GASOLINE/E85,66205,2016-04-04,12.4
DFFB8A4543D00AB024B50915DCCC4B31,2016,FORD,FOCUS,PASSENGER CAR,FWD,GASOLINE/E85,77144,2016-04-22,12.4
A590825B94A2066759183768DA34A30F,2016,FORD,FOCUS,PASSENGER CAR,FWD,GASOLINE/E85,40541,2016-04-20,12.4
034E3A9738D553CD66477456B9C8F96F,2016,FORD,FOCUS,PASSENGER CAR,FWD,GASOLINE/E85,56809,2016-04-20,12.4
C848C468ED47F423377F9A0A190588FD,2016,FORD,FOCUS,PASSENGER CAR,FWD,GASOLINE/E85,97005,2016-05-31,12.4
283D8807C6314B2EEBFCDA83BA11B79E,2016,FORD,FOCUS,PASSENGER CAR,FWD,GASOLINE/E85,68962,2016-04-22,12.4
80422A97A4FFB9B15653F1D5A3012287,2016,FORD,FOCUS,PASSENGER CAR,FWD,GASOLINE/E85,24300,2016-05-31,12.4
DF820B31FA0D01925F8D6EBBB115222A,2016,FORD,FOCUS,PASSENGER CAR,FWD,GASOLINE/E85,90311,2016-06-09,12.4
D7E316CE906D70D4F26FE4CFCBD35DDE,2016,FORD,FOCUS,PASSENGER CAR,FWD,GASOLINE/E85,52416,2016-06-02,12.4
2D3A12098BF9239E54F27B044460063B,2016,FORD,FOCUS,PASSENGER CAR,FWD,GASOLINE/E85,56942,2016-06-02,12.4
7EFB841EC5B25263628B270654CF2196,2016,FORD,FOCUS,PASSENGER CAR,FWD,GASOLINE/E85,38145,2016-06-02,12.4
BA31DE64A5612B0ACDC73869BA5D2292,2016,FORD,FOCUS,PASSENGER CAR,FWD,GASOLINE/E85,41422,2016-06-02,12.4
33DE68AB50E51DFA1EA8F32DBEF0C01D,2016,FORD,FOCUS,PASSENGER CAR,FWD,GASOLINE/E85,59223,2016-06-02,12.4
A53FD9A3F9BD8C4F692028A4BFF1A178,2016,FORD,FOCUS,PASSENGER CAR,FWD,GASOLINE/E85,78240,2016-06-02,12.4
D6B6CD5FA832D11ADD39359DE46EFFCF,2016,FORD,FOCUS,PASSENGER CAR,FWD,GASOLINE/E85,63212,2016-06-02,12.4
680223537797111049C557313039B9DA,2016,FORD,FOCUS,PASSENGER CAR,FWD,GASOLINE/E85,107556,2016-08-09,12.4
3C55FC51772E825F680604E10BADFC59,2016,FORD,FOCUS,PASSENGER CAR,FWD,GASOLINE/E85,110011,2016-08-09,12.4
F099DF9CEBD51DEB6688B73F33206911,2016,FORD,FOCUS,PASSENGER CAR,FWD,GASOLINE/E85,82720,2016-04-22,12.4
B0CC8C0D18D79240EB1F86A8926753DA,2016,FORD,FOCUS,PASSENGER CAR,FWD,GASOLINE/E85,52632,2016-05-15,12.4
9B5808B441CF0A70AAB0318ADACA9C14,2016,FORD,FOCUS,PASSENGER CAR,FWD,GASOLINE/E85,58309,2016-05-09,12.4
4D9FADC1B41200BC856DFA1B0950A2E7,2016,FORD,FOCUS,PASSENGER CAR,FWD,GASOLINE/E85,31067,2016-05-11,12.4
98EC8CD8EE25366496A3EA9DB00B9CCD,2016,FORD,FOCUS,PASSENGER CAR,FWD,GASOLINE/E85,44136,2016-05-11,12.4
7F392B9655C6698C623F63D92D2917AE,2016,FORD,FOCUS,PASSENGER CAR,FWD,GASOLINE/E85,45914,2016-05-11,12.4
0CC7597CFF2EC11561B359AA90CB9CE6,2016,FORD,FOCUS,PASSENGER CAR,FWD,GASOLINE/E85,56804,2016-05-11,12.4
B1D9754C55566E575D7169F00A1DA620,2016,FORD,FOCUS,PASSENGER CAR,FWD,GASOLINE/E85,87203,2016-05-11,12.4
70190ADAEE011BF2FB112A8E0ADE7E0E,2016,FORD,FOCUS,PASSENGER CAR,FWD,GASOLINE/E85,27294,2016-04-29,12.4
C76EE9E14ED418A2D1508EA95EC34294,2016,FORD,FOCUS,PASSENGER CAR,FWD,GASOLINE/E85,73674,2016-06-20,12.4
E5DC853684C3B4ABCCB6CF7D206192BD,2016,FORD,FOCUS,PASSENGER CAR,FWD,GASOLINE/E85,46896,2016-04-29,12.4
DEE11F10E247CF451F15548903FFF2F3,2016,FORD,FOCUS,PASSENGER CAR,FWD,GASOLINE/E85,76109,2016-05-31,12.4
8610D6B750074C304BEA0CAFD32AAFCA,2016,FORD,FOCUS,PASSENGER CAR,FWD,GASOLINE/E85,77287,2016-05-26,12.4
5C4A709509E55FEFDA98B9701DA6064B,2016,FORD,FOCUS,PASSENGER CAR,FWD,GASOLINE/E85,51882,2016-05-26,12.4
3106CB869420D2DB87A2743E4D87E6FC,2016,FORD,FOCUS,PASSENGER CAR,FWD,GASOLINE/E85,71811,2016-05-26,12.4
024A3D485890564E06E56FCF2702618F,2016,FORD,FOCUS,PASSENGER CAR,FWD,GASOLINE/E85,27851,2016-05-26,12.4
F3A77DFDA2395D00B6AF66BB57CD5734,2016,FORD,FOCUS,PASSENGER CAR,FWD,GASOLINE/E85,75114,2016-06-06,12.4
7246C97B2CB3A930B3E7E0D23A1B3B6B,2016,FORD,FOCUS,PASSENGER CAR,FWD,GASOLINE/E85,55627,2016-05-12,12.4
5099E10C62E7242997DB9615FFDF4BFE,2016,FORD,FOCUS,PASSENGER CAR,FWD,GASOLINE/E85,21865,2016-05-13,12.4
00242D6B2E7ABBF18F31800AED92A333,2016,FORD,FOCUS,PASSENGER CAR,FWD,GASOLINE/E85,26156,2016-05-12,12.4
2069B4464AE90854105AEFEDC0F75923,2016,FORD,FOCUS,PASSENGER CAR,FWD,GASOLINE/E85,50689,2016-05-31,12.4
7A26FFB7C6D9A755726324ECF91C066B,2016,FORD,FOCUS,PASSENGER CAR,FWD,GASOLINE/E85,60702,2016-05-31,12.4
2E90F1F8158DB140EA76DFEC87836F15,2016,FORD,FOCUS,PASSENGER CAR,FWD,GASOLINE/E85,69000,2016-05-31,12.4
4E3C319EA00C01029B653E7B8B472BE3,2016,FORD,FOCUS,PASSENGER CAR,FWD,GASOLINE/E85,54163,2016-05-09,12.4
DC3E84B06CD22CFDC55BD7A6496F859F,2016,FORD,FOCUS,PASSENGER CAR,FWD,GASOLINE/E85,45133,2016-05-13,12.4
A465353DCC7F7FCEE9BC5768245EAE25,2016,FORD,FOCUS,PASSENGER CAR,FWD,GASOLINE/E85,55273,2016-05-13,12.4
4F97A8774BBD5D660A72915F672DBA8D,2016,FORD,FOCUS,PASSENGER CAR,FWD,GASOLINE/E85,55332,2016-06-08,12.4
103ABB528FD3C35B18D5BC985451CC89,2016,FORD,FOCUS,PASSENGER CAR,FWD,GASOLINE/E85,43831,2016-07-27,12.4
EE8E50B174FC0143898F55A1DB7C1F09,2016,FORD,FOCUS,PASSENGER CAR,FWD,GASOLINE/E85,68681,2016-06-01,12.4
2792DDA3D14F63686597976ED4A0E3E7,2016,FORD,FOCUS,PASSENGER CAR,FWD,GASOLINE/E85,37175,2016-05-27,12.4
730BEE3CE2AFC36A1050C3EC1FE3B94C,2016,FORD,FOCUS,PASSENGER CAR,FWD,GASOLINE/E85,43500,2016-06-17,12.4
A93729EEE8AC7F0614393B9400E74745,2016,FORD,FOCUS,PASSENGER CAR,FWD,GASOLINE/E85,29792,2016-05-27,12.4
D76C7B187EF4E8108C64070F994041E6,2016,FORD,FOCUS,PASSENGER CAR,FWD,GASOLINE/E85,64880,2016-04-04,12.4
019DBA42526AF3F988B53EE39BD86825,2016,FORD,FOCUS,PASSENGER CAR,FWD,GASOLINE/E85,86984,2016-04-22,12.4
2BF43484D7FB02FAB13345E8F68AABC8,2016,FORD,FOCUS,PASSENGER CAR,FWD,GASOLINE/E85,73383,2016-04-22,12.4
1702415056C3BFC6FECD7D7384D161C3,2016,FORD,FOCUS,PASSENGER CAR,FWD,GASOLINE/E85,62790,2016-05-03,12.4
C070F0F80D7DC6A52FEE880D1EADE68B,2016,FORD,FOCUS,PASSENGER CAR,FWD,GASOLINE/E85,67738,2016-05-03,12.4
7D46828C072A821114A8DBF913E9FDCB,2016,FORD,FOCUS,PASSENGER CAR,FWD,GASOLINE/E85,55439,2016-04-15,12.4
8FC74FD2F78870CF7ACA2AB81C7E808C,2016,FORD,FOCUS,PASSENGER CAR,FWD,GASOLINE/E85,100932,2016-04-01,12.4
F227BB4B4C3D3D14D752AD02ADB3382A,2016,FORD,FOCUS,PASSENGER CAR,FWD,GASOLINE/E85,147948,2016-04-01,12.4
175F4F346338A47AE8ED6307C578FC7D,2016,FORD,FOCUS,PASSENGER CAR,FWD,GASOLINE/E85,83291,2016-04-01,12.4
27A2892698899AC1ADE9C4F4D3C144FC,2016,FORD,FOCUS,PASSENGER CAR,FWD,GASOLINE/E85,67665,2016-04-01,12.4
7A00CD6948DF751DB397CFAFF34D8116,2016,FORD,FOCUS,PASSENGER CAR,FWD,GASOLINE/E85,75935,2016-04-01,12.4
DF304C8C8AD0F33A72659EE208F1E45F,2016,FORD,FOCUS,PASSENGER CAR,FWD,GASOLINE/E85,47576,2016-04-25,12.4
2BD93E30A1C31FEBFCB47F7285CEF4BC,2016,FORD,FOCUS,PASSENGER CAR,FWD,GASOLINE/E85,36408,2016-04-28,12.4
0D5E7E99E5CC7521B4199F6D7B4E8717,2016,FORD,FOCUS,PASSENGER CAR,FWD,GASOLINE/E85,87441,2016-04-28,12.4
6E111EA1C498724B8BB3509D4E0D0C18,2016,FORD,FOCUS,PASSENGER CAR,FWD,GASOLINE/E85,37883,2016-04-28,12.4
E171CCAA64731CCD87600B3B28AFAF3E,2016,FORD,FOCUS,PASSENGER CAR,FWD,GASOLINE/E85,49156,2016-04-22,12.4
D4F6ACFE3BD25EB1E1781D0F31CE8478,2016,FORD,FOCUS,PASSENGER CAR,FWD,GASOLINE/E85,37736,2016-05-09,12.4
A81E1FEB3E8C56CD2F4DE41C9890CC81,2016,FORD,FOCUS,PASSENGER CAR,FWD,GASOLINE/E85,48963,2016-04-28,12.4
DA365FE0E58A6616774C787490E1E02D,2016,FORD,FOCUS,PASSENGER CAR,FWD,GASOLINE/E85,22357,2016-06-03,12.4
E6C3212D2C75619EA1A9E3DFEBA08A67,2016,FORD,FOCUS,PASSENGER CAR,FWD,GASOLINE/E85,65371,2016-04-28,12.4
37058C5DC236B45B08FBD5C53286401B,2016,FORD,FOCUS,PASSENGER CAR,FWD,GASOLINE/E85,57777,2016-05-02,12.4
7A3DCB17EA44E1F9EC9BEE71F718DA2D,2016,FORD,FOCUS,PASSENGER CAR,FWD,GASOLINE/E85,32774,2016-05-02,12.4
78AF9F70C81994CB31F791A5BEA33903,2016,FORD,FOCUS,PASSENGER CAR,FWD,GASOLINE/E85,54093,2016-05-02,12.4
8AF81011F2506E879FE239E9F36F282C,2016,FORD,FOCUS,PASSENGER CAR,FWD,GASOLINE/E85,98474,2016-05-02,12.4
BD377E7BD777F32C6208E2B3E8338691,2016,FORD,FOCUS,PASSENGER CAR,FWD,GASOLINE/E85,74283,2016-05-02,12.4
9FB93049B01697208E2974E76585246E,2016,FORD,FOCUS,PASSENGER CAR,FWD,GASOLINE/E85,69177,2016-04-29,12.4
DF129A805972FFADB346984A21FFBF8C,2016,FORD,FOCUS,PASSENGER CAR,FWD,GASOLINE/E85,56392,2016-04-29,12.4
30A04A19D3D9458EB5115B308572AE32,2016,FORD,FOCUS,PASSENGER CAR,FWD,GASOLINE/E85,52643,2016-05-17,12.4
06200544B4BBBC7C4A1FBD19D2861896,2016,FORD,FOCUS,PASSENGER CAR,FWD,GASOLINE/E85,28980,2016-05-26,12.4
7D629F6D635A8D4CF9B294D071956DE8,2016,FORD,FOCUS,PASSENGER CAR,FWD,GASOLINE/E85,73274,2016-06-02,12.4
4548A3DC2EFE4A5326D41101AD7DA2E6,2016,FORD,FOCUS,PASSENGER CAR,FWD,GASOLINE/E85,71521,2016-05-25,12.4
2C27A7DADEAFEF5C4C059E8400D5DB72,2016,FORD,FOCUS,PASSENGER CAR,FWD,GASOLINE/E85,109566,2016-04-26,12.4
290335D544E7FF3AF22E2F00D8E6AA35,2016,FORD,FOCUS,PASSENGER CAR,FWD,GASOLINE/E85,31770,2016-05-27,12.4
64268AB7AD239245A4D63194D1BFBA49,2016,FORD,FOCUS,PASSENGER CAR,FWD,GASOLINE/E85,58687,2016-05-27,12.4
79EC309B4A4F5D82B731ED4B95E72BBA,2016,FORD,FOCUS,PASSENGER CAR,FWD,GASOLINE/E85,2884,2016-05-27,12.4
A2F82F9AAF3954D1B65D79779705A220,2016,FORD,FOCUS,PASSENGER CAR,FWD,GASOLINE/E85,75525,2016-05-27,12.4
BCD2492EC7F8F9A339765D7410D79B15,2016,FORD,FOCUS,PASSENGER CAR,FWD,GASOLINE/E85,93146,2016-05-27,12.4
66D78652BD35235EFB891D8F66A94BB7,2016,FORD,FOCUS,PASSENGER CAR,FWD,GASOLINE/E85,43465,2016-05-27,12.4
317B5EBCFB5E0AE59510F31E1FDE0520,2016,FORD,FOCUS,PASSENGER CAR,FWD,GASOLINE/E85,38809,2016-05-23,12.4
1F4C13DE10E5625989B469B899EAEDA2,2016,FORD,FOCUS,PASSENGER CAR,FWD,GASOLINE/E85,30554,2016-05-31,12.4
5AE56FD777B4899304A7AEB40DD56B4A,2016,FORD,FOCUS,PASSENGER CAR,FWD,GASOLINE/E85,93200,2016-05-23,12.4
D0ACE14D92AA56BF759DDD8C31B154D5,2016,FORD,FOCUS,PASSENGER CAR,FWD,GASOLINE/E85,56303,2016-05-31,12.4
36781C2C1A0DF7711F87160347911367,2016,FORD,FOCUS,PASSENGER CAR,FWD,GASOLINE/E85,69551,2016-05-24,12.4
26E9D255848F85AD411E32B028CDAAB9,2016,FORD,FOCUS,PASSENGER CAR,FWD,GASOLINE/E85,51069,2016-05-24,12.4
1F18A5848754BCFDB3898D17EC56B778,2016,FORD,FOCUS,PASSENGER CAR,FWD,GASOLINE/E85,53077,2016-06-06,12.4
FC05BA9E63437E3DECD3F207BF42BA31,2016,FORD,FOCUS,PASSENGER CAR,FWD,GASOLINE/E85,44023,2016-05-31,12.4
F976430D808B11CE033D15A244A5B00B,2016,FORD,FOCUS,PASSENGER CAR,FWD,GASOLINE/E85,64667,2016-05-25,12.4
D64B51AEC533A22B3E9734C1854B6BCE,2016,FORD,FOCUS,PASSENGER CAR,FWD,GASOLINE/E85,70848,2016-05-27,12.4
08009FD349F5D3489FED4F541274CC6D,2016,FORD,FOCUS,PASSENGER CAR,FWD,GASOLINE/E85,57910,2016-05-27,12.4
C52A08A08AD2B19724F3E656972DAA9E,2016,FORD,FOCUS,PASSENGER CAR,FWD,GASOLINE/E85,67867,2016-05-27,12.4
3130D73665BE9AF05100FBCC62762DEA,2016,FORD,FOCUS,PASSENGER CAR,FWD,GASOLINE/E85,33734,2016-05-27,12.4
90EBD0759F745518F7794A397A5DE8A9,2016,FORD,FOCUS,PASSENGER CAR,FWD,GASOLINE/E85,85384,2016-05-25,12.4
1908DE63D22E3551C0CD571D8078A7B0,2016,FORD,FOCUS,PASSENGER CAR,FWD,GASOLINE/E85,53123,2016-05-25,12.4
732DA82C9D07853C21CABC3EF52DF839,2016,FORD,FOCUS,PASSENGER CAR,FWD,GASOLINE/E85,80140,2016-05-20,12.4
14DD654B8262D6218D7B1FBAAAD6CF76,2016,FORD,FOCUS,PASSENGER CAR,FWD,GASOLINE/E85,85316,2016-05-20,12.4
6A4FF315FF7B1852E19EC006A55D4F32,2016,FORD,FOCUS,PASSENGER CAR,FWD,GASOLINE/E85,75384,2016-05-11,12.4
B99B70CF4880F28C68E57EA25589F6C7,2016,FORD,FOCUS,PASSENGER CAR,FWD,GASOLINE/E85,18510,2016-06-29,12.4
2AAF8D10D7A558F71064555B89FB169C,2016,FORD,FOCUS,PASSENGER CAR,FWD,GASOLINE/E85,9327,2016-06-29,12.4
CBC67B2C41BF2FE85D9DA23818A67CAF,2016,FORD,FOCUS,PASSENGER CAR,FWD,GASOLINE/E85,52003,2016-05-24,12.4
001CA8BC922F3A5D1764FF0EC3A6597C,2016,FORD,FOCUS,PASSENGER CAR,FWD,GASOLINE/E85,67707,2016-04-18,12.4
9AEC07DBC081BECC7A7756FC4526105F,2016,FORD,FOCUS,PASSENGER CAR,FWD,GASOLINE/E85,66701,2016-04-18,12.4
6D0DF98EAA24D47C97EFCD907FEBAC03,2016,FORD,FOCUS,PASSENGER CAR,FWD,GASOLINE/E85,103064,2016-05-13,12.4
4057D5199E34FC54AC7B7C98FCB64DEA,2016,FORD,FOCUS,PASSENGER CAR,FWD,GASOLINE/E85,103346,2016-05-13,12.4
1528BA8E69E705F723C227772D1610DF,2016,FORD,FOCUS,PASSENGER CAR,FWD,GASOLINE/E85,47888,2016-06-02,12.4
8E3FBA8E7EE6E33E6C7CFA7E39F45B1D,2016,FORD,FOCUS,PASSENGER CAR,FWD,GASOLINE/E85,46671,2016-06-23,12.4
B9853B6D9FB60303D54E98127D08352A,2016,FORD,FOCUS,PASSENGER CAR,FWD,GASOLINE/E85,33531,2016-06-02,12.4
6CEA05C7AA68DB54B0FB298B39DD8CD5,2016,FORD,FOCUS,PASSENGER CAR,FWD,GASOLINE/E85,64459,2016-06-02,12.4
2801202E6E40A7EE37FCF069D3494331,2016,FORD,FOCUS,PASSENGER CAR,FWD,GASOLINE/E85,53359,2016-06-02,12.4
4E545B0F3D08A4D63EFFF3E5A4B99710,2016,FORD,FOCUS,PASSENGER CAR,FWD,GASOLINE/E85,38500,2016-06-02,12.4
FB0749E2429F3B8AEBB69006708D9A7D,2016,FORD,FOCUS,PASSENGER CAR,FWD,GASOLINE/E85,67732,2016-06-02,12.4
EB2BAE7464EE03BC957F4A94DD9E2186,2016,FORD,FOCUS,PASSENGER CAR,FWD,GASOLINE/E85,117172,2016-06-02,12.4
1246FEAD95AF8881982479AA016396A2,2016,FORD,FOCUS,PASSENGER CAR,FWD,GASOLINE/E85,30046,2016-06-02,12.4
F1F824B9F51F4BA043A66E244C7AB1B6,2016,FORD,FOCUS,PASSENGER CAR,FWD,GASOLINE/E85,47594,2016-06-02,12.4
A76BB82D6F9A80B531D47DFE784080D2,2016,FORD,FOCUS,PASSENGER CAR,FWD,GASOLINE/E85,65251,2016-05-24,12.4
BEBE0FCEAF71EF9151E0537D307AFB2D,2016,FORD,FOCUS,PASSENGER CAR,FWD,GASOLINE/E85,69311,2016-05-24,12.4
C2C112E102AD71E85A31D005CEDF9B3B,2016,FORD,FOCUS,PASSENGER CAR,FWD,GASOLINE/E85,39723,2016-05-24,12.4
6E901752A005D7B7FC8CC51753B3C99C,2016,FORD,FOCUS,PASSENGER CAR,FWD,GASOLINE/E85,69645,2016-05-13,12.4
CB6E88906C11FFE01D36EACF1F8F5DA3,2016,FORD,FOCUS,PASSENGER CAR,FWD,GASOLINE/E85,77348,2016-06-08,12.4
CB109360F91EF1BC9489C696492721BB,2016,FORD,FOCUS,PASSENGER CAR,FWD,GASOLINE/E85,41344,2016-05-13,12.4
546A5A9F076B8B1C945465466156540F,2016,FORD,FOCUS,PASSENGER CAR,FWD,GASOLINE/E85,51570,2016-05-13,12.4
68FEE66048A1F5A40DF665A6475E4D41,2016,FORD,FOCUS,PASSENGER CAR,FWD,GASOLINE/E85,41448,2016-05-13,12.4
36F3D5841052BFB9B7906820CB86394D,2016,FORD,FOCUS,PASSENGER CAR,FWD,GASOLINE/E85,47035,2016-05-20,12.4
213167CCAA37EBCC1B44F1BE160298CF,2016,FORD,FOCUS,PASSENGER CAR,FWD,GASOLINE/E85,51857,2016-05-20,12.4
0AFDB1A76A10D62AC0746BC5C2F97F0E,2016,FORD,FOCUS,PASSENGER CAR,FWD,GASOLINE/E85,54242,2016-05-27,12.4
6C1FBFB5F57266DEBFB9970A86BC628F,2016,FORD,FOCUS,PASSENGER CAR,FWD,GASOLINE/E85,40912,2016-05-20,12.4
E26C8BA407FDD19B95760689C28356DC,2016,FORD,FOCUS,PASSENGER CAR,FWD,GASOLINE/E85,32940,2016-05-19,12.4
7673504645B58D813822CE98448B8EB8,2016,FORD,FOCUS,PASSENGER CAR,FWD,GASOLINE/E85,62858,2016-05-11,12.4
25264629427C805F53F2A6F34E74AC03,2016,FORD,FOCUS,PASSENGER CAR,FWD,GASOLINE/E85,24008,2016-06-29,12.4
0F52885A62D44707471EE480BC0F30A2,2016,FORD,FOCUS,PASSENGER CAR,FWD,GASOLINE/E85,46943,2016-07-12,12.4
8947B1E16F9A813940B1F183BA3A82CD,2016,FORD,FOCUS,PASSENGER CAR,FWD,GASOLINE/E85,43055,2016-07-12,12.4
32E4F29BD7D78938D2ED2B670DBF85C6,2016,FORD,FOCUS,PASSENGER CAR,FWD,GASOLINE/E85,73950,2016-07-12,12.4
CA69290C15A819EBE2093B8FAC233E56,2016,FORD,FOCUS,PASSENGER CAR,FWD,GASOLINE/E85,55000,2016-07-12,12.4
F959EF4216DBA9E622B1C55D76324FF3,2016,FORD,FOCUS,PASSENGER CAR,FWD,GASOLINE/E85,68523,2016-07-12,12.4
FBB2604FAF79A36EBED1FB5A6EC03BAB,2016,FORD,FOCUS,PASSENGER CAR,FWD,GASOLINE/E85,52497,2016-05-10,12.4
ADB44C1BB060A1C2F08CB5895C8A0C41,2016,FORD,FOCUS,PASSENGER CAR,FWD,GASOLINE/E85,43141,2016-05-05,12.4
BDA3E595F2C94C8812A35F632315288A,2016,FORD,FOCUS,PASSENGER CAR,FWD,GASOLINE/E85,49020,2016-05-16,12.4
488F7E9BD016547950523B8B855D4A91,2016,FORD,FOCUS,PASSENGER CAR,FWD,GASOLINE/E85,54189,2016-05-09,12.4
E6699D0D7C41221C43679D0EC160EF5E,2016,FORD,FOCUS,PASSENGER CAR,FWD,GASOLINE/E85,117895,2016-05-12,12.4
D3B98082C23FEE8F8A120EAD21EDC3B1,2016,FORD,FOCUS,PASSENGER CAR,FWD,GASOLINE/E85,66781,2016-05-24,12.4
09C9FBBCB30E5DC3C76253FBC27C01A7,2016,FORD,FOCUS,PASSENGER CAR,FWD,GASOLINE/E85,78058,2016-05-11,12.4
BEBBC3704531F1EBEE7EACCE28E7746F,2016,FORD,FOCUS,PASSENGER CAR,FWD,GASOLINE/E85,58089,2016-04-27,12.4
8DB008367D6A9115F69AF5B0DAE9269F,2016,FORD,FOCUS,PASSENGER CAR,FWD,GASOLINE/E85,53846,2016-06-14,12.4
E2FDB7B4D4EF2351D30D7BB225512068,2016,FORD,FOCUS,PASSENGER CAR,FWD,GASOLINE/E85,50471,2016-05-04,12.4
C732C41CEDAAA8C75171B7D2D9FE466D,2016,FORD,FOCUS,PASSENGER CAR,FWD,GASOLINE/E85,58136,2016-04-15,12.4
6235CD2C9B8758A4FD5EF5C34B969B32,2016,FORD,FOCUS,PASSENGER CAR,FWD,GASOLINE/E85,52002,2016-04-14,12.4
211C10398ADDD71F8CEDBACB91E3CAA9,2016,FORD,FOCUS,PASSENGER CAR,FWD,GASOLINE/E85,59882,2016-04-14,12.4
BE85773C2993EBB12383CFFE4E69D9AA,2016,FORD,FOCUS,PASSENGER CAR,FWD,GASOLINE/E85,92173,2016-04-22,12.4
5C147CC9CD428626E83F6CF9DC05CE60,2016,FORD,FOCUS,PASSENGER CAR,FWD,GASOLINE/E85,109959,2016-04-22,12.4
FB84646FCE42CDEF0D7E0414D22EE87E,2016,FORD,FOCUS,PASSENGER CAR,FWD,GASOLINE/E85,55538,2016-04-22,12.4
CF52D90C739CA9470E7D3ADE2299753C,2016,FORD,FOCUS,PASSENGER CAR,FWD,GASOLINE/E85,95667,2016-05-31,12.4
255BEA4E060BB2F6C6790A4A27C9FF51,2016,FORD,FOCUS,PASSENGER CAR,FWD,GASOLINE/E85,104564,2016-06-10,12.4
772F67FBAFE76E55E6F47A9BC324778F,2016,FORD,FOCUS,PASSENGER CAR,FWD,GASOLINE/E85,58237,2016-05-04,12.4
D1106DB8C2AE735ABF44995AD220AF27,2016,FORD,FOCUS,PASSENGER CAR,FWD,GASOLINE/E85,68504,2016-05-10,12.4
A1B28B6FE93880960781A71D34F6DA0B,2016,FORD,FOCUS,PASSENGER CAR,FWD,GASOLINE/E85,58881,2016-05-13,12.4
7960A8E88DB4B0F0D7A3104ACF08A2BB,2016,FORD,FOCUS,PASSENGER CAR,FWD,GASOLINE/E85,73681,2016-05-10,12.4
F5AC4102170504B4EC6CC85C7072987B,2016,FORD,FOCUS,PASSENGER CAR,FWD,GASOLINE/E85,71878,2016-05-04,12.4
4A197CFD4930047F0416879E69D257AD,2016,FORD,FOCUS,PASSENGER CAR,FWD,GASOLINE/E85,28799,2016-05-10,12.4
6DB74573F0A86997759D2309D782BA1A,2016,FORD,FOCUS,PASSENGER CAR,FWD,GASOLINE/E85,44155,2016-05-04,12.4
FFFB90D0C1817474CADA834B5F27D61F,2016,FORD,FOCUS,PASSENGER CAR,FWD,GASOLINE/E85,25268,2016-05-04,12.4
632401A0A9D6D695DADB9131E67B0B83,2016,FORD,FOCUS,PASSENGER CAR,FWD,GASOLINE/E85,70261,2016-05-04,12.4
6DE49C995DAC3BAD27CB94B23BB89647,2016,FORD,FOCUS,PASSENGER CAR,FWD,GASOLINE/E85,49232,2016-05-04,12.4
E6404C425F8ACD0FE4254456CA789FDF,2016,FORD,FOCUS,PASSENGER CAR,FWD,GASOLINE/E85,62478,2016-05-27,12.4
BD6C629495349B58A26E16A97271C999,2016,FORD,FOCUS,PASSENGER CAR,FWD,GASOLINE/E85,46273,2016-05-27,12.4
47C65FAED026BA88E1DFA3BF3C6F2B59,2016,FORD,FOCUS,PASSENGER CAR,FWD,GASOLINE/E85,79428,2016-07-22,12.4
F21A9A000CFDFBA91F9D906B970BB841,2016,FORD,FOCUS,PASSENGER CAR,FWD,GASOLINE/E85,47144,2016-05-24,12.4
169F62A97D182762E1DBD559D9EA953E,2016,FORD,FOCUS,PASSENGER CAR,FWD,GASOLINE/E85,75016,2016-05-24,12.4
1E1065A3FEA3F8B39DD636E614FAE3F4,2016,FORD,FOCUS,PASSENGER CAR,FWD,GASOLINE/E85,57684,2016-05-24,12.4
F2ADD32F1BAD0F8F53A5F803EC7D35D8,2016,FORD,FOCUS,PASSENGER CAR,FWD,GASOLINE/E85,45793,2016-05-24,12.4
31C2D4F257D7217426061E35023BE57E,2016,FORD,FOCUS,PASSENGER CAR,FWD,GASOLINE/E85,127850,2016-05-23,12.4
B375C7BE1E58AFF5233CB25B368CDB45,2016,FORD,FOCUS,PASSENGER CAR,FWD,GASOLINE/E85,46361,2016-05-25,12.4
A99BAFC4C5EE90764EDF60F0326FF879,2016,FORD,FOCUS,PASSENGER CAR,FWD,GASOLINE/E85,60034,2016-05-25,12.4
8A93E6E8D2F3C7774FE59F0C5ACF50EF,2016,FORD,FOCUS,PASSENGER CAR,FWD,GASOLINE/E85,76646,2016-05-26,12.4
F12C87D640098112A4A99228294B345C,2016,FORD,FOCUS,PASSENGER CAR,FWD,GASOLINE/E85,68430,2016-04-29,12.4
013C6D41F94AA6C37DBFCEA56708E698,2016,FORD,FOCUS,PASSENGER CAR,FWD,GASOLINE/E85,70251,2016-04-20,12.4
FF446F1D1D565AB550AF6150C3EDCFBF,2016,FORD,FOCUS,PASSENGER CAR,FWD,GASOLINE/E85,65293,2016-05-02,12.4
FD9692B5267A24A5AB6899594EBD4709,2016,FORD,FOCUS,PASSENGER CAR,FWD,GASOLINE/E85,35133,2016-06-09,12.4
DFE855D7DDACB83F5E41E2A0C4E258C5,2016,FORD,FOCUS,PASSENGER CAR,FWD,GASOLINE/E85,39230,2016-06-09,12.4
EE8C7FB2A36ACA43FB36855C61A0A11D,2016,FORD,FOCUS,PASSENGER CAR,FWD,GASOLINE/E85,37120,2016-06-07,12.4
0C8E284DFB35717C9EC75600FA984BDE,2016,FORD,FOCUS,PASSENGER CAR,FWD,GASOLINE/E85,55187,2016-06-09,12.4
3D2D3ADF201DFE490C8DE37B016E845B,2016,FORD,FOCUS,PASSENGER CAR,FWD,GASOLINE/E85,74523,2016-06-09,12.4
ED1F721A9AE7ADC9D27ECD12296AD0F1,2016,FORD,FOCUS,PASSENGER CAR,FWD,GASOLINE/E85,33698,2016-07-13,12.4
B60D17AF1B7C8D3E8E6AB288D2F3B2CA,2016,FORD,FOCUS,PASSENGER CAR,FWD,GASOLINE/E85,44374,2016-06-01,12.4
D3B8FD7357EC8D2A76AE0B219FD84AF9,2016,FORD,FOCUS,PASSENGER CAR,FWD,GASOLINE/E85,75381,2016-06-01,12.4
86D7A22F9D7F9BA65787C54429DD7A91,2016,FORD,FOCUS,PASSENGER CAR,FWD,GASOLINE/E85,40781,2016-06-01,12.4
DAA15C70AA702418054BA61418314783,2016,FORD,FOCUS,PASSENGER CAR,FWD,GASOLINE/E85,48752,2016-06-01,12.4
D5C633C6D968087E0749E964B4702A72,2016,FORD,FOCUS,PASSENGER CAR,FWD,GASOLINE/E85,32760,2016-06-01,12.4
F18BFF938FC0628CE7EF8041A794D666,2016,FORD,FOCUS,PASSENGER CAR,FWD,GASOLINE/E85,44955,2016-06-01,12.4
B360B823405618C34AE4F62398D1F01E,2016,FORD,FOCUS,PASSENGER CAR,FWD,GASOLINE/E85,78330,2016-06-01,12.4
3A7164AA768831542D1A0B0BDB402301,2016,FORD,FOCUS,PASSENGER CAR,FWD,GASOLINE/E85,49304,2016-07-13,12.4
18EB98D49B2908A8930F82A87D304E90,2016,FORD,FOCUS,PASSENGER CAR,FWD,GASOLINE/E85,67955,2016-06-02,12.4
6EDFE0D8A196B83D02454ED065D4C6C6,2016,FORD,FOCUS,PASSENGER CAR,FWD,GASOLINE/E85,41231,2016-06-02,12.4
9F7C799380DE8FA4428DFA5055757E6C,2016,FORD,FOCUS,PASSENGER CAR,FWD,GASOLINE/E85,67185,2016-05-18,12.4
52AE89E7539B8AD85C9B8076918BE23D,2016,FORD,FOCUS,PASSENGER CAR,FWD,GASOLINE/E85,49211,2016-05-18,12.4
10886CE7AAE7BB2D5073713C0E8E86CE,2016,FORD,FOCUS,PASSENGER CAR,FWD,GASOLINE/E85,45845,2016-05-18,12.4
A9E71353FF79894FE7144BCC88701C3C,2016,FORD,FOCUS,PASSENGER CAR,FWD,GASOLINE/E85,40721,2016-06-21,12.4
BFFB34B89B53572667D744B5173D3514,2016,FORD,FOCUS,PASSENGER CAR,FWD,GASOLINE/E85,58128,2016-05-25,12.4
4D7877459275BDB7B0CD2C22BA28C8B9,2016,FORD,FOCUS,PASSENGER CAR,FWD,GASOLINE/E85,6942,2016-05-25,12.4
9315E1B17B1255EDEDE3EEE6FB01B3BE,2016,FORD,FOCUS,PASSENGER CAR,FWD,GASOLINE/E85,83949,2016-05-17,12.4
4687596267263EDB5E7CF4AC9392EB2A,2016,FORD,FOCUS,PASSENGER CAR,FWD,GASOLINE/E85,67813,2016-05-02,12.4
2AAE74B741C96EA18962AFC54F658727,2016,FORD,FOCUS,PASSENGER CAR,FWD,GASOLINE/E85,35054,2016-05-09,12.4
28B20E5A89EF3E4DE6E9EFA0EDA09FBD,2016,FORD,FOCUS,PASSENGER CAR,FWD,GASOLINE/E85,36187,2016-05-09,12.4
5D52CA28AC53F683256CDF04EB768D3C,2016,FORD,FOCUS,PASSENGER CAR,FWD,GASOLINE/E85,40320,2016-05-09,12.4
2E775C453A91EF6E72712EB1F46ED708,2016,FORD,FOCUS,PASSENGER CAR,FWD,GASOLINE/E85,58236,2016-05-09,12.4
A76EFE2AAD2CB2737C90E164A0A6E48E,2016,FORD,FOCUS,PASSENGER CAR,FWD,GASOLINE/E85,51230,2016-05-09,12.4
66FF63012BC49450508D5606CAB0E9C9,2016,FORD,FOCUS,PASSENGER CAR,FWD,GASOLINE/E85,59501,2016-05-16,12.4
BE1BE4D94EB99B11F014766FF4571212,2016,FORD,FOCUS,PASSENGER CAR,FWD,GASOLINE/E85,147593,2016-04-04,12.4
6DE5C469569115D992887CC5AEA915F9,2016,FORD,FOCUS,PASSENGER CAR,FWD,GASOLINE/E85,70728,2016-04-04,12.4
1CF45BF10A549A1E722688FBB178943E,2016,FORD,FOCUS,PASSENGER CAR,FWD,GASOLINE/E85,66770,2016-04-14,12.4
E02758071AEFE3D678CE8733BAFF86C3,2016,FORD,FOCUS,PASSENGER CAR,FWD,GASOLINE/E85,87160,2016-04-28,12.4
101809BFDFA1E773C35CCAFFE19E7792,2016,FORD,FOCUS,PASSENGER CAR,FWD,GASOLINE/E85,94130,2016-04-28,12.4
D47EA2E30158D7E26280598725F91EC3,2016,FORD,FOCUS,PASSENGER CAR,FWD,GASOLINE/E85,70225,2016-04-28,12.4
01E177B79731A118F708D4553CDEDCE4,2016,FORD,FOCUS,PASSENGER CAR,FWD,GASOLINE/E85,39035,2016-04-28,12.4
0A2077B2D9947CB2F1157BEFB2EB291D,2016,FORD,FOCUS,PASSENGER CAR,FWD,GASOLINE/E85,81831,2016-04-28,12.4
A89F9E3BA1DF9701AB346C1FABA44388,2016,FORD,FOCUS,PASSENGER CAR,FWD,GASOLINE/E85,82490,2016-04-28,12.4
CCC8E184B00BAC2548F648922E2A3C2D,2016,FORD,FOCUS,PASSENGER CAR,FWD,GASOLINE/E85,85461,2016-04-19,12.4
F892D7EC2D4B8FD252454D2A6BEB4326,2016,FORD,FOCUS,PASSENGER CAR,FWD,GASOLINE/E85,45665,2016-04-19,12.4
FF3F481401D657014CE0622654583C04,2016,FORD,FOCUS,PASSENGER CAR,FWD,GASOLINE/E85,59313,2016-03-28,12.4
5759C3BB832E7E6637E1A03488BE9C9D,2016,FORD,FOCUS,PASSENGER CAR,FWD,GASOLINE/E85,75081,2016-04-25,12.4
A59A650DA76E32442AE1B1DECD669650,2016,FORD,FOCUS,PASSENGER CAR,FWD,GASOLINE/E85,71416,2016-04-13,12.4
EA272ED6D806B2E29F592F63CBCD4B16,2016,FORD,FOCUS,PASSENGER CAR,FWD,GASOLINE/E85,78849,2016-04-01,12.4
348C1ECEE181CC72A92CC506A0546C7C,2016,FORD,FOCUS,PASSENGER CAR,FWD,GASOLINE/E85,133575,2016-05-06,12.4
F715652084EB7BE02C1EBDC3B29C6922,2016,FORD,FOCUS,PASSENGER CAR,FWD,GASOLINE/E85,80097,2016-05-06,12.4
087455EE60D7164200887A78BC05E843,2016,FORD,FOCUS,PASSENGER CAR,FWD,GASOLINE/E85,95337,2016-05-06,12.4
E15CB85ACDC4DF050D4AF0CF7E7285FD,2016,FORD,FOCUS,PASSENGER CAR,FWD,GASOLINE/E85,70095,2016-05-06,12.4
4626A141E21BDBAB753178CC400A27E9,2016,FORD,FOCUS,PASSENGER CAR,FWD,GASOLINE/E85,30510,2016-05-26,12.4
BB2494AA73464E7C0D769A415DDF0B9E,2016,FORD,FOCUS,PASSENGER CAR,FWD,GASOLINE/E85,25196,2016-04-22,12.4
073041779DC9CE011B4A4B16A26E5A39,2016,FORD,FOCUS,PASSENGER CAR,FWD,GASOLINE/E85,46479,2016-05-09,12.4
0FD3D13FB36FDDC43C063EBE1B6B888B,2016,FORD,FOCUS,PASSENGER CAR,FWD,GASOLINE/E85,57888,2016-05-09,12.4
6B5060B764A0E1BD4A5E792FC5E1BB16,2016,CHEVROLET,SILVERADO,PICKUP TRUCK,RWD,GASOLINE/E85,53519,2016-08-25,34
F7534F093569807150FC49301EA110E9,2016,CHEVROLET,SILVERADO,PICKUP TRUCK,RWD,GASOLINE/E85,45039,2016-07-26,34
7A1C4761D94E0DE1A54471F0EF27C5FE,2016,CHEVROLET,SILVERADO,PICKUP TRUCK,RWD,GASOLINE/E85,81524,2016-05-26,34
25430EA4E77196404B9CF0BAAA04AD79,2016,CHEVROLET,SILVERADO,PICKUP TRUCK,RWD,GASOLINE/E85,109695,2016-06-15,34
F2462EEB96F73ECA1CB28AED62203A6D,2016,CHEVROLET,SILVERADO,PICKUP TRUCK,RWD,GASOLINE/E85,76221,2016-07-07,34
4E1BDC4D48C2305CAE02DF88A56C7E07,2016,CHEVROLET,SILVERADO,PICKUP TRUCK,RWD,GASOLINE/E85,69250,2016-06-23,34
9B3003C235564D52472DA89AC7CCBFCE,2016,CHEVROLET,SILVERADO,PICKUP TRUCK,RWD,GASOLINE/E85,96180,2016-07-06,34
571C5536CB299F1135CD531ADBFE190A,2016,CHEVROLET,SILVERADO,PICKUP TRUCK,RWD,GASOLINE/E85,40170,2016-08-11,34
70AE3AAAED1F1004D1E7D2CC55ABFDB7,2016,CHEVROLET,SILVERADO,PICKUP TRUCK,RWD,GASOLINE/E85,68345,2016-05-31,34
6F78FCBA9A0A9802BA60878301BBB958,2016,CHEVROLET,SILVERADO,PICKUP TRUCK,RWD,GASOLINE/E85,46654,2016-06-10,34
3211F5C8C60360DC96016A399F96333B,2016,CHEVROLET,SILVERADO,PICKUP TRUCK,RWD,GASOLINE/E85,89501,2016-05-10,34
C555CED3C831B08FF84B22240C240E9B,2016,CHEVROLET,SILVERADO,PICKUP TRUCK,RWD,GASOLINE/E85,37337,2016-07-05,34
E238239B182F05DADB0B6EED5C2935AB,2016,CHEVROLET,SILVERADO,PICKUP TRUCK,RWD,GASOLINE/E85,84610,2016-07-20,34
7F78E93F3A2F56B78B7F40FE5CAF25A3,2016,CHEVROLET,SILVERADO,PICKUP TRUCK,RWD,GASOLINE/E85,135435,2016-06-09,34
1157B7B0CA4CCCAE3DD6B7FBDFCA7C9F,2016,CHEVROLET,SILVERADO,PICKUP TRUCK,RWD,GASOLINE/E85,79627,2016-08-03,34
78DE1140AA220277FE7A93AF17B9BB56,2016,CHEVROLET,SILVERADO,PICKUP TRUCK,RWD,GASOLINE/E85,73007,2016-07-07,34
CDBD86E63A7B79C4BE2D2E5524CECE07,2016,CHEVROLET,SILVERADO,PICKUP TRUCK,RWD,GASOLINE/E85,61072,2016-06-21,34
38EB37D47B48F112D31EFDF05BA3AF64,2016,CHEVROLET,SILVERADO,PICKUP TRUCK,RWD,GASOLINE/E85,56339,2016-06-22,34
4DD09CEFC670B74DDFC8DC353673F9E1,2016,CHEVROLET,SILVERADO,PICKUP TRUCK,RWD,GASOLINE/E85,49115,2016-06-02,34
88AEE50A66A268C6494132EDFB983DD1,2016,CHEVROLET,SILVERADO,PICKUP TRUCK,RWD,GASOLINE/E85,52579,2016-07-21,34
2F1114C3EE85D74FA02A5692271CDBBD,2016,CHEVROLET,SILVERADO,PICKUP TRUCK,RWD,GASOLINE/E85,60855,2016-06-01,34
D4C0DB1CA12FE5135B698257A6F45AA9,2016,CHEVROLET,SILVERADO,PICKUP TRUCK,RWD,GASOLINE/E85,78559,2016-06-22,34
FA43CE9A514985FB44E2580CF5815352,2016,CHEVROLET,SILVERADO,PICKUP TRUCK,RWD,GASOLINE/E85,41801,2016-06-17,34
157B6C825E23938DC5E871E65904AAFB,2016,CHEVROLET,SILVERADO,PICKUP TRUCK,RWD,GASOLINE/E85,33766,2016-09-07,34
F0E220B2CE799B9A9182E1D7871B4B59,2016,CHEVROLET,SILVERADO,PICKUP TRUCK,RWD,GASOLINE/E85,43355,2016-06-15,34
93C00A7AE3AE9A5E054EC276F2F6721F,2016,CHEVROLET,SILVERADO,PICKUP TRUCK,RWD,GASOLINE/E85,39115,2016-07-11,34
A5C4FF5BB2187285DF6DF99872A38BDB,2016,CHEVROLET,SILVERADO,PICKUP TRUCK,RWD,GASOLINE/E85,41011,2016-09-07,34
07C627C5D333F39755C17E14593DB4CA,2016,CHEVROLET,SILVERADO,PICKUP TRUCK,RWD,GASOLINE/E85,82727,2016-05-16,34
EB88F9EDAAA6DA58EA62619C79084889,2016,CHEVROLET,SILVERADO,PICKUP TRUCK,RWD,GASOLINE/E85,48234,2016-08-04,34
38DE501264ED8AD1F6E3C4771C7720A9,2016,CHEVROLET,SILVERADO,PICKUP TRUCK,RWD,GASOLINE/E85,39235,2016-05-09,34
18E425EE12B0B8914FF4A9D296E9F838,2016,CHEVROLET,SILVERADO,PICKUP TRUCK,RWD,GASOLINE/E85,100125,2016-06-03,34
4F218C2A9C2889BA21C027AD258B1708,2016,CHEVROLET,SILVERADO,PICKUP TRUCK,RWD,GASOLINE/E85,59255,2016-05-06,34
DDC44DA2223B3A987F68337536A3F94A,2016,CHEVROLET,SILVERADO,PICKUP TRUCK,RWD,GASOLINE/E85,91873,2016-04-25,34
22D800F99578DAEE55FFEF42D1D5B858,2016,CHEVROLET,SILVERADO,PICKUP TRUCK,RWD,GASOLINE/E85,44910,2016-04-25,34
55214A4FD622015AD1516EAB30DCAD17,2016,CHEVROLET,SILVERADO,PICKUP TRUCK,RWD,GASOLINE/E85,58413,2016-06-10,34
6AD52E1A4BAD750DBBDAB112017BE5CC,2016,CHEVROLET,SILVERADO,PICKUP TRUCK,RWD,GASOLINE/E85,50637,2016-06-10,34
A57BB58339A61EFCDA26A20FE8CC3B8A,2016,CHEVROLET,SILVERADO,PICKUP TRUCK,RWD,GASOLINE/E85,34534,2016-04-18,34
81F19A37A5FCD17D91983DF4E55E19B6,2016,CHEVROLET,SILVERADO,PICKUP TRUCK,RWD,GASOLINE/E85,41187,2016-05-18,34
6C1786B283E3217E77CB59FC76B3D764,2016,CHEVROLET,SILVERADO,PICKUP TRUCK,RWD,GASOLINE/E85,45106,2016-04-29,34
6ECC257CDC0354DE4E338CA0C2F2F1CB,2016,CHEVROLET,SILVERADO,PICKUP TRUCK,RWD,GASOLINE/E85,69501,2016-04-29,34
4875A597142CEAE239213A7F13E1FC03,2016,CHEVROLET,SILVERADO,PICKUP TRUCK,RWD,GASOLINE/E85,146477,2016-05-02,34
A4C2D1C56F62BB152175BE0070783BEE,2016,CHEVROLET,SILVERADO,PICKUP TRUCK,RWD,GASOLINE/E85,90516,2016-06-06,34
F07B05E26F3B0A115FBD2CF4B683AE76,2016,CHEVROLET,SILVERADO,PICKUP TRUCK,RWD,GASOLINE/E85,60788,2016-04-26,34
2C1FFD343BF996ED8B7FB96C1D99D999,2016,CHEVROLET,SILVERADO,PICKUP TRUCK,RWD,GASOLINE/E85,78427,2016-05-11,34
1BF0B843C171A634EBBE90D15AC48D68,2016,CHEVROLET,SILVERADO,PICKUP TRUCK,RWD,GASOLINE/E85,113501,2016-04-06,34
FB20033431AE7A44740A8A0F49388411,2016,CHEVROLET,SILVERADO,PICKUP TRUCK,RWD,GASOLINE/E85,105550,2016-04-12,34
87A43603890854957AC73E4CB760BAFA,2016,CHEVROLET,SILVERADO,PICKUP TRUCK,RWD,GASOLINE/E85,38900,2016-06-07,34
B84339F8226E21CEEE89B4F5A5BDBA17,2016,CHEVROLET,SILVERADO,PICKUP TRUCK,RWD,GASOLINE/E85,79743,2016-06-09,34
51B1D23C7A88BC6FB558C6C624BBAD65,2016,CHEVROLET,SILVERADO,PICKUP TRUCK,RWD,GASOLINE/E85,39357,2016-05-20,34
AD2EB93AE22F6F412BD6A1B4402B7433,2016,CHEVROLET,SILVERADO,PICKUP TRUCK,RWD,GASOLINE/E85,17910,2016-06-03,34
016127AC403F5B45D1584372B90CCB5A,2016,CHEVROLET,SILVERADO,PICKUP TRUCK,RWD,GASOLINE/E85,101829,2016-08-23,34
F55DDFCE98B4093A46C285C9B2CEC6DB,2016,CHEVROLET,SILVERADO,PICKUP TRUCK,RWD,GASOLINE/E85,77079,2016-07-26,34
9592DB0462BB7EBF5679F2BEC88C06E0,2016,CHEVROLET,SILVERADO,PICKUP TRUCK,RWD,GASOLINE/E85,36910,2016-05-12,34
EB01571965C67B4E7559390D298721AD,2016,CHEVROLET,SILVERADO,PICKUP TRUCK,RWD,GASOLINE/E85,29891,2016-05-26,34
280F8F9654A792004D3BAEC94C8421FF,2016,CHEVROLET,SILVERADO,PICKUP TRUCK,RWD,GASOLINE/E85,47122,2016-05-18,34
71F978283C9B3B8969A0AF04F0A98F56,2016,CHEVROLET,SILVERADO,PICKUP TRUCK,RWD,GASOLINE/E85,46466,2016-06-08,34
C423AD4838864E72B2FC18C0C96F5468,2016,CHEVROLET,SILVERADO,PICKUP TRUCK,RWD,GASOLINE/E85,50216,2016-05-13,34
6F0862D97F04B48DB10B42AEA57FA3D0,2016,CHEVROLET,SILVERADO,PICKUP TRUCK,RWD,GASOLINE/E85,82852,2016-06-24,34
132F1036A3C65BE449E938BEB1B7471C,2016,CHEVROLET,SILVERADO,PICKUP TRUCK,RWD,GASOLINE/E85,86536,2016-07-29,34
F819804959DD704A7F708E2E8D4660B7,2016,CHEVROLET,SILVERADO,PICKUP TRUCK,RWD,GASOLINE/E85,56387,2016-08-25,34
702D734401C5C402E2DE66A38E430134,2016,CHEVROLET,SILVERADO,PICKUP TRUCK,RWD,GASOLINE/E85,54213,2016-05-26,34
0B0163BCDC4748501F83ED6DF0AFC246,2016,CHEVROLET,SILVERADO,PICKUP TRUCK,RWD,GASOLINE/E85,33995,2016-05-17,34
258FB40CB57C75435555F2E07334C7D3,2016,CHEVROLET,SILVERADO,PICKUP TRUCK,RWD,GASOLINE/E85,72095,2016-05-06,34
E59B4452E615937CF29FD5FD84F66FA7,2016,CHEVROLET,SILVERADO,PICKUP TRUCK,RWD,GASOLINE/E85,61719,2016-05-18,34
9603DE210926EAB1E13C243C6EC71B43,2016,CHEVROLET,SILVERADO,PICKUP TRUCK,RWD,GASOLINE/E85,71923,2016-06-21,34
55BA87E0151E1146E7095EE9852DF907,2016,CHEVROLET,SILVERADO,PICKUP TRUCK,RWD,GASOLINE/E85,61754,2016-04-28,34
4E1631953172E5002146C0AB6E4A8030,2016,CHEVROLET,SILVERADO,PICKUP TRUCK,RWD,GASOLINE/E85,64670,2016-04-28,34
F3061A0AFCBECB922F05C5CFD9A7A9C6,2016,CHEVROLET,SILVERADO,PICKUP TRUCK,RWD,GASOLINE/E85,49910,2016-05-20,34
7D8C5C3F171466DC2CDE411519151189,2016,CHEVROLET,SILVERADO,PICKUP TRUCK,RWD,GASOLINE/E85,28239,2016-05-06,34
3FDA65FCB198CE3594173B3B0DBCF0EB,2016,CHEVROLET,SILVERADO,PICKUP TRUCK,RWD,GASOLINE/E85,61624,2016-05-13,34
378FA16BFAE8260500762184EBA97DBB,2016,CHEVROLET,SILVERADO,PICKUP TRUCK,RWD,GASOLINE/E85,41907,2016-05-16,34
7E4FA9698D21C8409FC765E63F0105B0,2016,CHEVROLET,SILVERADO,PICKUP TRUCK,RWD,GASOLINE/E85,50739,2016-05-16,34
8A0B2342A632FB7F6A4CF56215949D60,2016,CHEVROLET,SILVERADO,PICKUP TRUCK,RWD,GASOLINE/E85,40847,2016-05-16,34
B7B5CA3DA419F69E5EB9FD412DD04213,2016,CHEVROLET,SILVERADO,PICKUP TRUCK,RWD,GASOLINE/E85,41838,2016-04-29,34
938BA119B7E1FEED3FB99DFE5E6874AC,2016,CHEVROLET,SILVERADO,PICKUP TRUCK,RWD,GASOLINE/E85,74495,2016-05-11,34
6E882A0F4C0624DBCCEE53020C5C6413,2016,CHEVROLET,SILVERADO,PICKUP TRUCK,RWD,GASOLINE/E85,73902,2016-05-16,34
41149A3042D8DFE6D1794286F1440F3D,2016,CHEVROLET,SILVERADO,PICKUP TRUCK,RWD,GASOLINE/E85,67929,2016-04-28,34
CA46E3DD91E72FBB57622B0030AFF094,2016,CHEVROLET,SILVERADO,PICKUP TRUCK,RWD,GASOLINE/E85,41039,2016-05-16,34
1A5E825FA9056EEF75541881A5537D03,2016,CHEVROLET,SILVERADO,PICKUP TRUCK,RWD,GASOLINE/E85,107308,2016-04-28,34
1F6A254638E0FDE52045D75B885107A0,2016,CHEVROLET,SILVERADO,PICKUP TRUCK,RWD,GASOLINE/E85,160081,2016-04-28,34
DA76B82497D4AEF181CC3CAB809D9E4F,2016,CHEVROLET,SILVERADO,PICKUP TRUCK,RWD,GASOLINE/E85,46102,2016-05-25,34
0BF23A2DB232F1199381CADAAA4C3BB4,2016,CHEVROLET,SILVERADO,PICKUP TRUCK,RWD,GASOLINE/E85,107609,2016-04-25,34
477D2C36A883A38A80BBEB866AA221A4,2016,CHEVROLET,SILVERADO,PICKUP TRUCK,RWD,GASOLINE/E85,35114,2016-05-18,34
8BAA74CFE12B627C5B2CF15CB291CB60,2016,CHEVROLET,SILVERADO,PICKUP TRUCK,RWD,GASOLINE/E85,27667,2016-05-18,34
97FA063509DC5CF0C411E181795E66DE,2016,CHEVROLET,SILVERADO,PICKUP TRUCK,RWD,GASOLINE/E85,55682,2016-05-06,34
7459A87807AA303E9A329CAF15598D8D,2016,CHEVROLET,SILVERADO,PICKUP TRUCK,RWD,GASOLINE/E85,46345,2016-05-09,34
81AAF24D03E1AB2F8704BEAD70554B19,2016,CHEVROLET,SILVERADO,PICKUP TRUCK,RWD,GASOLINE/E85,59835,2016-05-19,34
AF27A3AEB98ED4F22A0B4CA6C3E16A3A,2016,FORD,F-150,PICKUP TRUCK,RWD,GASOLINE/E85,33222,2016-08-08,23
0462B6A15C3D7B92EF9760F41120C1E0,2016,FORD,F-150,PICKUP TRUCK,RWD,GASOLINE/E85,91132,2016-06-17,23
E6D527568CA8BB644CB739703E9D2B89,2016,FORD,F-150,PICKUP TRUCK,RWD,GASOLINE/E85,94316,2016-06-22,23
B889EF3E209B235BEC497037236D81EC,2016,FORD,F-150,PICKUP TRUCK,RWD,GASOLINE/E85,90016,2016-07-05,23
4816B5F2390410EA709671D2C3BE6198,2016,FORD,F-150,PICKUP TRUCK,RWD,GASOLINE/E85,48220,2016-05-31,23
921DFAE8B6C636863E3EBAE3F428A668,2016,FORD,F-150,PICKUP TRUCK,RWD,GASOLINE/E85,44785,2016-06-01,23
0744E7F6E6547B9D6033A5D054D14F26,2016,FORD,F-150,PICKUP TRUCK,RWD,GASOLINE/E85,72031,2016-06-09,23
5DE13715547313859BFDEB810575C6D2,2016,FORD,F-150,PICKUP TRUCK,RWD,GASOLINE/E85,71500,2016-06-23,23
EF67FF467713F0FC31FA5BACAFA47EFE,2016,FORD,F-150,PICKUP TRUCK,RWD,GASOLINE/E85,73520,2016-05-16,23
8459C8F05678EB8E49D12E22549F55BC,2016,FORD,F-150,PICKUP TRUCK,RWD,GASOLINE/E85,72325,2016-06-07,23
25414F42C47AE30DA2472988F417B50D,2016,FORD,F-150,PICKUP TRUCK,RWD,GASOLINE/E85,61507,2016-09-16,23
2A167D8CAD383695C934D73C9EA2A569,2016,FORD,F-150,PICKUP TRUCK,RWD,GASOLINE/E85,74177,2016-05-20,23
FE2E9AA55EA11187024BF43C946C6EA3,2016,FORD,F-150,PICKUP TRUCK,RWD,GASOLINE/E85,83698,2016-07-06,23
D95664E279940531F38C7547BF270FEB,2016,FORD,F-150,PICKUP TRUCK,RWD,GASOLINE/E85,30938,2016-09-01,23
3FBBA2C97EC5BE81E9A24A541F83C13A,2015,CHEVROLET,SILVERADO,PICKUP TRUCK,RWD,GASOLINE/E85,73242,2016-01-18,26
322D9022B2C5C196DC202F482CDA291F,2016,FORD,FOCUS,PASSENGER CAR,FWD,GASOLINE/E85,80848,2016-07-22,12.4
CA7928F72C28EC2ED2119950C1817FB7,2016,FORD,FOCUS,PASSENGER CAR,FWD,GASOLINE/E85,96618,2016-07-07,12.4
A71B16A792A6FD9585C4A6CA08FBE8CB,2016,FORD,FOCUS,PASSENGER CAR,FWD,GASOLINE/E85,76163,2016-05-10,12.4
5058611D577B58A78F9D3474F40309BD,2016,FORD,FOCUS,PASSENGER CAR,FWD,GASOLINE/E85,60524,2016-05-10,12.4
F4B45A16BFAC05AEBF366A758D70D98A,2016,FORD,FOCUS,PASSENGER CAR,FWD,GASOLINE/E85,52201,2016-05-10,12.4
A21C4A9C997A4AC02F638E0B20982149,2016,FORD,FOCUS,PASSENGER CAR,FWD,GASOLINE/E85,55452,2016-04-29,12.4
7F48EC74421123F15845D6209DD215C6,2016,FORD,FOCUS,PASSENGER CAR,FWD,GASOLINE/E85,83805,2016-06-02,12.4
ABBBD769F88673EEF56C43D03EC60798,2016,FORD,FOCUS,PASSENGER CAR,FWD,GASOLINE/E85,82386,2016-05-31,12.4
CF82986C3157585552877293B7964D82,2016,FORD,FOCUS,PASSENGER CAR,FWD,GASOLINE/E85,42259,2016-06-08,12.4
05F6A4D21F4DA9A1676368B32D7A1086,2016,FORD,FOCUS,PASSENGER CAR,FWD,GASOLINE/E85,61291,2016-06-07,12.4
F21327C57007093DCACFA222CA8BEE2B,2016,FORD,FOCUS,PASSENGER CAR,FWD,GASOLINE/E85,64395,2016-05-10,12.4
67ABB411CFD9AC4BE72EF48CA8E7B272,2016,FORD,FOCUS,PASSENGER CAR,FWD,GASOLINE/E85,108111,2016-06-08,12.4
83B2406FDD31F5667175C9CCFC5FF92C,2016,CHEVROLET,SILVERADO,PICKUP TRUCK,4WD,GASOLINE/E85,24589,2016-07-06,34
AD8BAC674DA556BB9F6C08B27245EF99,2016,FORD,FOCUS,PASSENGER CAR,FWD,GASOLINE/E85,70969,2016-05-06,12.4
5C94E3F46BDE1EA6365611885BCE8DF3,2016,FORD,FOCUS,PASSENGER CAR,FWD,GASOLINE/E85,67008,2016-03-15,12.4
12E7F053781ED63D30F601872A61F697,2016,FORD,FOCUS,PASSENGER CAR,FWD,GASOLINE/E85,69234,2016-03-25,12.4
B0F4858B2E4A3FE80D522BA0F3E01BCB,2016,FORD,FOCUS,PASSENGER CAR,FWD,GASOLINE/E85,84461,2016-03-25,12.4
68741C7993CDDB22C92188C9B311ACE2,2016,FORD,FOCUS,PASSENGER CAR,FWD,GASOLINE/E85,40245,2016-03-25,12.4
A5166F1027488567E9CF28FA7C09A194,2016,FORD,FOCUS,PASSENGER CAR,FWD,GASOLINE/E85,41986,2016-09-30,12.4
449D592CF656B10E0EFDB0802695746B,2016,FORD,FOCUS,PASSENGER CAR,FWD,GASOLINE/E85,46196,2016-04-29,12.4
CFABF10E95FF9E524A5DF00CAAAE04E3,2016,FORD,FOCUS,PASSENGER CAR,FWD,GASOLINE/E85,57115,2016-05-13,12.4
1840610D15B6B4AF58AA71913D146666,2016,FORD,FOCUS,PASSENGER CAR,FWD,GASOLINE/E85,44831,2016-04-27,12.4
BE9EAB53137391C424748884BBF2D7E7,2016,FORD,FOCUS,PASSENGER CAR,FWD,GASOLINE/E85,44051,2016-03-29,12.4
B9F4FC430F085E3F8128377FA7CE86BB,2016,FORD,FOCUS,PASSENGER CAR,FWD,GASOLINE/E85,70676,2016-05-14,12.4
9A99CA96838F0B4F5D9C612C7D873D03,2016,FORD,FOCUS,PASSENGER CAR,FWD,GASOLINE/E85,43056,2016-03-31,12.4
75869C92646E6D2BA333DD3E1798BE56,2016,FORD,FOCUS,PASSENGER CAR,FWD,GASOLINE/E85,56578,2016-05-09,12.4
F5E5A6E526C48887B0356B0EECB82440,2016,FORD,FOCUS,PASSENGER CAR,FWD,GASOLINE/E85,37764,2016-04-28,12.4
716CB927866C5E4C2C6F3F82AB6AA43E,2016,FORD,FOCUS,PASSENGER CAR,FWD,GASOLINE/E85,34726,2016-04-20,12.4
355E4A2149A393860DF51F777E7185D9,2016,FORD,FOCUS,PASSENGER CAR,FWD,GASOLINE/E85,48127,2016-05-02,12.4
9DCEDB4214853FD6630D39A6529EB6EA,2016,FORD,FOCUS,PASSENGER CAR,FWD,GASOLINE/E85,56556,2016-04-29,12.4
56CDDE3FCD9CF4A6216041F500C2E808,2016,FORD,FOCUS,PASSENGER CAR,FWD,GASOLINE/E85,37406,2016-04-28,12.4
EAE5108814D7AFB105BC1D1E8E76A51E,2016,FORD,FOCUS,PASSENGER CAR,FWD,GASOLINE/E85,48959,2016-05-05,12.4
AB957BF7462D76680B6CB99E2E1D71C2,2016,FORD,FOCUS,PASSENGER CAR,FWD,GASOLINE/E85,74285,2016-05-05,12.4
F9891242662A90EE9F3A6491F666F29D,2016,FORD,EXPLORER,MULTIPURPOSE VEHICLE (MPV),FWD,GASOLINE,74834,2016-07-28,18.6
88C440CFE91F507614191D68838108BC,2016,FORD,EXPLORER,MULTIPURPOSE VEHICLE (MPV),FWD,GASOLINE,68609,2016-06-03,18.6
617FE79ED1B064CD7368508AA85CB7AB,2016,CHEVROLET,SILVERADO,PICKUP TRUCK,RWD,GASOLINE/E85,114292,2016-02-05,26
2CF191548B1505BD8ABBED3AD56A3CEA,2016,CHEVROLET,SILVERADO,PICKUP TRUCK,RWD,GASOLINE/E85,104024,2016-03-24,26
3373DC706A092A2DDA48CAFCD06317B6,2016,FORD,F-650,TRUCK,4X2; DUAL REAR WHEELS,GASOLINE,36689,2016-06-20,0
3E1FEFBFFA4C0701D008296CB90755CD,2016,FORD,F-650,TRUCK,4X2; DUAL REAR WHEELS,GASOLINE,46652,2016-06-20,0
8AF70F70036DCC1694B71A0A391A2972,2016,FORD,F-650,TRUCK,4X2; DUAL REAR WHEELS,GASOLINE,39914,2016-06-28,0
5C79501839CC1756C60F5438ED70189F,2016,FORD,F-650,TRUCK,4X2; DUAL REAR WHEELS,GASOLINE,24501,2016-06-27,0
63B84C6203A6BB4F450BD9C3E86D19A4,2016,FORD,F-650,TRUCK,4X2; DUAL REAR WHEELS,GASOLINE,43056,2016-09-08,0
57EC433BA3904F5E59E5B3117FC28041,2016,FORD,F-650,TRUCK,4X2; DUAL REAR WHEELS,GASOLINE,19390,2016-09-08,0
5AE8DD830D7EA47DC2C0D3BCC3BAFDEE,2016,FORD,F-650,TRUCK,4X2; DUAL REAR WHEELS,GASOLINE,11795,2016-06-22,0
D37ED1442E9695AEFEA4F8B6576AF66F,2016,FORD,F-650,TRUCK,4X2; DUAL REAR WHEELS,GASOLINE,37559,2016-07-07,0
25F60D059185F3D01BF24CE1874DCD5A,2016,FORD,F-650,TRUCK,4X2; DUAL REAR WHEELS,GASOLINE,55019,2016-06-28,0
22D0FDC5E51048C92702FE2DEB7FC0CC,2016,FORD,F-650,TRUCK,4X2; DUAL REAR WHEELS,GASOLINE,45515,2016-06-27,0
957AE01F3615761DE03ED92A30971E15,2016,FORD,F-650,TRUCK,4X2; DUAL REAR WHEELS,GASOLINE,18638,2016-09-06,0
BDFBB2D7616710FA9E9EA88A018109E2,2016,FORD,F-150,PICKUP TRUCK,RWD,GASOLINE/E85,46364,2016-06-16,23
455DDDC66124EFDA221E43C8AC40DB12,2016,FORD,F-150,PICKUP TRUCK,RWD,GASOLINE/E85,104205,2016-05-27,23
66C75639CF29093E5325BD8B3AC77A9D,2016,FORD,F-150,PICKUP TRUCK,RWD,GASOLINE/E85,72008,2016-06-22,23
BD124843A49FDE6F0198FCB60EBAABB6,2016,FORD,F-150,PICKUP TRUCK,RWD,GASOLINE/E85,95869,2016-06-01,23
6B9A6FB78E7962E76A476A767017D893,2016,FORD,F-150,PICKUP TRUCK,RWD,GASOLINE/E85,74473,2016-06-01,23
8567098CF28EBB3282286122BD08CFAD,2016,FORD,F-150,PICKUP TRUCK,RWD,GASOLINE/E85,59413,2016-06-21,23
1FF855C67B37D7D7C892778A4C17D107,2016,FORD,F-150,PICKUP TRUCK,RWD,GASOLINE/E85,100064,2016-06-22,23
9EDAD5C9B29832428775CF4E9A6A2B7B,2016,FORD,F-150,PICKUP TRUCK,RWD,GASOLINE/E85,95190,2016-08-05,23
8C81C2342CAD5496FD21BDE103BDCAD3,2016,FORD,F-150,PICKUP TRUCK,RWD,GASOLINE/E85,75630,2016-07-11,23
D9B958E2EE75DA17AEAB5FDF50025DF5,2016,FORD,F-150,PICKUP TRUCK,RWD,GASOLINE/E85,66527,2016-07-15,23
66E7DE897CDFDAE09157F9D73E3EC266,2016,FORD,F-150,PICKUP TRUCK,RWD,GASOLINE/E85,79548,2016-06-29,23
BD9D3BE70152A6DAAA9C26D4E16527D8,2016,FORD,F-150,PICKUP TRUCK,RWD,GASOLINE/E85,52437,2016-09-08,23
1DB533C8452DF3EE7C1ECE4474696A8B,2016,FORD,F-150,PICKUP TRUCK,RWD,GASOLINE/E85,58305,2016-07-20,23
BFE7B91C927A6FC08706AF22E4574CB0,2016,FORD,F-150,PICKUP TRUCK,RWD,GASOLINE/E85,69065,2016-08-08,23
2A6A5717E2A9700CE06DAA56034C9F7A,2016,FORD,F-150,PICKUP TRUCK,RWD,GASOLINE/E85,55839,2016-07-15,23
20A9813B567B035C61B3A5DDBAEDAABA,2016,FORD,F-150,PICKUP TRUCK,RWD,GASOLINE/E85,76410,2016-06-29,23
410AC07C64F4FFE14C4B394DF3933489,2016,FORD,F-150,PICKUP TRUCK,RWD,GASOLINE/E85,68590,2016-07-15,23
9E96C2A664A5CDF71CDE52BDF679B656,2016,FORD,F-150,PICKUP TRUCK,RWD,GASOLINE/E85,104990,2016-06-09,23
8B051680EA8EDD3DC4266D8AA457595F,2016,FORD,F-150,PICKUP TRUCK,RWD,GASOLINE/E85,53019,2016-06-10,23
3F480B54BD0F5511FBC9071FB731D271,2016,FORD,F-150,PICKUP TRUCK,RWD,GASOLINE/E85,62454,2016-06-28,23
A957D79962640C42DD21DBC39CE8CC13,2016,FORD,F-150,PICKUP TRUCK,RWD,GASOLINE/E85,54606,2016-06-06,23
23D081552C60DD815A419BE93AC95AEE,2016,FORD,F-150,PICKUP TRUCK,RWD,GASOLINE/E85,40687,2016-06-28,23
F1F6D85344CE4BD5B991AA81F34AC202,2016,FORD,FUSION,PASSENGER CAR,FWD,GASOLINE,76916,2016-01-26,16.5
6DA1DAC6601155F3EFB29FC08DB28744,2016,FORD,F-150,PICKUP TRUCK,RWD,GASOLINE/E85,79235,2016-07-19,23
D4FA1BF603F8408B804653644CA18095,2016,FORD,ESCAPE,MULTIPURPOSE VEHICLE (MPV),FWD,GASOLINE,61600,2016-01-18,15.1
4209B626DC69E68D71485536CC8F4490,2016,CHEVROLET,SILVERADO,PICKUP TRUCK,RWD,GASOLINE/E85,66593,2016-06-09,36
448FA96A7996DCB5FEFDB6C4DF65807F,2015,FORD,F-450,PICKUP TRUCK,RWD; DUAL REAR WHEELS,GASOLINE,43389,2016-05-23,40
B02096FB09B6DE65B17F44697C10880A,2016,FORD,FUSION,PASSENGER CAR,FWD,GASOLINE,49065,2016-01-08,16.5
0BE5807CC46825B2746CD684EEF0620F,2016,FORD,FOCUS,PASSENGER CAR,FWD,GASOLINE/E85,35454,2016-01-08,12.4
EB6446EB274D132E5795EFA83C81817F,2016,FORD,FUSION,PASSENGER CAR,FWD,GASOLINE,30041,2016-03-16,16.5
4420F00128F9B6266EC37E35376929B8,2016,FORD,FOCUS,PASSENGER CAR,FWD,GASOLINE/E85,45754,2016-06-21,12.4
7F1A3AF79655FA17442390CF244EB148,2016,FORD,FOCUS,PASSENGER CAR,FWD,GASOLINE/E85,29940,2016-06-10,12.4
8A319CB3E635D1FF77B28646E806AE9E,2016,FORD,FOCUS,PASSENGER CAR,FWD,GASOLINE/E85,60516,2016-07-06,12.4
4E942BE3C605F74DB2276E26AAC14ACD,2016,FORD,FOCUS,PASSENGER CAR,FWD,GASOLINE/E85,96628,2016-06-22,12.4
865B984E93830FE0A9792D35E958675E,2016,FORD,FOCUS,PASSENGER CAR,FWD,GASOLINE/E85,34904,2016-06-21,12.4
E6F89A7ADD3949E62DAA858F3814AEDB,2016,FORD,FOCUS,PASSENGER CAR,FWD,GASOLINE/E85,64048,2016-06-09,12.4
E56124FEA02D8F46B16C43867CCB8021,2016,FORD,FOCUS,PASSENGER CAR,FWD,GASOLINE/E85,66394,2016-07-07,12.4
F1B00D4366BB3F639A9AFEBA818AD4C0,2016,FORD,FOCUS,PASSENGER CAR,FWD,GASOLINE/E85,23208,2016-06-14,12.4
2B37AB3CC74F7B119B793153BA4F353C,2016,FORD,FOCUS,PASSENGER CAR,FWD,GASOLINE/E85,65749,2016-06-15,12.4
D03771AD385E444413D971747CBDCFC2,2016,FORD,FOCUS,PASSENGER CAR,FWD,GASOLINE/E85,90100,2016-06-21,12.4
4A6AB0A92512AA9779E86A33AAA85F1B,2016,FORD,FOCUS,PASSENGER CAR,FWD,GASOLINE/E85,61579,2016-07-20,12.4
71D7B727CE3E0B22D783438C24FE9ABA,2016,FORD,FOCUS,PASSENGER CAR,FWD,GASOLINE/E85,50752,2016-07-18,12.4
51D977D120C5984D231921F33096631F,2016,CHEVROLET,SILVERADO,PICKUP TRUCK,4WD,GASOLINE/E85,99254,2016-06-30,34
202012C7B098F11AC66EC182241EA638,2015,CHEVROLET,SILVERADO,PICKUP TRUCK,RWD,GASOLINE/E85,108159,2016-01-31,26
ED15D3BE7172EF87D545DB1FA5928B00,2016,CHEVROLET,COLORADO,PICKUP TRUCK,4WD,GASOLINE/E85,18202,2016-07-11,21
CF3050A8BE09CC55577D8BEC2E63849B,2016,CHEVROLET,COLORADO,PICKUP TRUCK,4WD,GASOLINE/E85,24357,2016-07-11,21
DA779F0252D2AA723846BFE627C53AD5,2016,FORD,FUSION,PASSENGER CAR,FWD,GASOLINE,43530,2016-02-12,16.5
B13EEE5548906A01B1E4E03DDBE33553,2016,FORD,FOCUS,PASSENGER CAR,FWD,GASOLINE/E85,15813,2016-07-08,12.4
D1A8C6F7847D7412742FE65F56CFE9DE,2016,FORD,FOCUS,PASSENGER CAR,FWD,GASOLINE/E85,43773,2016-07-05,12.4
17DE83350C60CD4AA29EE61E1D5E1BEC,2016,FORD,FOCUS,PASSENGER CAR,FWD,GASOLINE/E85,27683,2016-07-08,12.4
4C0E7E95EC7967D8F5BBFE699A5D1B0B,2016,FORD,FOCUS,PASSENGER CAR,FWD,GASOLINE/E85,27923,2016-07-08,12.4
B457D645E443C6100A43669EF0B68BB9,2016,FORD,FOCUS,PASSENGER CAR,FWD,GASOLINE/E85,36774,2016-07-05,12.4
B77DC493C4E0A904E12928D64E6FA837,2016,FORD,FOCUS,PASSENGER CAR,FWD,GASOLINE/E85,33064,2016-07-07,12.4
8809A886F6F2917D1A9CC2E5C3C4AEA8,2016,FORD,FOCUS,PASSENGER CAR,FWD,GASOLINE/E85,31710,2016-07-08,12.4
123799628B1694F49F6814CCB2F74ACF,2016,FORD,FOCUS,PASSENGER CAR,FWD,GASOLINE/E85,11946,2016-07-05,12.4
79C3F01AC8858A906512D1E8E0010B5A,2016,FORD,FOCUS,PASSENGER CAR,FWD,GASOLINE/E85,16890,2016-08-16,12.4
9DA291A02E71404FC0ED5E5A47519376,2016,FORD,FOCUS,PASSENGER CAR,FWD,GASOLINE/E85,33588,2016-07-05,12.4
D5AF65558E4227EF27100039EB3A25DC,2016,FORD,FOCUS,PASSENGER CAR,FWD,GASOLINE/E85,39960,2016-07-05,12.4
5A12594DE2B942BC8F86E0600FB6E09C,2016,FORD,FOCUS,PASSENGER CAR,FWD,GASOLINE/E85,23287,2016-07-05,12.4
ADB116D60CD2B7952EFDD4ED6063FA7D,2016,FORD,FOCUS,PASSENGER CAR,FWD,GASOLINE/E85,23592,2016-07-05,12.4
07F55B9552FE21A17DDD4010367C97A3,2016,FORD,FOCUS,PASSENGER CAR,FWD,GASOLINE/E85,53363,2016-06-13,12.4
58739D594D9FF117935F9C953E1999A0,2016,FORD,FOCUS,PASSENGER CAR,FWD,GASOLINE/E85,88053,2016-06-13,12.4
3E5CB2F23DF515599FF89A47553DAB9E,2016,FORD,FOCUS,PASSENGER CAR,FWD,GASOLINE/E85,49685,2016-08-19,12.4
49C78D904FDA2803D9BA38F0092DCA4E,2016,FORD,FOCUS,PASSENGER CAR,FWD,GASOLINE/E85,49368,2016-09-20,12.4
B5A381BB2BADAA54ED3B998ED8493C78,2016,FORD,FOCUS,PASSENGER CAR,FWD,GASOLINE/E85,84102,2016-06-10,12.4
B1957DBF1FA67D5D0B15890E2D6D6548,2016,FORD,FOCUS,PASSENGER CAR,FWD,GASOLINE/E85,57921,2016-06-10,12.4
620A8FC0B559C04383C4EB4635D2199C,2016,FORD,FOCUS,PASSENGER CAR,FWD,GASOLINE/E85,49031,2016-06-28,12.4
BC22FC5386CC529169B92296FCE24BB5,2016,FORD,FOCUS,PASSENGER CAR,FWD,GASOLINE/E85,49656,2016-06-27,12.4
B6746B35DB3E3471251F237BA2143224,2016,FORD,FOCUS,PASSENGER CAR,FWD,GASOLINE/E85,66299,2016-06-27,12.4
62231DFFB813B2027D6125F7E55251B0,2016,FORD,FOCUS,PASSENGER CAR,FWD,GASOLINE/E85,66770,2016-06-28,12.4
AC1A27199FAC3F79226E8EA660FF280C,2016,FORD,FOCUS,PASSENGER CAR,FWD,GASOLINE/E85,60037,2016-06-24,12.4
A89C16F0F7E44FC573A466CD40D98827,2016,FORD,FOCUS,PASSENGER CAR,FWD,GASOLINE/E85,29958,2016-06-30,12.4
C0FFF4B8ABC23D295700AEC9E66A9DC2,2016,FORD,FOCUS,PASSENGER CAR,FWD,GASOLINE/E85,100328,2016-06-27,12.4
9390F3CD4FF6CD91A51494FDDA0285C9,2016,FORD,FOCUS,PASSENGER CAR,FWD,GASOLINE/E85,58689,2016-06-27,12.4
4A8AD06FEA95CE6F2AF6DC87DD1514AF,2016,FORD,FOCUS,PASSENGER CAR,FWD,GASOLINE/E85,55018,2016-06-28,12.4
069B34FF4F5CB271B85AC95B6D2E2518,2016,FORD,FOCUS,PASSENGER CAR,FWD,GASOLINE/E85,20152,2016-06-08,12.4
824A443E3BCE37EF04AFC0687815A9E9,2016,FORD,FOCUS,PASSENGER CAR,FWD,GASOLINE/E85,21330,2016-06-08,12.4
A786A0F338DD9ECF757BAF104B7DB095,2016,FORD,FOCUS,PASSENGER CAR,FWD,GASOLINE/E85,54603,2016-06-06,12.4
CD81C76D06066DFBC03111FA05C255D9,2016,FORD,FOCUS,PASSENGER CAR,FWD,GASOLINE/E85,47443,2016-06-08,12.4
E635C4D695A8DF48870AB99432A297B5,2016,FORD,FOCUS,PASSENGER CAR,FWD,GASOLINE/E85,39900,2016-07-29,12.4
C9D62BC69028D4A7E73E8A1A61FDC9ED,2016,FORD,FOCUS,PASSENGER CAR,FWD,GASOLINE/E85,82833,2016-06-06,12.4
E6D6D04F12995A94854F3ACAA520523B,2016,FORD,FOCUS,PASSENGER CAR,FWD,GASOLINE/E85,61497,2016-06-02,12.4
193FD83BDED4CE17C0F4DC11E0A12F2E,2016,FORD,FOCUS,PASSENGER CAR,FWD,GASOLINE/E85,57524,2016-06-02,12.4
CA78A3D57779380B5B6A1067DDCB57D8,2016,FORD,FOCUS,PASSENGER CAR,FWD,GASOLINE/E85,9645,2016-06-10,12.4
3113A084DE19141807D018A11761EEA5,2016,FORD,FOCUS,PASSENGER CAR,FWD,GASOLINE/E85,51842,2016-06-10,12.4
5C0DDAABD6A6DD3EAF8638743510124B,2016,FORD,FOCUS,PASSENGER CAR,FWD,GASOLINE/E85,96699,2016-06-08,12.4
B0265BF2A60550D4B277B55A5982852F,2016,FORD,FOCUS,PASSENGER CAR,FWD,GASOLINE/E85,40348,2016-06-08,12.4
DDCD46C51AF1411A0C2BE8EED2A26A1B,2016,FORD,FOCUS,PASSENGER CAR,FWD,GASOLINE/E85,37096,2016-09-02,12.4
CE2F4DA8AF5463D03029B04BBA6A143D,2016,FORD,FOCUS,PASSENGER CAR,FWD,GASOLINE/E85,69227,2016-06-17,12.4
CE27453A70CDD22A8D22F8B6B5FE2391,2016,FORD,FOCUS,PASSENGER CAR,FWD,GASOLINE/E85,56374,2016-06-17,12.4
7DC8CB8CD6026B5F0CAAAA73CABA0567,2016,FORD,FOCUS,PASSENGER CAR,FWD,GASOLINE/E85,94345,2016-06-20,12.4
7DE187E2034936E553FEFEFC624834C9,2016,FORD,FOCUS,PASSENGER CAR,FWD,GASOLINE/E85,52965,2016-06-20,12.4
96F9814FD96ED7326ECB9BBD5584F40E,2016,FORD,FOCUS,PASSENGER CAR,FWD,GASOLINE/E85,78645,2016-06-20,12.4
76868D74FA3CD435B1C39D92E4649DBB,2016,FORD,FOCUS,PASSENGER CAR,FWD,GASOLINE/E85,84598,2016-06-30,12.4
B74DDFFB0A02BD66B20E683207D6E47F,2016,FORD,FOCUS,PASSENGER CAR,FWD,GASOLINE/E85,41350,2016-06-30,12.4
85EF7B537AA635097D6CBC2F87754CF1,2016,FORD,FOCUS,PASSENGER CAR,FWD,GASOLINE/E85,47760,2016-06-30,12.4
6D03939467D6895D765E0253B386D49D,2016,FORD,FOCUS,PASSENGER CAR,FWD,GASOLINE/E85,60410,2016-06-13,12.4
5DC45608F5E8C327079A2DDA13CF010F,2016,FORD,FOCUS,PASSENGER CAR,FWD,GASOLINE/E85,86488,2016-06-13,12.4
B9EE7BFF2DA6887FF77178D370A67E8F,2016,FORD,FOCUS,PASSENGER CAR,FWD,GASOLINE/E85,54653,2016-06-10,12.4
9EC0CB0AAD6CB5BC3559C0E6084605AC,2016,FORD,FOCUS,PASSENGER CAR,FWD,GASOLINE/E85,97627,2016-06-10,12.4
2D3AA256BDE02C59550399A2421DAD4E,2016,FORD,FOCUS,PASSENGER CAR,FWD,GASOLINE/E85,68020,2016-06-10,12.4
B9076E787CAB18FD731D42A54AA34B33,2016,FORD,FOCUS,PASSENGER CAR,FWD,GASOLINE/E85,82483,2016-06-22,12.4
D626B472B2835D532001F9446417AEBA,2016,FORD,FOCUS,PASSENGER CAR,FWD,GASOLINE/E85,101838,2016-06-22,12.4
FF6F19F832132766767AE48D53E84936,2016,FORD,FOCUS,PASSENGER CAR,FWD,GASOLINE/E85,129823,2016-06-15,12.4
81FD5C9D168A96315D7B103F94BB3845,2016,FORD,FOCUS,PASSENGER CAR,FWD,GASOLINE/E85,53285,2016-06-10,12.4
E7DF9E4AE752732ED69F28DB0E04F417,2016,FORD,FOCUS,PASSENGER CAR,FWD,GASOLINE/E85,48586,2016-06-10,12.4
84BA2E50809362F82664FDAFFA67DA2A,2016,FORD,FOCUS,PASSENGER CAR,FWD,GASOLINE/E85,62266,2016-06-28,12.4
C2B2991FFC810F85C020A855F9A13543,2016,FORD,FOCUS,PASSENGER CAR,FWD,GASOLINE/E85,42498,2016-06-28,12.4
31D51C7E8843AE882E7E8D4167EA073A,2016,FORD,FOCUS,PASSENGER CAR,FWD,GASOLINE/E85,47511,2016-06-28,12.4
49B6E0A7432DF5212F1B0620345B9BAE,2016,FORD,FOCUS,PASSENGER CAR,FWD,GASOLINE/E85,67314,2016-06-29,12.4
E97CC0771CFA77BFEA722B3969D0EC9D,2016,FORD,FOCUS,PASSENGER CAR,FWD,GASOLINE/E85,97761,2016-06-07,12.4
CB70CEBBFC8899837CF4983D38B167EB,2016,FORD,FOCUS,PASSENGER CAR,FWD,GASOLINE/E85,125613,2016-06-08,12.4
0CA0D04DCD97284423ED65A93F74C3CB,2016,FORD,FOCUS,PASSENGER CAR,FWD,GASOLINE/E85,51333,2016-06-15,12.4
B89B04345D877489CE2F0E20C24589D3,2016,FORD,FOCUS,PASSENGER CAR,FWD,GASOLINE/E85,87515,2016-06-15,12.4
C851F887CF1FCE33B2CCAD57F36730E4,2016,FORD,FOCUS,PASSENGER CAR,FWD,GASOLINE/E85,92213,2016-07-12,12.4
F92AA519801411D4FBE3365E1283820F,2016,FORD,FOCUS,PASSENGER CAR,FWD,GASOLINE/E85,105044,2016-06-24,12.4
33869F87C32D2D90DEFEEAB5636D2F4F,2016,FORD,FOCUS,PASSENGER CAR,FWD,GASOLINE/E85,38582,2016-06-14,12.4
102C65B5C63469303CD9BA93C1CDD699,2016,FORD,FOCUS,PASSENGER CAR,FWD,GASOLINE/E85,65125,2016-06-14,12.4
AD3FBDEDFF9BB70C0DA095BCDDEB6C21,2016,FORD,FOCUS,PASSENGER CAR,FWD,GASOLINE/E85,45769,2016-07-20,12.4
61FE7E9E732D9E06ED038AAF840AD8E0,2016,FORD,FOCUS,PASSENGER CAR,FWD,GASOLINE/E85,57132,2016-07-22,12.4
235259987C4A0C6901BF6D502D2A10FE,2016,FORD,FOCUS,PASSENGER CAR,FWD,GASOLINE/E85,57038,2016-06-10,12.4
D2932F45AD2A9D595274D95750EA6B1A,2016,FORD,FOCUS,PASSENGER CAR,FWD,GASOLINE/E85,28578,2016-09-08,12.4
7D6328E691AC0E55EC134A4A74F5F8EA,2016,FORD,FOCUS,PASSENGER CAR,FWD,GASOLINE/E85,63149,2016-09-08,12.4
07EDAA7E7D89C292FB64596BD10F2B67,2016,FORD,FOCUS,PASSENGER CAR,FWD,GASOLINE/E85,47748,2016-09-08,12.4
E849C2E5171DAECE69A5B975134DE6EB,2016,FORD,FOCUS,PASSENGER CAR,FWD,GASOLINE/E85,75959,2016-09-08,12.4
90DFB696BAEB1CFF8C745D842FD81D78,2016,FORD,FOCUS,PASSENGER CAR,FWD,GASOLINE/E85,67382,2016-08-16,12.4
516865671A2B0EDE9D36BB7799A0EEB7,2016,FORD,FOCUS,PASSENGER CAR,FWD,GASOLINE/E85,50367,2016-08-16,12.4
A5351BEEBF6D828AF9F385E41D13AD5D,2016,FORD,FOCUS,PASSENGER CAR,FWD,GASOLINE/E85,52890,2016-08-29,12.4
6DC73F9D4100D7C1B73A79CE3FBBC61D,2016,FORD,FOCUS,PASSENGER CAR,FWD,GASOLINE/E85,56315,2016-08-16,12.4
3EDC8CD542FB228AABB78A7F1F6D23E5,2016,FORD,FOCUS,PASSENGER CAR,FWD,GASOLINE/E85,32982,2016-08-15,12.4
B215ED1C71A38D7A49469E0EC5EE599F,2016,FORD,FOCUS,PASSENGER CAR,FWD,GASOLINE/E85,51888,2016-08-26,12.4
F76E843C533AB7A0A891C66F59900580,2016,FORD,FOCUS,PASSENGER CAR,FWD,GASOLINE/E85,17717,2016-08-25,12.4
D67C76B658531325D56357538F9412F5,2016,FORD,FOCUS,PASSENGER CAR,FWD,GASOLINE/E85,53622,2016-09-27,12.4
E1ED34B228C7BECFBA991E78213668E8,2016,FORD,FOCUS,PASSENGER CAR,FWD,GASOLINE/E85,83230,2016-09-02,12.4
C8FB90EBCF42240ACA91F141B6491051,2016,FORD,FOCUS,PASSENGER CAR,FWD,GASOLINE/E85,45097,2016-09-07,12.4
DA0FD7604721812B906D2F4D036B6C60,2016,FORD,FOCUS,PASSENGER CAR,FWD,GASOLINE/E85,112527,2016-08-12,12.4
6A4604C787002A5E7D8305BAB6388BE6,2016,FORD,FOCUS,PASSENGER CAR,FWD,GASOLINE/E85,35209,2016-08-08,12.4
AD60A24053182C027F18003FBF1FE412,2016,FORD,FOCUS,PASSENGER CAR,FWD,GASOLINE/E85,37083,2016-08-15,12.4
E4BD152CFB9FB7F0872BD88CE3539BDE,2016,FORD,FOCUS,PASSENGER CAR,FWD,GASOLINE/E85,32883,2016-10-11,12.4
C81431DFD4D138CF21AB8A2C467B7784,2016,FORD,FOCUS,PASSENGER CAR,FWD,GASOLINE/E85,23458,2016-10-11,12.4
FA4693320B3DEF30734F454803B6AF96,2016,FORD,FOCUS,PASSENGER CAR,FWD,GASOLINE/E85,16427,2016-08-09,12.4
9995E09662550D38773FBA316342FC46,2016,FORD,FOCUS,PASSENGER CAR,FWD,GASOLINE/E85,27806,2016-09-08,12.4
38675EC4A456276293389C4D3F34FB98,2016,FORD,FOCUS,PASSENGER CAR,FWD,GASOLINE/E85,83467,2016-08-09,12.4
CB5F6EB805DA8BDBD9CA0D0807667A48,2016,FORD,FOCUS,PASSENGER CAR,FWD,GASOLINE/E85,47911,2016-09-23,12.4
7724ECEA3F593A7C615815A085753E7A,2016,FORD,FOCUS,PASSENGER CAR,FWD,GASOLINE/E85,49756,2016-09-06,12.4
56D3AF899BF3B5D1CEA6424A2E148F12,2016,FORD,FOCUS,PASSENGER CAR,FWD,GASOLINE/E85,60225,2016-09-14,12.4
B43B0435F8C364199F9DC6A0E944B879,2016,FORD,FOCUS,PASSENGER CAR,FWD,GASOLINE/E85,77129,2016-08-03,12.4
9D115237F602A9F477565D403DEF5250,2016,FORD,FOCUS,PASSENGER CAR,FWD,GASOLINE/E85,49819,2016-08-22,12.4
97759972B2011CC5B70A6B120EC0BCD6,2016,FORD,FOCUS,PASSENGER CAR,FWD,GASOLINE/E85,49507,2016-08-22,12.4
8E4DBAD5ACC28D146DDE8A03234E2EE4,2016,FORD,FOCUS,PASSENGER CAR,FWD,GASOLINE/E85,41282,2016-08-08,12.4
89BA17A343E0BC6D9D72A763520E93F4,2016,FORD,FOCUS,PASSENGER CAR,FWD,GASOLINE/E85,31848,2016-08-22,12.4
8FF967984B1F6719F61B42D084DC8D7D,2016,FORD,FOCUS,PASSENGER CAR,FWD,GASOLINE/E85,19757,2016-09-27,12.4
2CFDD19B8BF1C4447B6B1B6CE4E876BB,2016,FORD,FOCUS,PASSENGER CAR,FWD,GASOLINE/E85,87235,2016-09-27,12.4
7E29D13536D973A0A97DED622A8ABBE6,2016,FORD,FOCUS,PASSENGER CAR,FWD,GASOLINE/E85,27413,2016-09-27,12.4
C52BBAB8D97B90E99082D0A7DC0A3223,2016,FORD,FOCUS,PASSENGER CAR,FWD,GASOLINE/E85,72019,2016-09-27,12.4
06C895F015CA05D6F0CAC877847308A4,2016,FORD,FOCUS,PASSENGER CAR,FWD,GASOLINE/E85,75006,2016-08-31,12.4
8563CB2902F60303FABAB1FD24AC32F4,2016,FORD,FOCUS,PASSENGER CAR,FWD,GASOLINE/E85,60159,2016-08-31,12.4
3A5637502B4A5A26F2DA42C34754F02F,2016,FORD,FOCUS,PASSENGER CAR,FWD,GASOLINE/E85,38713,2016-08-31,12.4
C2373674306A8D485FD00E7E7CEB8FC7,2016,FORD,FOCUS,PASSENGER CAR,FWD,GASOLINE/E85,102081,2016-08-31,12.4
E5381A82371AD43366BA35EE1DD1D107,2016,FORD,FOCUS,PASSENGER CAR,FWD,GASOLINE/E85,51803,2016-09-07,12.4
FD73696C63396E35B98CAFB9670027CF,2016,FORD,FOCUS,PASSENGER CAR,FWD,GASOLINE/E85,57203,2016-08-25,12.4
7B43F90CE25B4BA73188BD99B6ED27D5,2016,FORD,FOCUS,PASSENGER CAR,FWD,GASOLINE/E85,55162,2016-11-10,12.4
8E016F8D147828524B79C9C0DC4C9177,2016,FORD,FOCUS,PASSENGER CAR,FWD,GASOLINE/E85,71723,2016-09-07,12.4
D56CBE751E06D74C210B7BFC081908BC,2016,FORD,FOCUS,PASSENGER CAR,FWD,GASOLINE/E85,43911,2016-08-18,12.4
E8C64EB5C3F7A0CBE257F9BB476D6BEB,2016,FORD,FOCUS,PASSENGER CAR,FWD,GASOLINE/E85,40029,2016-08-06,12.4
AD0666A21D998424C369D896D812083C,2016,FORD,FOCUS,PASSENGER CAR,FWD,GASOLINE/E85,15508,2016-09-06,12.4
BDCD3342D7A89129FC8AA0782E8B2133,2016,FORD,FOCUS,PASSENGER CAR,FWD,GASOLINE/E85,95866,2016-08-16,12.4
111AE71093CCCCFE851F4BD79F03BE09,2016,FORD,FOCUS,PASSENGER CAR,FWD,GASOLINE/E85,59284,2016-08-23,12.4
B2E30067EE93F8BD5B7A57BC3DF11923,2016,FORD,FOCUS,PASSENGER CAR,FWD,GASOLINE/E85,94165,2016-09-22,12.4
4FCD3210930C6BA8C7CE299286801DEA,2016,FORD,FOCUS,PASSENGER CAR,FWD,GASOLINE/E85,29649,2016-08-11,12.4
D0B82A3BB4764062B6831943497760EE,2016,FORD,FOCUS,PASSENGER CAR,FWD,GASOLINE/E85,66086,2016-09-15,12.4
3B9ECCFFA66965750A3AB4EEF5CE0823,2016,FORD,FOCUS,PASSENGER CAR,FWD,GASOLINE/E85,64586,2016-09-23,12.4
4FB7E7789FF5B674347FDF26E9CCC080,2016,FORD,FOCUS,PASSENGER CAR,FWD,GASOLINE/E85,81279,2016-09-23,12.4
094C63EBA042B80EEEFEEE708172872E,2016,FORD,FOCUS,PASSENGER CAR,FWD,GASOLINE/E85,61639,2016-08-26,12.4
0D9BB168F53967EF5C41A435034E0E1D,2016,FORD,FOCUS,PASSENGER CAR,FWD,GASOLINE/E85,28604,2016-08-22,12.4
F6DB141AF479E0F4DCEFB5EE7D0CF2EE,2016,FORD,FOCUS,PASSENGER CAR,FWD,GASOLINE/E85,80249,2016-08-31,12.4
F8F3FF4DA875A0A86AA5A2D36A3601A7,2016,FORD,FOCUS,PASSENGER CAR,FWD,GASOLINE/E85,50786,2016-08-31,12.4
54A49ADB6896B56FB6106C53419E6BA1,2016,FORD,FOCUS,PASSENGER CAR,FWD,GASOLINE/E85,65969,2016-08-31,12.4
59444319CD7FDE5F6FBA806FE6B10D42,2016,FORD,FOCUS,PASSENGER CAR,FWD,GASOLINE/E85,3945,2016-11-30,12.4
0215E8FF2850EB8D91B70FA1DDC3906D,2016,FORD,FOCUS,PASSENGER CAR,FWD,GASOLINE/E85,20836,2016-12-13,12.4
35AB197EE3C6514FDA933D053C0D8A6F,2016,FORD,FOCUS,PASSENGER CAR,FWD,GASOLINE/E85,45828,2016-08-09,12.4
5C7DE84AC3369263086010A6FFDB92B7,2016,FORD,FOCUS,PASSENGER CAR,FWD,GASOLINE/E85,51606,2016-08-10,12.4
B6D0E681C59BF2AF566E4EEE9CD7DF4A,2016,FORD,FOCUS,PASSENGER CAR,FWD,GASOLINE/E85,29509,2016-08-30,12.4
212C6A83CD1D1C43B1096E0F870B42D8,2016,FORD,FOCUS,PASSENGER CAR,FWD,GASOLINE/E85,46853,2016-08-09,12.4
ABFE23BDA29AAF11E01280CA5996CB8C,2016,FORD,FOCUS,PASSENGER CAR,FWD,GASOLINE/E85,34352,2016-08-30,12.4
CA6AF790A95BC724AF11FF862D7958F7,2016,FORD,FOCUS,PASSENGER CAR,FWD,GASOLINE/E85,53982,2016-08-30,12.4
D3A254EA2D28CFECF54CD66F499E15CE,2016,FORD,FOCUS,PASSENGER CAR,FWD,GASOLINE/E85,36133,2016-08-30,12.4
FFE9860348E1A50F622D71B7A8647D7E,2016,FORD,FOCUS,PASSENGER CAR,FWD,GASOLINE/E85,43705,2016-08-22,12.4
7657D4094039084BBAA71F2091671F90,2016,FORD,FOCUS,PASSENGER CAR,FWD,GASOLINE/E85,15993,2017-04-13,12.4
FB1B8E73C7F2AB51234C4C08032DDACE,2016,FORD,FOCUS,PASSENGER CAR,FWD,GASOLINE/E85,63670,2016-09-13,12.4
57F942F444BC8E6132C8722F8F2AE193,2016,FORD,FOCUS,PASSENGER CAR,FWD,GASOLINE/E85,28728,2016-08-03,12.4
511596EBE6B994661397F3D1C57E00FA,2016,FORD,FOCUS,PASSENGER CAR,FWD,GASOLINE/E85,54042,2016-09-08,12.4
025D7F9C6272990E4A4337DD495DC3E5,2016,FORD,FOCUS,PASSENGER CAR,FWD,GASOLINE/E85,39872,2016-09-21,12.4
75FF5A18C73758E2AF0EB6A2133A0752,2016,FORD,FOCUS,PASSENGER CAR,FWD,GASOLINE/E85,30756,2016-09-07,12.4
3D04AAF71B5550D8B266895B26957467,2016,FORD,FOCUS,PASSENGER CAR,FWD,GASOLINE/E85,33870,2016-08-18,12.4
21B89743C66A8CC619971E376280C804,2016,FORD,F-650,TRUCK,4X2; DUAL REAR WHEELS,GASOLINE,80611,2016-08-05,0
10CF83F7818075E1542D11C617828D3E,2016,FORD,FOCUS,PASSENGER CAR,FWD,GASOLINE/E85,29341,2016-08-10,12.4
6B1866D0ECC7F79E68AA979567B3B031,2016,FORD,FOCUS,PASSENGER CAR,FWD,GASOLINE/E85,113476,2016-08-15,12.4
780204676D780D9B7F5F77F5DDF485D4,2016,FORD,FOCUS,PASSENGER CAR,FWD,GASOLINE/E85,39704,2016-08-24,12.4
44CDCCD530D9E12A1AE38921EBAD1E95,2016,FORD,FOCUS,PASSENGER CAR,FWD,GASOLINE/E85,50865,2016-08-15,12.4
D655FB9819B231302458A8E406617AEC,2016,FORD,FOCUS,PASSENGER CAR,FWD,GASOLINE/E85,20225,2016-08-24,12.4
3EF9EDC065F81DE0575A725FFEB3367C,2016,FORD,FOCUS,PASSENGER CAR,FWD,GASOLINE/E85,30749,2016-09-21,12.4
7281FABB1D79A80EBAED29A5D738A58B,2016,FORD,FOCUS,PASSENGER CAR,FWD,GASOLINE/E85,54088,2016-08-11,12.4
CFA0BCD57F7ABBD17947AF3862D41479,2016,FORD,FOCUS,PASSENGER CAR,FWD,GASOLINE/E85,96975,2016-09-02,12.4
AF84A494C5C56DFB571A78164E3920BD,2016,FORD,FOCUS,PASSENGER CAR,FWD,GASOLINE/E85,44557,2016-09-02,12.4
BBE486A447247612DF80BE343246D8CC,2016,FORD,FOCUS,PASSENGER CAR,FWD,GASOLINE/E85,41226,2016-09-02,12.4
D87A70751204916957A0BAE2644E5106,2016,FORD,FOCUS,PASSENGER CAR,FWD,GASOLINE/E85,66318,2016-08-23,12.4
B02134F44C0E4CFA7B70CACB550AFF33,2016,FORD,FOCUS,PASSENGER CAR,FWD,GASOLINE/E85,43971,2016-09-14,12.4
200C428BB00E01CC08B83823DE3694F8,2016,FORD,FOCUS,PASSENGER CAR,FWD,GASOLINE/E85,85184,2016-08-31,12.4
7FE5E07C4075B0CA9931D45D31DA6E7D,2016,FORD,FOCUS,PASSENGER CAR,FWD,GASOLINE/E85,225636,2016-08-16,12.4
B286DF2C4167EE6DF5CEEB0166280496,2016,FORD,FOCUS,PASSENGER CAR,FWD,GASOLINE/E85,21556,2016-09-08,12.4
83E87E622C9478B6CFDE46D5EDB59813,2016,FORD,FOCUS,PASSENGER CAR,FWD,GASOLINE/E85,37380,2016-08-17,12.4
BC92A35BE3B4DD52AFF5A393B4451183,2016,FORD,FOCUS,PASSENGER CAR,FWD,GASOLINE/E85,39003,2016-09-08,12.4
D7FD4A8EE2738FDF0FDB2C4C23361795,2016,FORD,FOCUS,PASSENGER CAR,FWD,GASOLINE/E85,36038,2016-08-26,12.4
3A7F943D9C6E438735AF88EECC2514AE,2016,FORD,FOCUS,PASSENGER CAR,FWD,GASOLINE/E85,35324,2016-08-26,12.4
977DD590E7C6DB3DAEEF89E0E3970F0C,2016,FORD,FOCUS,PASSENGER CAR,FWD,GASOLINE/E85,41944,2016-08-26,12.4
C1E9D80A40B35E314940A615FDE94AD1,2016,FORD,FOCUS,PASSENGER CAR,FWD,GASOLINE/E85,34152,2016-08-04,12.4
B6B8E05B12E3BEC0F80100A9EA234D90,2016,FORD,FOCUS,PASSENGER CAR,FWD,GASOLINE/E85,42349,2016-08-16,12.4
AA7CEACD08F903701F8E9D3899B7B526,2016,FORD,FOCUS,PASSENGER CAR,FWD,GASOLINE/E85,23435,2016-09-06,12.4
16F525B3F8F2303D4E95F1AC96B1B126,2016,FORD,FOCUS,PASSENGER CAR,FWD,GASOLINE/E85,18376,2016-08-23,12.4
A47CCC8B0660DD92B1A8887FBD9B6275,2016,FORD,FOCUS,PASSENGER CAR,FWD,GASOLINE/E85,23071,2016-09-06,12.4
147AACD2013AC8B5175060248D3DD370,2016,FORD,FOCUS,PASSENGER CAR,FWD,GASOLINE/E85,22365,2016-08-11,12.4
A4D7798798CE0A7055FD0390F5E4AE28,2016,FORD,FOCUS,PASSENGER CAR,FWD,GASOLINE/E85,29975,2016-11-29,12.4
31CE4E8570489C8F0D5832FAAB144431,2016,FORD,FOCUS,PASSENGER CAR,FWD,GASOLINE/E85,36389,2016-08-08,12.4
AFDD3B4883AB40F5E04D205793FFDE7B,2016,FORD,FOCUS,PASSENGER CAR,FWD,GASOLINE/E85,32970,2017-01-19,12.4
26894D4E8C38DCEA3CA3CD12BA060BB5,2016,FORD,FOCUS,PASSENGER CAR,FWD,GASOLINE/E85,84671,2016-08-23,12.4
B41E915E54DED47396911B16187473E7,2016,FORD,FOCUS,PASSENGER CAR,FWD,GASOLINE/E85,28241,2016-08-09,12.4
BE19DFFF40303A38C158D8FF9CC11F0D,2016,FORD,FOCUS,PASSENGER CAR,FWD,GASOLINE/E85,44778,2016-10-15,12.4
BCDA9D76DF32A98ABB9498C47E616C84,2016,FORD,FOCUS,PASSENGER CAR,FWD,GASOLINE/E85,59097,2016-11-18,12.4
493EAAD96BEFDCF6507BCD532FB16550,2016,FORD,FOCUS,PASSENGER CAR,FWD,GASOLINE/E85,63659,2016-08-09,12.4
BCB3BC2A6C7CE6181ABD7B28D374AFE3,2016,FORD,FOCUS,PASSENGER CAR,FWD,GASOLINE/E85,69759,2016-08-18,12.4
B208D87BBDB1A95A62151A81C95F4344,2016,FORD,FOCUS,PASSENGER CAR,FWD,GASOLINE/E85,52565,2016-08-09,12.4
9A8D6B6B5684DCA9AA52AB33BB8CA577,2016,FORD,FOCUS,PASSENGER CAR,FWD,GASOLINE/E85,47568,2016-09-07,12.4
EABE97BEF0AD3C014475E45A31E0FCE8,2016,FORD,FOCUS,PASSENGER CAR,FWD,GASOLINE/E85,61756,2016-09-07,12.4
44FBBA3181C596AB33D33A970DA95BA4,2016,FORD,FOCUS,PASSENGER CAR,FWD,GASOLINE/E85,42600,2016-09-07,12.4
0341F47B5F29CBB0031A61510094D797,2016,FORD,FOCUS,PASSENGER CAR,FWD,GASOLINE/E85,25604,2016-09-01,12.4
A9A82DEB85716BC2ADED44CC522D244A,2016,FORD,FOCUS,PASSENGER CAR,FWD,GASOLINE/E85,21541,2016-09-26,12.4
FFE93FFEB4CC3EF2463E10B5AEDB8AF3,2016,FORD,FOCUS,PASSENGER CAR,FWD,GASOLINE/E85,18968,2016-09-01,12.4
679AE447D2A8658090757BE76F94591B,2016,FORD,FOCUS,PASSENGER CAR,FWD,GASOLINE/E85,31835,2016-12-13,12.4
CC911EB520A81744DA29709B2AA52361,2016,FORD,FOCUS,PASSENGER CAR,FWD,GASOLINE/E85,38206,2016-08-30,12.4
7E11438E46EC835E692523A401C7E92B,2016,FORD,FOCUS,PASSENGER CAR,FWD,GASOLINE/E85,39025,2016-08-30,12.4
E753441FAB801A794542BA49DA486914,2016,FORD,FOCUS,PASSENGER CAR,FWD,GASOLINE/E85,70411,2016-11-18,12.4
57B359132620CC4341507D563B8D1B42,2016,FORD,FOCUS,PASSENGER CAR,FWD,GASOLINE/E85,39577,2016-12-02,12.4
5275017F365459C1D7ADAA6C1F98D8FE,2016,FORD,FOCUS,PASSENGER CAR,FWD,GASOLINE/E85,33292,2016-08-12,12.4
1E474C71E2B70D8AE0C95924C3BB571A,2016,FORD,FOCUS,PASSENGER CAR,FWD,GASOLINE/E85,38682,2016-08-23,12.4
31F5A9A5B326511F4AA9ECE4390A343A,2016,FORD,FOCUS,PASSENGER CAR,FWD,GASOLINE/E85,51096,2016-09-27,12.4
A9FD94563760E8F8BE36661EF9C1A502,2016,FORD,FOCUS,PASSENGER CAR,FWD,GASOLINE/E85,43906,2016-09-23,12.4
DB079720AF56C42AB9402DBAC4F85359,2016,FORD,FOCUS,PASSENGER CAR,FWD,GASOLINE/E85,93290,2016-08-23,12.4
DDCA35E5946D2C965B2D0FB3E5D1251D,2016,FORD,FOCUS,PASSENGER CAR,FWD,GASOLINE/E85,46113,2016-08-10,12.4
96647215CDBAE35B3CB47511143B6463,2016,FORD,FOCUS,PASSENGER CAR,FWD,GASOLINE/E85,50272,2016-08-10,12.4
F07926E2340DAFE8EA558D2F1F37112E,2016,FORD,FOCUS,PASSENGER CAR,FWD,GASOLINE/E85,12818,2016-08-10,12.4
961129D0E6C8C32D4163A749808B358D,2016,FORD,FOCUS,PASSENGER CAR,FWD,GASOLINE/E85,37089,2016-08-10,12.4
2FC3AB1E7C3237D141F630F1694B05DF,2016,FORD,FOCUS,PASSENGER CAR,FWD,GASOLINE/E85,32392,2016-09-09,12.4
BE517BAAB44190D3313DD41707A99010,2016,FORD,FOCUS,PASSENGER CAR,FWD,GASOLINE/E85,43470,2016-09-07,12.4
75CDF582735B9D192B6097AF992D64D5,2016,FORD,FOCUS,PASSENGER CAR,FWD,GASOLINE/E85,22981,2016-09-07,12.4
1B114A82BC90855D14B974C0D96A98D7,2016,FORD,FOCUS,PASSENGER CAR,FWD,GASOLINE/E85,59842,2016-09-07,12.4
2CDB0738B45CDDB53E25139523412188,2016,FORD,FOCUS,PASSENGER CAR,FWD,GASOLINE/E85,61903,2016-08-19,12.4
87F9585B8BEC47F9D7DE7D5B3182E6BF,2016,FORD,FOCUS,PASSENGER CAR,FWD,GASOLINE/E85,22699,2016-08-18,12.4
6C389B96E7D314F1F4BF1836AF26C8D9,2016,FORD,FOCUS,PASSENGER CAR,FWD,GASOLINE/E85,51135,2016-08-18,12.4
D6E2A054D7E89D34FDE3CA3348C782A9,2016,FORD,FOCUS,PASSENGER CAR,FWD,GASOLINE/E85,47484,2016-08-26,12.4
E13A27D05020DF40EF81196C01226636,2016,FORD,FOCUS,PASSENGER CAR,FWD,GASOLINE/E85,25262,2016-09-09,12.4
8D26EDBF978929C5183EAC3E6CAADC68,2016,FORD,FOCUS,PASSENGER CAR,FWD,GASOLINE/E85,26808,2016-08-04,12.4
D091D6F6A9169B0CFD09A11E2DBD3854,2016,FORD,FOCUS,PASSENGER CAR,FWD,GASOLINE/E85,48552,2016-09-15,12.4
F5B7FB6656574DC7444598C3F1DD3477,2016,FORD,FOCUS,PASSENGER CAR,FWD,GASOLINE/E85,39317,2016-08-12,12.4
3643114F4FB3B1603887B95671031519,2016,FORD,FOCUS,PASSENGER CAR,FWD,GASOLINE/E85,14322,2016-08-12,12.4
2E14E44EE4C9C2E23E38D63A7BB52E60,2016,FORD,FOCUS,PASSENGER CAR,FWD,GASOLINE/E85,73924,2016-09-29,12.4
64316AF2BE6919218897FD11E435908A,2016,FORD,FOCUS,PASSENGER CAR,FWD,GASOLINE/E85,12100,2016-09-23,12.4
70D7220B6ED46BAE374CB1786EC3E481,2016,FORD,FOCUS,PASSENGER CAR,FWD,GASOLINE/E85,58187,2016-09-20,12.4
BD2AD572A6D6245C0813EDC094EEAF84,2016,FORD,FOCUS,PASSENGER CAR,FWD,GASOLINE/E85,56407,2016-09-20,12.4
A3A62ED5E0B2B2659B21C21557655FF4,2016,FORD,FOCUS,PASSENGER CAR,FWD,GASOLINE/E85,55540,2016-10-21,12.4
4C5865A9838F2D8243E51F5B7C9AD2AC,2016,FORD,FOCUS,PASSENGER CAR,FWD,GASOLINE/E85,100792,2016-10-21,12.4
581C2CF95A9027FD3F89B1A9DFE6FF85,2016,FORD,FOCUS,PASSENGER CAR,FWD,GASOLINE/E85,50936,2016-10-19,12.4
EB1FA6552D2C49DB28B1CADAD4D0763D,2016,FORD,FOCUS,PASSENGER CAR,FWD,GASOLINE/E85,51983,2016-10-19,12.4
9E38127CE7A2BA8D241F94B41AF20A75,2016,FORD,FOCUS,PASSENGER CAR,FWD,GASOLINE/E85,39447,2016-09-29,12.4
8E5A126F3C379843272C289450CAFBC1,2016,FORD,FOCUS,PASSENGER CAR,FWD,GASOLINE/E85,15950,2016-08-11,12.4
C53B8C351F1DEDB9A947C884EBAFC13B,2016,FORD,FOCUS,PASSENGER CAR,FWD,GASOLINE/E85,31154,2016-10-13,12.4
75EEE6D1C1DB776968497094480B8C44,2016,FORD,FOCUS,PASSENGER CAR,FWD,GASOLINE/E85,23260,2016-09-29,12.4
2491ABAA5EF8E814B2B110D833321E85,2016,FORD,FOCUS,PASSENGER CAR,FWD,GASOLINE/E85,26365,2016-10-14,12.4
F83194696BBD7F837E1323ADE721C86C,2016,FORD,FOCUS,PASSENGER CAR,FWD,GASOLINE/E85,19878,2017-01-26,12.4
AAF855D8B94EBBC8445FCF42045F2511,2016,FORD,FOCUS,PASSENGER CAR,FWD,GASOLINE/E85,50228,2016-09-01,12.4
10F5DD92364F1EAF525274CBF4C2811A,2016,FORD,FOCUS,PASSENGER CAR,FWD,GASOLINE/E85,64987,2016-09-01,12.4
C5D14F250DB261EC2CD744D557C94634,2016,FORD,FOCUS,PASSENGER CAR,FWD,GASOLINE/E85,77927,2016-09-01,12.4
5A8626013EDE57075DD18463B402BE45,2016,FORD,FOCUS,PASSENGER CAR,FWD,GASOLINE/E85,60952,2016-09-12,12.4
AC84C9CBEAF6566E36624FAEB0AD04B3,2016,FORD,FOCUS,PASSENGER CAR,FWD,GASOLINE/E85,108633,2016-08-19,12.4
533588FA0DA5816A2804DA86B829AC73,2016,FORD,FOCUS,PASSENGER CAR,FWD,GASOLINE/E85,42362,2016-08-11,12.4
6285C76D0B8EC6FDBB8C386346955429,2016,FORD,FOCUS,PASSENGER CAR,FWD,GASOLINE/E85,25989,2016-08-17,12.4
A5809520938D50C07CD05E133F0D2B77,2016,FORD,FOCUS,PASSENGER CAR,FWD,GASOLINE/E85,24484,2016-09-28,12.4
BC02E284E8D58828200E1767A6B95E72,2016,FORD,FOCUS,PASSENGER CAR,FWD,GASOLINE/E85,33279,2016-09-06,12.4
E756766239BAEBE8C0B2166DB45428F2,2016,FORD,FOCUS,PASSENGER CAR,FWD,GASOLINE/E85,81407,2016-09-03,12.4
64A01140A1EB77BC65A00E3B0DE60574,2016,FORD,FOCUS,PASSENGER CAR,FWD,GASOLINE/E85,64733,2016-09-23,12.4
969FAC142BF60220CA5D368DF59344A6,2016,FORD,FOCUS,PASSENGER CAR,FWD,GASOLINE/E85,57150,2016-08-12,12.4
574EB842D507700877E68553B4DFB13A,2016,FORD,FOCUS,PASSENGER CAR,FWD,GASOLINE/E85,22300,2016-09-07,12.4
50E2524182695F29457FD4A7F830CC93,2016,FORD,FOCUS,PASSENGER CAR,FWD,GASOLINE/E85,55602,2016-08-23,12.4
BFC592E702C7FEF249C771EE1D1652E2,2016,FORD,FOCUS,PASSENGER CAR,FWD,GASOLINE/E85,15293,2016-09-23,12.4
FD26DE15655E042E19DCD4FC23DD162D,2016,FORD,FOCUS,PASSENGER CAR,FWD,GASOLINE/E85,27960,2016-09-07,12.4
104EFC32BE61B19D3C9563255F26B72D,2016,FORD,FOCUS,PASSENGER CAR,FWD,GASOLINE/E85,25534,2016-09-27,12.4
DD9DF337EA386A49A267577362EA8E5D,2016,FORD,FOCUS,PASSENGER CAR,FWD,GASOLINE/E85,27064,2016-09-27,12.4
D5364E60D5824F20AB1031A749309E22,2016,FORD,FOCUS,PASSENGER CAR,FWD,GASOLINE/E85,54409,2016-08-18,12.4
9F794E32ABEB63EA908D8301341DB92A,2016,FORD,FOCUS,PASSENGER CAR,FWD,GASOLINE/E85,36554,2016-08-18,12.4
41E466807A777EC1653829332F7531F1,2016,FORD,FOCUS,PASSENGER CAR,FWD,GASOLINE/E85,56110,2016-09-09,12.4
615AEB94354FDC893DC686BD0403F632,2016,FORD,FOCUS,PASSENGER CAR,FWD,GASOLINE/E85,48015,2016-09-09,12.4
F037AF5A57AD0F1202555FF08F975DEE,2016,FORD,FOCUS,PASSENGER CAR,FWD,GASOLINE/E85,25227,2016-09-30,12.4
1B21E79E2923290D396E763FACB3F0FD,2016,FORD,FOCUS,PASSENGER CAR,FWD,GASOLINE/E85,62010,2016-09-09,12.4
DF534DA66BCA3FBEE32D2F7A60505D80,2016,FORD,FOCUS,PASSENGER CAR,FWD,GASOLINE/E85,38080,2016-09-06,12.4
5C98E52C886530A1EAC7A3E73B1B9820,2016,FORD,FOCUS,PASSENGER CAR,FWD,GASOLINE/E85,52244,2016-09-06,12.4
A7FE55FC20B7BB1FF3A6F73CC6BE3306,2016,FORD,FOCUS,PASSENGER CAR,FWD,GASOLINE/E85,65489,2016-08-09,12.4
7C0F6F8DC8AD0F5A55BE43FA8F96A703,2016,FORD,FOCUS,PASSENGER CAR,FWD,GASOLINE/E85,39290,2016-08-26,12.4
3025EE6C893518463AD786C5539E67B3,2016,FORD,FOCUS,PASSENGER CAR,FWD,GASOLINE/E85,40001,2016-08-26,12.4
D4412E9C4917861BC2D224291E0810D0,2016,FORD,FOCUS,PASSENGER CAR,FWD,GASOLINE/E85,53645,2016-07-28,12.4
9BB903930A3FB88EEF804255A470D30D,2016,FORD,FOCUS,PASSENGER CAR,FWD,GASOLINE/E85,46545,2016-09-20,12.4
1470A2D23624E37DF8249E7F5A7DE43D,2016,FORD,FOCUS,PASSENGER CAR,FWD,GASOLINE/E85,72800,2016-08-17,12.4
C31045AB00BA6634B0721E356B91D97C,2016,FORD,FOCUS,PASSENGER CAR,FWD,GASOLINE/E85,14803,2016-09-26,12.4
8CB912C4D8D5547D08BAC688BD73CDC0,2016,FORD,FOCUS,PASSENGER CAR,FWD,GASOLINE/E85,37492,2016-08-10,12.4
18CDB2918A40F8680C37C76516584721,2016,FORD,FOCUS,PASSENGER CAR,FWD,GASOLINE/E85,50558,2016-09-29,12.4
375964FB846FFE0275AE3EC6C59AFC61,2016,FORD,FOCUS,PASSENGER CAR,FWD,GASOLINE/E85,54133,2016-08-04,12.4
6FE0F05E113274F011D45ACD43F13ABB,2016,FORD,FOCUS,PASSENGER CAR,FWD,GASOLINE/E85,54566,2016-09-14,12.4
57FDD0544D9AE592C955379D13C690F4,2016,FORD,FOCUS,PASSENGER CAR,FWD,GASOLINE/E85,6245,2016-09-14,12.4
9EA5F4DFA407180CB8C4F93C44AB2E84,2016,FORD,FOCUS,PASSENGER CAR,FWD,GASOLINE/E85,33577,2016-10-04,12.4
9E76A27E33D7BC30E2AA937D1A84E361,2016,FORD,FOCUS,PASSENGER CAR,FWD,GASOLINE/E85,20187,2016-09-14,12.4
F564A2C5C1C18F11935EFD7A31B6701C,2016,FORD,FOCUS,PASSENGER CAR,FWD,GASOLINE/E85,70711,2016-09-14,12.4
8BFD7881AB72B2AF5C814063FAE4EBDB,2016,FORD,FOCUS,PASSENGER CAR,FWD,GASOLINE/E85,24455,2016-09-15,12.4
A7E97E041FC5D455B12629FC93D96484,2016,FORD,FOCUS,PASSENGER CAR,FWD,GASOLINE/E85,24456,2016-09-15,12.4
32C5307031C35231D10F9B84247EB559,2016,FORD,FOCUS,PASSENGER CAR,FWD,GASOLINE/E85,47750,2016-08-18,12.4
687E0144FE3F19D21A881520336F9E0F,2016,FORD,FOCUS,PASSENGER CAR,FWD,GASOLINE/E85,56818,2016-08-18,12.4
F7EBE107A997030B32526EF4A2E8CCFF,2016,FORD,FOCUS,PASSENGER CAR,FWD,GASOLINE/E85,28818,2016-09-27,12.4
59DF37C2B0BF092B22B77805032225A4,2016,FORD,FOCUS,PASSENGER CAR,FWD,GASOLINE/E85,36494,2016-08-15,12.4
BA8EACA1CF5C23BB6D1C27C5476DF8B9,2016,FORD,FOCUS,PASSENGER CAR,FWD,GASOLINE/E85,72215,2016-09-21,12.4
F928D76A58D3032132A260D7130C2898,2016,FORD,FOCUS,PASSENGER CAR,FWD,GASOLINE/E85,4794,2016-08-22,12.4
CD4EFCB6173593297E37EAC2F7103B95,2016,FORD,FOCUS,PASSENGER CAR,FWD,GASOLINE/E85,97973,2016-08-22,12.4
1F593901FE9E112B392E9BD3A09D91B8,2016,FORD,FOCUS,PASSENGER CAR,FWD,GASOLINE/E85,23010,2016-11-17,12.4
6C45E5628E4093292A5C593CB415BE93,2016,FORD,FOCUS,PASSENGER CAR,FWD,GASOLINE/E85,25132,2016-11-16,12.4
CD7ECCDA45A0790F446C4EB7CBF43C13,2016,FORD,FOCUS,PASSENGER CAR,FWD,GASOLINE/E85,38059,2016-10-13,12.4
951660C3C7DB585D14E762D6CE8651A5,2016,FORD,FOCUS,PASSENGER CAR,FWD,GASOLINE/E85,36390,2016-11-16,12.4
F395C68368C7B8FDCFAEA21A3C2F9ACC,2016,FORD,FOCUS,PASSENGER CAR,FWD,GASOLINE/E85,15838,2016-08-23,12.4
15D8DF0E591D7B2F0E83E73DAB67A1E5,2016,FORD,FOCUS,PASSENGER CAR,FWD,GASOLINE/E85,52021,2016-09-19,12.4
7CB568C4466BD46954EED822B1133A56,2016,FORD,FOCUS,PASSENGER CAR,FWD,GASOLINE/E85,30556,2016-08-23,12.4
1BDEE2D2EC3770CFA145D9E488636F44,2016,FORD,FOCUS,PASSENGER CAR,FWD,GASOLINE/E85,22422,2016-09-19,12.4
0FA7F37232F6F14D241F9BC2C6B41718,2016,FORD,FOCUS,PASSENGER CAR,FWD,GASOLINE/E85,41915,2016-08-22,12.4
26D8ACE2158DD39CB516F6CE709AE98F,2016,FORD,FOCUS,PASSENGER CAR,FWD,GASOLINE/E85,19451,2016-08-15,12.4
B0522C7423A4024BBCB9480CE4647267,2016,FORD,FOCUS,PASSENGER CAR,FWD,GASOLINE/E85,40252,2016-08-12,12.4
62F9B0CD171190D7E811749B88D7D263,2016,FORD,FOCUS,PASSENGER CAR,FWD,GASOLINE/E85,34311,2016-08-26,12.4
CCE7CBDF3EA3507958E9BA97C02A263C,2016,FORD,FOCUS,PASSENGER CAR,FWD,GASOLINE/E85,28201,2016-08-26,12.4
543A910E6E603735ED721E142BB91A38,2016,FORD,FOCUS,PASSENGER CAR,FWD,GASOLINE/E85,30985,2016-09-28,12.4
C9B5B32A1253D9D74A02FED68616E575,2016,FORD,FOCUS,PASSENGER CAR,FWD,GASOLINE/E85,38084,2016-09-01,12.4
770DD5C1CC103068EE0B52AC65D343B5,2016,FORD,FOCUS,PASSENGER CAR,FWD,GASOLINE/E85,27029,2016-11-08,12.4
F8B5BBA5AB710001FAA6984BDA22050B,2016,FORD,FOCUS,PASSENGER CAR,FWD,GASOLINE/E85,35969,2016-11-08,12.4
945C901FAC03972111F6F11817EA489E,2016,FORD,FOCUS,PASSENGER CAR,FWD,GASOLINE/E85,70255,2016-11-08,12.4
DE11820A850583C9333EE6CB1DEA5361,2016,FORD,FOCUS,PASSENGER CAR,FWD,GASOLINE/E85,27895,2016-11-14,12.4
86B307C850E94553334AF2EBBD1587EE,2016,FORD,FOCUS,PASSENGER CAR,FWD,GASOLINE/E85,68595,2016-09-02,12.4
4BAC2ACEE6BCF7E611B0B211E49E7F8E,2016,FORD,FOCUS,PASSENGER CAR,FWD,GASOLINE/E85,19122,2016-08-09,12.4
DA700C7A0289723572CD7D3C30BF9966,2016,FORD,FOCUS,PASSENGER CAR,FWD,GASOLINE/E85,32469,2016-09-01,12.4
7878569C49D1B7F1BDE3F31BDE0EFD8A,2016,FORD,FOCUS,PASSENGER CAR,FWD,GASOLINE/E85,53321,2016-08-26,12.4
DEB2EF0B3764907B61E2D9A5D693AA71,2016,FORD,FOCUS,PASSENGER CAR,FWD,GASOLINE/E85,61667,2016-08-26,12.4
0B45841B7C226599BAF59730C8EA66D1,2016,FORD,FOCUS,PASSENGER CAR,FWD,GASOLINE/E85,32107,2016-08-26,12.4
18FF341D8B96411EFA2A80E1C110F8B2,2016,FORD,FOCUS,PASSENGER CAR,FWD,GASOLINE/E85,39196,2016-08-15,12.4
53CB0F0F637350CC8138782BFCCF40E4,2016,FORD,FOCUS,PASSENGER CAR,FWD,GASOLINE/E85,54361,2016-08-30,12.4
F64D9FD053D60656F4B34A06A07DFF3F,2016,FORD,FOCUS,PASSENGER CAR,FWD,GASOLINE/E85,80847,2016-09-22,12.4
FD5F0E5D38602CC014238D8582695B92,2016,FORD,FOCUS,PASSENGER CAR,FWD,GASOLINE/E85,13570,2016-09-12,12.4
FBE6AFD3F46BF0D2420607D972A0BA5B,2016,FORD,FOCUS,PASSENGER CAR,FWD,GASOLINE/E85,21122,2016-09-12,12.4
CEA180EA49F416320DF069D21ADF021C,2016,FORD,FOCUS,PASSENGER CAR,FWD,GASOLINE/E85,18061,2016-09-12,12.4
A4B44C173ABA36947F4C22BE9BA0C6FC,2016,FORD,FOCUS,PASSENGER CAR,FWD,GASOLINE/E85,27212,2016-09-07,12.4
475D43D10AB833AF13FF33841283DB56,2016,FORD,FOCUS,PASSENGER CAR,FWD,GASOLINE/E85,65371,2016-09-02,12.4
99959C6C5D7DC15C75DAB6256548A675,2016,FORD,FOCUS,PASSENGER CAR,FWD,GASOLINE/E85,49954,2016-09-07,12.4
571DD6DAF5EC91962C66CF07F4E9DEEB,2016,FORD,FOCUS,PASSENGER CAR,FWD,GASOLINE/E85,46348,2016-10-14,12.4
663571978C9846EBBCFDE2A17545AC1D,2016,FORD,FOCUS,PASSENGER CAR,FWD,GASOLINE/E85,14649,2016-10-14,12.4
B991FC0A8C179476293E8138344ACF5C,2016,FORD,FOCUS,PASSENGER CAR,FWD,GASOLINE/E85,56196,2016-10-14,12.4
FD75863EB91D0D7B79567CD6912354F6,2016,FORD,FOCUS,PASSENGER CAR,FWD,GASOLINE/E85,77343,2016-08-19,12.4
6206EC0FF302F035215DD756790FB780,2016,FORD,FOCUS,PASSENGER CAR,FWD,GASOLINE/E85,20216,2016-08-19,12.4
542A0CF79585A1C9DF617C2CEFCE7A75,2016,FORD,FOCUS,PASSENGER CAR,FWD,GASOLINE/E85,31567,2016-10-12,12.4
452620A369E27D98BB5E57446C205E55,2016,FORD,FOCUS,PASSENGER CAR,FWD,GASOLINE/E85,31938,2016-09-06,12.4
C410E009E5489A50F5B3B026B62F18D7,2016,FORD,FOCUS,PASSENGER CAR,FWD,GASOLINE/E85,33287,2016-09-12,12.4
B39368B3C11B4F029FEFB9A08BE404B5,2016,FORD,FOCUS,PASSENGER CAR,FWD,GASOLINE/E85,38039,2016-11-02,12.4
C52D8E197926AF67E2B89998B63B8E66,2016,FORD,FOCUS,PASSENGER CAR,FWD,GASOLINE/E85,47296,2016-08-11,12.4
8E5921B1DDF6D9DC560E552DD82ACA04,2016,FORD,FOCUS,PASSENGER CAR,FWD,GASOLINE/E85,38576,2016-08-24,12.4
D469CC36DF3F1CF03AC2AC17A74474F9,2016,FORD,FOCUS,PASSENGER CAR,FWD,GASOLINE/E85,68379,2016-08-29,12.4
D7E48192597756655A0CE59F04CB53C4,2016,FORD,FOCUS,PASSENGER CAR,FWD,GASOLINE/E85,71303,2016-08-29,12.4
F54169B18930956D08D71A5EB5361C79,2016,FORD,FOCUS,PASSENGER CAR,FWD,GASOLINE/E85,59976,2016-11-01,12.4
EC8144F479281610E1EB04896764654E,2016,FORD,FOCUS,PASSENGER CAR,FWD,GASOLINE/E85,66708,2016-10-28,12.4
E03850CC21410CC2F4E5A06B0E51D133,2016,FORD,FOCUS,PASSENGER CAR,FWD,GASOLINE/E85,79750,2016-08-18,12.4
6FC9A3E179BCC2F16306B17D9794461D,2016,FORD,FOCUS,PASSENGER CAR,FWD,GASOLINE/E85,87070,2016-08-12,12.4
BE1B903EBC36CA06DF85921F1284133D,2016,FORD,FOCUS,PASSENGER CAR,FWD,GASOLINE/E85,56881,2016-08-19,12.4
5AD14B8B838A5FB0514D94FDC4B440FF,2016,FORD,FOCUS,PASSENGER CAR,FWD,GASOLINE/E85,57000,2016-08-13,12.4
EFC1872AD56049FFC1DF619309C1899F,2016,FORD,FOCUS,PASSENGER CAR,FWD,GASOLINE/E85,27309,2016-08-15,12.4
C294FD0478ABCCB6356105C1856C550F,2016,FORD,FOCUS,PASSENGER CAR,FWD,GASOLINE/E85,29000,2016-08-16,12.4
CAE978672AB419F8A91B54B505535C89,2016,FORD,FOCUS,PASSENGER CAR,FWD,GASOLINE/E85,32541,2016-09-07,12.4
CCDDA1815628187A4D16FA013A7A5501,2016,FORD,FOCUS,PASSENGER CAR,FWD,GASOLINE/E85,58518,2016-08-10,12.4
F5EEF761EBE912D6DE4670E1A7561980,2016,FORD,FOCUS,PASSENGER CAR,FWD,GASOLINE/E85,65156,2016-08-31,12.4
43E31B486B30BD2359EEB5AE387D1746,2016,FORD,FOCUS,PASSENGER CAR,FWD,GASOLINE/E85,86588,2016-08-08,12.4
CEA055EC8BB4CE87950E70ED33C55A61,2016,FORD,FOCUS,PASSENGER CAR,FWD,GASOLINE/E85,31403,2016-11-03,12.4
FF2007A73C35DA0581299AD443471763,2015,FORD,F-450,PICKUP TRUCK,RWD; DUAL REAR WHEELS,GASOLINE,47217,2016-05-23,40
ADEDC8901DA19A1381AF7F469D3F8EB6,2016,FORD,FOCUS,PASSENGER CAR,FWD,GASOLINE/E85,19031,2016-11-03,12.4
F7B046D0079A0B46501ED20418FE36FF,2016,FORD,FOCUS,PASSENGER CAR,FWD,GASOLINE/E85,61969,2016-08-24,12.4
A4A3A1F856BB9AB4C29FF01BB4C1ADDF,2016,FORD,FOCUS,PASSENGER CAR,FWD,GASOLINE/E85,75643,2016-08-24,12.4
4BFEB9947D40CC1EA38532FC0DF04E71,2016,FORD,FOCUS,PASSENGER CAR,FWD,GASOLINE/E85,39526,2016-10-15,12.4
BEDBCDED39A1199EBEACA5C21FC7F474,2016,FORD,FOCUS,PASSENGER CAR,FWD,GASOLINE/E85,23214,2016-10-31,12.4
3D083C7983F8515B46D0343FD4AD1339,2016,FORD,FOCUS,PASSENGER CAR,FWD,GASOLINE/E85,13296,2016-10-31,12.4
73930D65110B5F5FF3FDC69C6BF40288,2016,FORD,FOCUS,PASSENGER CAR,FWD,GASOLINE/E85,71266,2016-08-19,12.4
34DCCDEFA9BD088C9E80AF1D0B1CF4FA,2016,FORD,FOCUS,PASSENGER CAR,FWD,GASOLINE/E85,43155,2016-08-19,12.4
9DEC712F0F327FD3BEAFA09C55D1F332,2016,FORD,FOCUS,PASSENGER CAR,FWD,GASOLINE/E85,34612,2016-10-26,12.4
13B53EE424E6112D858D42EF6BFD18B9,2016,FORD,FOCUS,PASSENGER CAR,FWD,GASOLINE/E85,32797,2016-12-28,12.4
2DBCDB331B1FAD081F89C2D9D21BE34E,2016,FORD,FOCUS,PASSENGER CAR,FWD,GASOLINE/E85,18421,2016-10-19,12.4
BFF7DB4BE875062A407A998E1C8B1154,2016,FORD,FOCUS,PASSENGER CAR,FWD,GASOLINE/E85,66636,2016-10-05,12.4
6A1F0BB9A055F32091DFC16F468EBE0B,2016,FORD,FOCUS,PASSENGER CAR,FWD,GASOLINE/E85,31935,2016-10-12,12.4
9519776343400AA7D7723E02FC8D30A9,2016,FORD,FOCUS,PASSENGER CAR,FWD,GASOLINE/E85,43451,2016-09-12,12.4
6663DC573BB6A127D593DDA08A321E61,2016,FORD,FOCUS,PASSENGER CAR,FWD,GASOLINE/E85,39676,2016-08-18,12.4
8AB39B2CDCB59CFA7803EF9848086836,2016,FORD,FOCUS,PASSENGER CAR,FWD,GASOLINE/E85,54695,2016-09-21,12.4
F73D7C3955553BD7434A80C738BB56A3,2016,FORD,FOCUS,PASSENGER CAR,FWD,GASOLINE/E85,49080,2016-09-13,12.4
14AF35212E68513F759DA4C497FF579B,2016,FORD,FOCUS,PASSENGER CAR,FWD,GASOLINE/E85,49834,2016-09-13,12.4
C0D0E9BD10DDB7A394DE669DBD81F9E9,2016,FORD,FOCUS,PASSENGER CAR,FWD,GASOLINE/E85,61010,2016-08-31,12.4
7358C3534C51E3B742AEE363786695B1,2016,FORD,FOCUS,PASSENGER CAR,FWD,GASOLINE/E85,21512,2016-08-31,12.4
C91E8F592E288A3BEE9381C80FC99916,2016,FORD,FOCUS,PASSENGER CAR,FWD,GASOLINE/E85,24836,2016-09-26,12.4
06924B23DDB1A0DEA473A09620CF7E30,2016,FORD,FOCUS,PASSENGER CAR,FWD,GASOLINE/E85,21235,2016-09-26,12.4
D18FAD83802FBA14E7B6527D2CC6DB11,2016,FORD,FOCUS,PASSENGER CAR,FWD,GASOLINE/E85,54188,2016-08-20,12.4
0F44817A9CE99438AEB740A86F590A02,2016,FORD,FOCUS,PASSENGER CAR,FWD,GASOLINE/E85,58642,2016-09-08,12.4
A0428FCF3A86C179243239149218968B,2016,FORD,FOCUS,PASSENGER CAR,FWD,GASOLINE/E85,45566,2016-09-19,12.4
646C99F85D631EE4338F4E77A7B5E136,2016,FORD,FOCUS,PASSENGER CAR,FWD,GASOLINE/E85,11891,2016-09-19,12.4
7685B9EEAE6C84CB867C6A7D40E4AD49,2016,FORD,FOCUS,PASSENGER CAR,FWD,GASOLINE/E85,24124,2016-10-26,12.4
C753E474A3B0A9CAC971DC0481A4E282,2016,FORD,FOCUS,PASSENGER CAR,FWD,GASOLINE/E85,27474,2016-08-30,12.4
1E5B864C2932C8585A0293356DF5CE82,2016,FORD,FOCUS,PASSENGER CAR,FWD,GASOLINE/E85,42175,2016-08-15,12.4
66D829057E789C5CD335699465DC69BE,2016,FORD,FOCUS,PASSENGER CAR,FWD,GASOLINE/E85,45184,2016-10-28,12.4
A6B6BFF93178C3BD30CC810EE1B9943D,2016,FORD,FOCUS,PASSENGER CAR,FWD,GASOLINE/E85,31151,2016-07-19,12.4
2F26882032EA04BEE6BAFEF91B731F01,2016,FORD,FOCUS,PASSENGER CAR,FWD,GASOLINE/E85,24462,2016-09-16,12.4
93A3355C3F28D248DEF7A647BD260EF9,2016,FORD,FOCUS,PASSENGER CAR,FWD,GASOLINE/E85,89267,2016-08-20,12.4
04C9E7F71468345A5B3858FF8B9251BC,2016,FORD,FOCUS,PASSENGER CAR,FWD,GASOLINE/E85,59499,2016-08-20,12.4
6E3B4022DC61CB2AF2D69CAA1F30F789,2016,FORD,FOCUS,PASSENGER CAR,FWD,GASOLINE/E85,34976,2016-08-15,12.4
9EEAE95793EF1E5731D68A20827ED768,2016,FORD,FOCUS,PASSENGER CAR,FWD,GASOLINE/E85,41619,2016-09-14,12.4
830C5113848AA92433326688522E28A3,2016,FORD,FOCUS,PASSENGER CAR,FWD,GASOLINE/E85,35606,2016-09-13,12.4
26D8ED6A6CFEEB92912A8B28548E05A3,2016,FORD,FOCUS,PASSENGER CAR,FWD,GASOLINE/E85,77722,2016-08-22,12.4
C020B74B5BE10DED8B0E51FED60BEFFD,2016,FORD,FOCUS,PASSENGER CAR,FWD,GASOLINE/E85,87567,2016-08-30,12.4
0D4515067A144E77EB92573D749E5EF1,2016,FORD,FOCUS,PASSENGER CAR,FWD,GASOLINE/E85,49888,2016-08-04,12.4
E6C9C2BAD4C5770BB53CDDDE9234A27A,2016,FORD,FOCUS,PASSENGER CAR,FWD,GASOLINE/E85,130778,2016-08-25,12.4
EB338FB064BA37BA51214E7E88523C8E,2016,FORD,FOCUS,PASSENGER CAR,FWD,GASOLINE/E85,52091,2016-08-17,12.4
4AE2532B3227AC80B13130170B616AD0,2016,FORD,FOCUS,PASSENGER CAR,FWD,GASOLINE/E85,53250,2016-09-08,12.4
8E64D7110A29CA7FABA2E8124CFECABC,2016,FORD,FOCUS,PASSENGER CAR,FWD,GASOLINE/E85,29870,2016-08-11,12.4
3F18C9E108192149D67C8A70313EEF00,2016,FORD,FOCUS,PASSENGER CAR,FWD,GASOLINE/E85,42480,2016-08-11,12.4
FE9E94DE3574BB65F2F7D18B9F0A8126,2016,FORD,FOCUS,PASSENGER CAR,FWD,GASOLINE/E85,78915,2016-09-12,12.4
0ACA1D0CCF564140FE9967C2D2003A91,2016,FORD,FOCUS,PASSENGER CAR,FWD,GASOLINE/E85,33179,2016-09-12,12.4
B6017BF9683E48039EEA0ED24DE66C17,2016,FORD,FOCUS,PASSENGER CAR,FWD,GASOLINE/E85,36000,2016-08-19,12.4
552FEC88666F04BFEC4901CF30C319C1,2016,FORD,FOCUS,PASSENGER CAR,FWD,GASOLINE/E85,29683,2016-08-29,12.4
CE9C79DAF72015EE57E34A5129AFFC04,2016,FORD,FOCUS,PASSENGER CAR,FWD,GASOLINE/E85,33028,2016-10-17,12.4
6A640F6F9A9AE87418F5D2DBE23398D4,2016,FORD,FOCUS,PASSENGER CAR,FWD,GASOLINE/E85,36179,2016-09-07,12.4
3486F0CA7D61FA4CC275AD8B9B9A3165,2016,FORD,FOCUS,PASSENGER CAR,FWD,GASOLINE/E85,7612,2016-11-04,12.4
E38152D61CF74C451AD246B9C81E5A90,2016,FORD,FOCUS,PASSENGER CAR,FWD,GASOLINE/E85,44825,2016-11-04,12.4
5EE451A13DB810673DF4715B3BF8D0B9,2016,FORD,FOCUS,PASSENGER CAR,FWD,GASOLINE/E85,46721,2016-09-29,12.4
650FEA729E524E509DA31357241F2ABD,2016,FORD,FOCUS,PASSENGER CAR,FWD,GASOLINE/E85,65703,2016-10-28,12.4
90F83A74ED16C4FBC229AB64092CB348,2016,FORD,FOCUS,PASSENGER CAR,FWD,GASOLINE/E85,30119,2016-10-11,12.4
E96945252875E1D89CEAD670B90E26CB,2016,FORD,FOCUS,PASSENGER CAR,FWD,GASOLINE/E85,62862,2016-08-30,12.4
B863517FA353A986D61DED8B2BEA6D1D,2016,FORD,FOCUS,PASSENGER CAR,FWD,GASOLINE/E85,27526,2016-08-16,12.4
B5FF269DF96F08D83B50A5573CFD9D24,2016,FORD,FOCUS,PASSENGER CAR,FWD,GASOLINE/E85,56246,2016-11-29,12.4
5A4C8453D0D2CC3DFC0CA00322ACEDB9,2016,FORD,FOCUS,PASSENGER CAR,FWD,GASOLINE/E85,68075,2016-10-07,12.4
D828DA47DBEE6FE703231C2D161A6DF9,2016,FORD,FOCUS,PASSENGER CAR,FWD,GASOLINE/E85,48786,2016-07-15,12.4
F27EDA8DDDBEC3FE20A04A9049D896C9,2016,FORD,FOCUS,PASSENGER CAR,FWD,GASOLINE/E85,57740,2016-06-08,12.4
E11DA2E223A2A2ADFFA9538CA1E8D76D,2016,FORD,FOCUS,PASSENGER CAR,FWD,GASOLINE/E85,79363,2016-06-10,12.4
5FE9F3B3E4FB04A83021CC1C2A2A3297,2016,FORD,FOCUS,PASSENGER CAR,FWD,GASOLINE/E85,27716,2016-06-10,12.4
B3CE61BB70C9E7CB167E11AEF49497DF,2016,FORD,FOCUS,PASSENGER CAR,FWD,GASOLINE/E85,35820,2016-06-14,12.4
4EDC20BD261FE7693898900BA7BE8F81,2016,FORD,FOCUS,PASSENGER CAR,FWD,GASOLINE/E85,22085,2016-07-28,12.4
98FE4921E03E7749E5E52B0A4C97673C,2016,FORD,FOCUS,PASSENGER CAR,FWD,GASOLINE/E85,43491,2016-07-28,12.4
C0F65D2C1FD87348D1FA910C9F15F171,2016,FORD,FOCUS,PASSENGER CAR,FWD,GASOLINE/E85,41095,2016-07-27,12.4
5BAFFCEB9294C17D1FD25AAFC0D54171,2016,FORD,FOCUS,PASSENGER CAR,FWD,GASOLINE/E85,38606,2016-09-19,12.4
BC77FA9550542736943B0C6E4970AECA,2016,FORD,FOCUS,PASSENGER CAR,FWD,GASOLINE/E85,60070,2016-08-04,12.4
FE4C98CB99F16C0D6EA5E47A223B450B,2016,FORD,FOCUS,PASSENGER CAR,FWD,GASOLINE/E85,71157,2016-08-29,12.4
C51050303FDA476F8A06A0F98C2ED480,2016,FORD,FOCUS,PASSENGER CAR,FWD,GASOLINE/E85,39925,2016-09-02,12.4
006E7F234190FE17F230085481E2DB0D,2016,FORD,FOCUS,PASSENGER CAR,FWD,GASOLINE/E85,83937,2016-08-02,12.4
97DEDBCBE237CF2B5235494494246284,2016,FORD,FOCUS,PASSENGER CAR,FWD,GASOLINE/E85,46484,2016-08-12,12.4
D6FBD9B5F9A61FBE7045E6AA05C6E4EC,2016,FORD,FOCUS,PASSENGER CAR,FWD,GASOLINE/E85,58689,2016-08-19,12.4
D6076B5C5BD488372170571929351F8D,2016,FORD,FOCUS,PASSENGER CAR,FWD,GASOLINE/E85,93284,2016-08-22,12.4
0EDF93CB8498F421E7E1CFB9EF6E9FE3,2016,FORD,FOCUS,PASSENGER CAR,FWD,GASOLINE/E85,71740,2016-09-06,12.4
CE8BFAEC7C7730C2BCAB0BF4B3D3B998,2016,FORD,FOCUS,PASSENGER CAR,FWD,GASOLINE/E85,61247,2016-09-01,12.4
3B5C4C5EB8DDC79469AE605D15B9E6D9,2016,FORD,FOCUS,PASSENGER CAR,FWD,GASOLINE/E85,51707,2016-09-29,12.4
6E5DB242902384A16953E42618036D53,2016,FORD,FOCUS,PASSENGER CAR,FWD,GASOLINE/E85,59996,2016-09-22,12.4
2415A4AED29EEE760A777FD8264DB048,2016,FORD,FOCUS,PASSENGER CAR,FWD,GASOLINE/E85,27497,2016-12-22,12.4
6221CE691F110C715F94D6C7ECE47B84,2016,FORD,FOCUS,PASSENGER CAR,FWD,GASOLINE/E85,70048,2016-08-29,12.4
AF3CA9425DDD1D248AC061652BA76901,2016,FORD,FOCUS,PASSENGER CAR,FWD,GASOLINE/E85,7594,2016-08-10,12.4
676C1CC47284FF354EE8C75D0965A297,2016,FORD,FOCUS,PASSENGER CAR,FWD,GASOLINE/E85,61430,2016-08-15,12.4
48234102C60E936F8DA4674A600CB683,2016,FORD,FOCUS,PASSENGER CAR,FWD,GASOLINE/E85,105076,2016-08-12,12.4
B77DDE705DF47016ABE51C6D235AE0A7,2016,FORD,FOCUS,PASSENGER CAR,FWD,GASOLINE/E85,63607,2016-08-03,12.4
CF58FA15E1E93757CF234064F926C854,2016,FORD,FOCUS,PASSENGER CAR,FWD,GASOLINE/E85,60932,2016-07-22,12.4
DAD84AEED6AB6C544DDE855D066EC2A1,2016,FORD,FOCUS,PASSENGER CAR,FWD,GASOLINE/E85,69547,2016-07-26,12.4
1FB0F0D3A01B285B77F89829D9B468EE,2016,FORD,FOCUS,PASSENGER CAR,FWD,GASOLINE/E85,48938,2016-08-12,12.4
6238A7F3F33098EA5973C3165ACA3C19,2016,FORD,FOCUS,PASSENGER CAR,FWD,GASOLINE/E85,87025,2016-07-19,12.4
3C2C515FA373FBC5B97CC75A1735E945,2016,FORD,FOCUS,PASSENGER CAR,FWD,GASOLINE/E85,78472,2016-08-05,12.4
85A85DC9584213490E0EE442658E0350,2016,FORD,FOCUS,PASSENGER CAR,FWD,GASOLINE/E85,32686,2016-08-05,12.4
6938CD0388C2C920A41597741D5C5769,2016,FORD,FOCUS,PASSENGER CAR,FWD,GASOLINE/E85,63341,2016-08-29,12.4
03C1F922F026A201CAB5AD155CA3AB23,2016,FORD,FOCUS,PASSENGER CAR,FWD,GASOLINE/E85,36170,2016-08-19,12.4
9CD99F065872FA91DEC5304C49ED0CE1,2016,FORD,FOCUS,PASSENGER CAR,FWD,GASOLINE/E85,37386,2016-09-06,12.4
E1F34D591F6757C675B81353ADF53024,2016,FORD,FOCUS,PASSENGER CAR,FWD,GASOLINE/E85,71484,2016-07-25,12.4
6B502B906F86D185F75D20FB717C414F,2016,FORD,FOCUS,PASSENGER CAR,FWD,GASOLINE/E85,33587,2016-10-27,12.4
E1A84F5F3D9834A555D40C3F9B16359A,2016,FORD,FOCUS,PASSENGER CAR,FWD,GASOLINE/E85,44800,2016-11-21,12.4
166D2A1BF4502980E311262822B8C9A5,2016,FORD,FOCUS,PASSENGER CAR,FWD,GASOLINE/E85,34070,2016-10-27,12.4
858BBA1B118D9A406BA46D2A421A6FA9,2016,FORD,FOCUS,PASSENGER CAR,FWD,GASOLINE/E85,52052,2016-10-27,12.4
8C058EC34BF0D5EBADB880F79F3A3ED6,2016,FORD,FOCUS,PASSENGER CAR,FWD,GASOLINE/E85,36995,2016-09-29,12.4
F255FEBF8150614BF4EF6D11673EF47A,2016,FORD,FOCUS,PASSENGER CAR,FWD,GASOLINE/E85,69288,2016-09-09,12.4
0EF389BDB0A203403CA8FFAB0D5C4CCC,2016,FORD,FOCUS,PASSENGER CAR,FWD,GASOLINE/E85,54613,2016-10-13,12.4
E2F38005E5E7B18E7379FDF82A1E8054,2016,FORD,FOCUS,PASSENGER CAR,FWD,GASOLINE/E85,72178,2016-09-21,12.4
A63A619FA0DD0F91F155F0DFAB0E5CA3,2016,FORD,FOCUS,PASSENGER CAR,FWD,GASOLINE/E85,25315,2016-08-11,12.4
3E37779A4BE0631E2EB6EFEBA1A3C251,2016,FORD,FOCUS,PASSENGER CAR,FWD,GASOLINE/E85,43656,2016-08-03,12.4
1024DBE06373F9A59DBA5A9045218242,2016,FORD,FOCUS,PASSENGER CAR,FWD,GASOLINE/E85,24091,2016-09-06,12.4
B8D0D9A7EB23247AA5D8B0A31A43121E,2016,FORD,FOCUS,PASSENGER CAR,FWD,GASOLINE/E85,48286,2016-08-19,12.4
2232318AA7456F602814C6618AF95526,2016,FORD,FOCUS,PASSENGER CAR,FWD,GASOLINE/E85,50805,2016-08-15,12.4
CADEA458EA6909EA3E5B1F665F965255,2016,FORD,FOCUS,PASSENGER CAR,FWD,GASOLINE/E85,25198,2016-08-18,12.4
574A8CE53C3B8A85C98E4A79446946FD,2016,FORD,FOCUS,PASSENGER CAR,FWD,GASOLINE/E85,52825,2016-09-15,12.4
DB54BAD9C8108560635592BFDEBFA4D1,2016,FORD,FOCUS,PASSENGER CAR,FWD,GASOLINE/E85,20251,2016-09-23,12.4
67F12D4DE7902788560E321348A42842,2016,FORD,FOCUS,PASSENGER CAR,FWD,GASOLINE/E85,31919,2016-09-27,12.4
558CC435C97A1109DB6C1071A6A98DA7,2016,FORD,FOCUS,PASSENGER CAR,FWD,GASOLINE/E85,46100,2016-11-21,12.4
30C2F229CDCCA54A7389E6BF197BA5D9,2016,FORD,FOCUS,PASSENGER CAR,FWD,GASOLINE/E85,47635,2016-09-29,12.4
C5B9129FA56717626F7763FE50120315,2016,FORD,FOCUS,PASSENGER CAR,FWD,GASOLINE/E85,47340,2016-09-29,12.4
7D12B82CB60DECB4CA546450DC5AEFE8,2016,FORD,FOCUS,PASSENGER CAR,FWD,GASOLINE/E85,54760,2016-08-09,12.4
2CD9E1F1CEFA58C0F66F1F1F97BA390C,2016,FORD,FOCUS,PASSENGER CAR,FWD,GASOLINE/E85,62025,2016-09-22,12.4
4C3A0B297F4694BDB10E58289A027ACE,2016,FORD,FOCUS,PASSENGER CAR,FWD,GASOLINE/E85,38473,2016-09-06,12.4
23B0650FDDFE03D09F3B88C2DC85AD73,2016,FORD,FOCUS,PASSENGER CAR,FWD,GASOLINE/E85,44510,2016-09-16,12.4
604F2F42069DEA5069BF2538D67E111F,2016,FORD,FOCUS,PASSENGER CAR,FWD,GASOLINE/E85,48383,2016-09-21,12.4
D95D45E219E6155CBAD9EF3F87098D4B,2016,FORD,FOCUS,PASSENGER CAR,FWD,GASOLINE/E85,10290,2016-09-08,12.4
37767DEC6CC9241AA099E8E253E47B3E,2016,FORD,FOCUS,PASSENGER CAR,FWD,GASOLINE/E85,46525,2016-09-28,12.4
9DB8776143E88C7AE1E4C7F858B5DE48,2016,FORD,FOCUS,PASSENGER CAR,FWD,GASOLINE/E85,149868,2016-08-19,12.4
22DAB5C208C91CB6F420654A99E4AE1F,2016,FORD,FOCUS,PASSENGER CAR,FWD,GASOLINE/E85,61692,2016-09-09,12.4
A2DE28D8CC31F51D9ABE10205DF365E1,2016,FORD,FOCUS,PASSENGER CAR,FWD,GASOLINE/E85,42676,2016-08-30,12.4
EDE35373726D4F2B73558CB9F0CB3DDE,2016,FORD,FOCUS,PASSENGER CAR,FWD,GASOLINE/E85,41791,2016-08-19,12.4
FAF74C2288A130B813653905C5A74769,2016,FORD,FOCUS,PASSENGER CAR,FWD,GASOLINE/E85,37500,2016-09-02,12.4
04F6AA129549151A09D0D6073B64B243,2016,FORD,FOCUS,PASSENGER CAR,FWD,GASOLINE/E85,43436,2016-09-16,12.4
5744115A42465C72880CB26BB096EB6C,2016,FORD,FOCUS,PASSENGER CAR,FWD,GASOLINE/E85,65305,2016-08-30,12.4
13F52FBCD8233FB47BABA7FF5E328B1A,2016,FORD,TRANSIT VAN,VAN,RWD,GASOLINE/E85,77768,2016-08-29,25
290B20CF1C372083C65C88F3A944A2B3,2016,FORD,TRANSIT VAN,VAN,RWD,GASOLINE/E85,61103,2016-08-23,25
92A887E4FABDBA1B70C14CAF5DE0A117,2016,FORD,FOCUS,PASSENGER CAR,FWD,GASOLINE/E85,17464,2016-10-07,12.4
47D9BA9CE2C7D87C531F20736DD3F115,2016,FORD,FOCUS,PASSENGER CAR,FWD,GASOLINE/E85,28392,2016-10-07,12.4
F03EFFC9B849075FDB617827A1FF840A,2016,FORD,FOCUS,PASSENGER CAR,FWD,GASOLINE/E85,76657,2016-08-25,12.4
9AD7364C253C5C6D712D3A6BEB81EC65,2016,FORD,FOCUS,PASSENGER CAR,FWD,GASOLINE/E85,54519,2016-08-17,12.4
9D83B4A9D0AF19B89B28E8EB3E4FEE4A,2016,FORD,FOCUS,PASSENGER CAR,FWD,GASOLINE/E85,28973,2016-08-17,12.4
9E025E0CF110415165A65446FB678128,2016,FORD,FOCUS,PASSENGER CAR,FWD,GASOLINE/E85,43524,2016-08-17,12.4
5058C2EA17AFDE88C663E2FEAAD6587E,2016,FORD,FOCUS,PASSENGER CAR,FWD,GASOLINE/E85,33067,2016-09-29,12.4
073F448C129B4458359C26F4D1A402C1,2016,FORD,FOCUS,PASSENGER CAR,FWD,GASOLINE/E85,42923,2016-09-13,12.4
AC5D60BB944FBE5C60182DB5ACEAD364,2016,FORD,FOCUS,PASSENGER CAR,FWD,GASOLINE/E85,45418,2016-08-25,12.4
62D6AD3BB9663FE2419EC0C877040DCB,2016,FORD,FOCUS,PASSENGER CAR,FWD,GASOLINE/E85,64308,2016-09-13,12.4
3E46E677CA12EFF123CEAE9A07AB8F47,2016,FORD,FOCUS,PASSENGER CAR,FWD,GASOLINE/E85,29299,2016-08-17,12.4
F3522916D9B94B71928479D960CBD4FC,2016,FORD,FOCUS,PASSENGER CAR,FWD,GASOLINE/E85,23817,2016-08-17,12.4
D3F07EEBE844DC6924A3C0144A53AC46,2016,FORD,FOCUS,PASSENGER CAR,FWD,GASOLINE/E85,17460,2016-08-17,12.4
01EB1BD744DB1C3187D406804FF8EB89,2016,FORD,FOCUS,PASSENGER CAR,FWD,GASOLINE/E85,32027,2016-08-17,12.4
FE70A82FA30C1168CB24EE9364D91ECD,2016,FORD,FOCUS,PASSENGER CAR,FWD,GASOLINE/E85,28290,2016-09-13,12.4
3325AE0CAA9FE6DEC432BE9495006EEF,2016,FORD,FOCUS,PASSENGER CAR,FWD,GASOLINE/E85,44974,2016-08-23,12.4
56B7350D99137CB2A2B10EBC8BDDE756,2016,FORD,FOCUS,PASSENGER CAR,FWD,GASOLINE/E85,63075,2016-08-23,12.4
BEF4BC14047CA4AC53538394BBF689C6,2016,FORD,FOCUS,PASSENGER CAR,FWD,GASOLINE/E85,48312,2016-09-22,12.4
9B55E9B14C91551BD2B12B63F725CFB6,2016,FORD,FOCUS,PASSENGER CAR,FWD,GASOLINE/E85,29649,2016-08-23,12.4
805F75964E2E477E0E9F36FD56743AAB,2016,FORD,FOCUS,PASSENGER CAR,FWD,GASOLINE/E85,31750,2016-08-25,12.4
611221431EB939A40AB12019AB090F4B,2016,FORD,FOCUS,PASSENGER CAR,FWD,GASOLINE/E85,48964,2016-09-26,12.4
C805D8180491E96FF97A9ABD63752A83,2016,FORD,FOCUS,PASSENGER CAR,FWD,GASOLINE/E85,53762,2016-08-31,12.4
883CA96AC7A2A771780291A6648057EA,2016,FORD,FOCUS,PASSENGER CAR,FWD,GASOLINE/E85,36434,2016-09-26,12.4
53395980F4B9C44B683CB4D2E1855C87,2016,FORD,FOCUS,PASSENGER CAR,FWD,GASOLINE/E85,26227,2016-09-26,12.4
15E6292CF93B34170CB85227944E30F3,2016,FORD,FOCUS,PASSENGER CAR,FWD,GASOLINE/E85,73491,2016-09-28,12.4
00F16AAC9D898C7A683488BDA1F625FE,2016,FORD,FOCUS,PASSENGER CAR,FWD,GASOLINE/E85,17262,2016-08-10,12.4
CB92A9C10B3B1BB70F3E2345867BDAAC,2016,FORD,FOCUS,PASSENGER CAR,FWD,GASOLINE/E85,56437,2016-08-16,12.4
EB9091527AC62E11C59BF559F06BF2BA,2016,FORD,FOCUS,PASSENGER CAR,FWD,GASOLINE/E85,24720,2016-08-09,12.4
9C45DE16A32EEDD5D05329208422BC35,2016,FORD,FOCUS,PASSENGER CAR,FWD,GASOLINE/E85,37190,2016-09-13,12.4
56C74620D6AFD8EC9CA23D86F20C3FD9,2016,FORD,FOCUS,PASSENGER CAR,FWD,GASOLINE/E85,50125,2016-09-26,12.4
5969C6F35C2201295DBFB53287FAB862,2016,FORD,FOCUS,PASSENGER CAR,FWD,GASOLINE/E85,62598,2016-09-06,12.4
81F144F4067C4CDE6775E2A2C29C3CC8,2016,FORD,FOCUS,PASSENGER CAR,FWD,GASOLINE/E85,42128,2017-02-08,12.4
6036D4975D3F176F11BAF6E26657432D,2017,FORD,FOCUS,PASSENGER CAR,FWD,GASOLINE/E85,,2017-10-06,12.4
099A6AA0E5EF80A4BDFBFFCC459FF5AE,2017,FORD,FOCUS,PASSENGER CAR,FWD,GASOLINE/E85,10180,2017-10-06,12.4
77CE00147A81B2F6BCFA1F399E97F859,2017,FORD,F-150,PICKUP TRUCK,RWD,GASOLINE,22461,2017-11-09,23
1A5A03CDDEA0BFA957229F3AFB854FC2,2017,FORD,F-150,PICKUP TRUCK,RWD,GASOLINE,16554,2017-11-27,23
044AD8719C1148DE9233B29B5555A682,2017,FORD,F-150,PICKUP TRUCK,RWD,GASOLINE,32820,2017-10-19,23
E487F8E97544D4B928FA4592C4B9EB1D,2017,FORD,F-150,PICKUP TRUCK,RWD,GASOLINE,23497,2017-08-18,23
70FE8DF37930D5636852343218861E27,2017,FORD,F-150,PICKUP TRUCK,RWD,GASOLINE,23874,2017-08-11,23
81EFDD6494A9B6E10E881759F9F1645D,2017,FORD,F-150,PICKUP TRUCK,RWD,GASOLINE,27447,2017-10-17,23
6A1B2FA7C72A334A8CCF31E740D4100E,2017,FORD,F-150,PICKUP TRUCK,RWD,GASOLINE,36303,2017-08-25,23
2244B179C112D085EC884A5742AF6AF2,2017,FORD,F-150,PICKUP TRUCK,RWD,GASOLINE,16170,2017-07-27,23
3312718C649626801231E89FF7B66F88,2017,FORD,F-150,PICKUP TRUCK,4WD,GASOLINE,57671,2017-08-17,23
976DD0F05E164C5174FE9BAA8A023346,2017,FORD,F-150,PICKUP TRUCK,4WD,GASOLINE,13197,2018-03-07,23
E3029C38357E3FF0E9D7CAC47561C2C6,2017,FORD,F-150,PICKUP TRUCK,4WD,GASOLINE,22656,2017-09-21,23
F6A9625EF68B1A81254562F8198B6AE2,2017,FORD,F-150,PICKUP TRUCK,RWD,GASOLINE,20853,2017-10-02,23
1365BE721778ACDF1DA354BB1F15B5B9,2017,FORD,F-150,PICKUP TRUCK,RWD,GASOLINE,24107,2017-08-11,23
E0A2DB8735FA903147DCFDDC2EA422B1,2017,FORD,F-150,PICKUP TRUCK,RWD,GASOLINE,44188,2017-07-27,23
5B3B849CFACFC30294ADCF7095A86601,2017,FORD,F-150,PICKUP TRUCK,RWD,GASOLINE,29971,2017-09-29,23
48CA89D7C3D7BED431985C662C434409,2017,FORD,F-150,PICKUP TRUCK,RWD,GASOLINE,29166,2017-08-04,23
9EC379F55F11900DB4B13408018C47CA,2017,FORD,F-150,PICKUP TRUCK,RWD,GASOLINE,13188,2017-07-28,23
D215C757E48A445B0A908DDDB9D15D00,2017,FORD,F-150,PICKUP TRUCK,RWD,GASOLINE,19162,2017-09-25,23
A0485B3A2BC7DEC8CAA68612990B0720,2017,FORD,F-150,PICKUP TRUCK,RWD,GASOLINE,18527,2018-01-19,23
4DBE27C34B8EF633DB6710F31B1FF058,2017,FORD,F-150,PICKUP TRUCK,RWD,GASOLINE,18171,2017-10-27,23
4286E391BC49EFDDC1D591A02FEAC838,2017,FORD,F-150,PICKUP TRUCK,RWD,GASOLINE,25771,2017-10-26,23
84409B2C5856331D86C7AE992B3B504B,2017,FORD,F-150,PICKUP TRUCK,RWD,GASOLINE,30684,2017-11-01,23
2422251F1041B2E583D188EEF293FF23,2016,FORD,FOCUS,PASSENGER CAR,FWD,GASOLINE/E85,67388,2016-08-16,12.4
FEF8D1AAABD5756C695E77AFC8767DEB,2016,FORD,FOCUS,PASSENGER CAR,FWD,GASOLINE/E85,39266,2017-02-03,12.4
F6B0D3BBF6B923417ADA1CE9DAEE811A,2016,FORD,FOCUS,PASSENGER CAR,FWD,GASOLINE/E85,56028,2016-08-15,12.4
1E8E4DBCFC5198CF39A2D5E0BBF11055,2016,FORD,FOCUS,PASSENGER CAR,FWD,GASOLINE/E85,32000,2016-08-15,12.4
D86AFE73D8A777DE1224CC18E4152E19,2016,FORD,FOCUS,PASSENGER CAR,FWD,GASOLINE/E85,24474,2016-08-16,12.4
22FF4A85372A09F22E2C6C0428E01B32,2016,FORD,FOCUS,PASSENGER CAR,FWD,GASOLINE/E85,35922,2016-10-21,12.4
4E4478EEAD2B1C0F3273CBF07CD8443A,2017,FORD,F-650,TRUCK,4X2; DUAL REAR WHEELS,GASOLINE,34238,2016-09-07,0
D669862A5683A123074DD50366A6D83A,2017,FORD,F-650,TRUCK,4X2; DUAL REAR WHEELS,GASOLINE,55349,2016-07-15,0
9AAC8DD3796A27591D040417538BCED7,2017,FORD,F-650,TRUCK,4X2; DUAL REAR WHEELS,GASOLINE,59816,2016-09-20,0
4A0C7C6ADB65CF41A35D60C632121C21,2017,FORD,F-650,TRUCK,4X2; DUAL REAR WHEELS,GASOLINE,50208,2016-09-16,65
156B2BA134FDC90ECB0D27C574FB9FCF,2017,FORD,F-650,TRUCK,4X2; DUAL REAR WHEELS,GASOLINE,26572,2016-10-11,0
B567FEAB71E8442A806DC988C9349635,2017,FORD,F-650,TRUCK,4X2; DUAL REAR WHEELS,GASOLINE,23329,2016-10-07,0
9AE594DFAE846059091573B2B6217ABA,2017,FORD,F-650,TRUCK,4X2; DUAL REAR WHEELS,GASOLINE,40930,2016-10-17,0
0E50DCE467DC6AB5D1378F2EE5057524,2017,FORD,F-650,TRUCK,4X2; DUAL REAR WHEELS,GASOLINE,36068,2016-09-09,0
2D1A33FCA55D22FA0DD338E9D911AC34,2017,FORD,F-650,TRUCK,4X2; DUAL REAR WHEELS,GASOLINE,40000,2016-09-14,0
7D31E7CF5661C56BBF954CD4B5977587,2016,FORD,TRANSIT VAN,VAN,RWD,GASOLINE/E85,71340,2016-07-19,25
D25E3D7343F2079021294A942441E53D,2017,FORD,F-650,TRUCK,4X2; DUAL REAR WHEELS,GASOLINE,40018,2016-10-16,0
E4C7B5A3A6F79F1432358057DBB24FE8,2017,FORD,F-650,TRUCK,4X2; DUAL REAR WHEELS,GASOLINE,21772,2016-08-25,0
1279A6220516487F4D72A1030EAF7578,2017,FORD,F-650,TRUCK,4X2; DUAL REAR WHEELS,GASOLINE,42430,2016-10-20,0
4C7AF764D4DA03DE30A2411CE677D2D0,2017,FORD,F-650,TRUCK,4X2; DUAL REAR WHEELS,GASOLINE,39789,2016-10-11,0
42889EAD718F9FCCC785AD6087095FA9,2017,FORD,F-650,TRUCK,4X2; DUAL REAR WHEELS,GASOLINE,21996,2016-10-17,0
34423CC1949B3B4382FFF695622C4027,2017,FORD,F-650,TRUCK,4X2; DUAL REAR WHEELS,GASOLINE,47879,2016-07-15,0
40686FD6E758FA5E9D32F9082696EC9C,2017,FORD,F-650,TRUCK,4X2; DUAL REAR WHEELS,GASOLINE,38470,2016-10-06,0
8A6E995D48A6C3C7A47A57F120D408AA,2017,FORD,F-650,TRUCK,4X2; DUAL REAR WHEELS,GASOLINE,23778,2016-09-13,0
A0ED5DB9FA42E19894AB05E5EDC0027F,2017,FORD,F-650,TRUCK,4X2; DUAL REAR WHEELS,GASOLINE,51287,2016-10-10,0
B3AA5FAB5284F14151715E16EE171819,2016,FORD,EXPLORER,MULTIPURPOSE VEHICLE (MPV),4WD,GASOLINE,124906,2016-05-04,18.6
94D12CF561D415D1BBE9730C6AEDF10C,2016,FORD,FUSION,PASSENGER CAR,FWD,GASOLINE,39654,2016-03-04,16.5
E84EAADBDDB2C115DB5479E34B3E350B,2016,FORD,F-650,TRUCK,4X2; DUAL REAR WHEELS,GASOLINE,83709,2016-04-22,0
B3930915D820B6550A4DEA6D35A79AFD,2016,FORD,FOCUS,PASSENGER CAR,FWD,GASOLINE/E85,18257,2016-09-29,12.4
46F53D653612C9B6F7ECE2C65813176A,2016,FORD,FOCUS,PASSENGER CAR,FWD,GASOLINE/E85,31950,2016-09-13,12.4
48A50D61DCD1F3782E8181DE6476DBC2,2016,FORD,FOCUS,PASSENGER CAR,FWD,GASOLINE/E85,48795,2016-08-29,12.4
1962DDEB182F01CC606017F6032CF1E4,2016,FORD,FOCUS,PASSENGER CAR,FWD,GASOLINE/E85,63620,2016-08-29,12.4
F1C14D8A3AE54DC94929012E59C19001,2016,FORD,FOCUS,PASSENGER CAR,FWD,GASOLINE/E85,64280,2016-08-29,12.4
ED404C1C3597FEFFB1CC40CE970E8C89,2016,FORD,FOCUS,PASSENGER CAR,FWD,GASOLINE/E85,40971,2016-08-08,12.4
3051EB3C74FE6F0C4CEF6D86087E7735,2016,FORD,FOCUS,PASSENGER CAR,FWD,GASOLINE/E85,74876,2016-08-19,12.4
B84D53C3EACE8DAE670178EF8ED77266,2016,CHEVROLET,SILVERADO,PICKUP TRUCK,RWD,GASOLINE/E85,42500,2016-07-29,26
72B21E0DD281337C9315245D541650BA,2016,CHEVROLET,SILVERADO,PICKUP TRUCK,RWD,GASOLINE/E85,99589,2016-08-03,26
3D37FF6821CEB6B9D4C5B42D435CB5CF,2016,CHEVROLET,SILVERADO,PICKUP TRUCK,RWD,GASOLINE/E85,74786,2016-06-22,26
A7ECCB0591EBF3B055707FEAF07B3BF9,2016,FORD,TRANSIT VAN,VAN,RWD,GASOLINE/E85,55386,2016-08-08,25
CBA99036AC11C802351E909587891249,2016,CHEVROLET,SILVERADO,PICKUP TRUCK,RWD,GASOLINE/E85,59625,2016-08-26,34
DB90322EA8FAECE6CA94422F6E019A74,2016,CHEVROLET,SILVERADO,PICKUP TRUCK,RWD,GASOLINE/E85,37095,2016-06-30,34
1F7F74BAA6395F5C160C7ADC4BF63D75,2016,CHEVROLET,SILVERADO,PICKUP TRUCK,RWD,GASOLINE/E85,48624,2016-07-01,34
6340C9FB617507EA419BB86FE23618B2,2016,CHEVROLET,SILVERADO,PICKUP TRUCK,RWD,GASOLINE/E85,60789,2016-07-12,34
DBA18646B84AB48358DF3BC7ECDEA04E,2016,CHEVROLET,SILVERADO,PICKUP TRUCK,RWD,GASOLINE/E85,42448,2016-06-30,34
6E21E6F5796312F5E23900E230658A21,2016,CHEVROLET,SILVERADO,PICKUP TRUCK,RWD,GASOLINE/E85,49707,2016-06-30,34
C2B21E9818DFDE30993DD5F57A349B4E,2016,CHEVROLET,SILVERADO,PICKUP TRUCK,RWD,GASOLINE/E85,30303,2016-07-22,34
B178D46CAAF7DDA84E6CC6EEC356056E,2016,CHEVROLET,SILVERADO,PICKUP TRUCK,RWD,GASOLINE/E85,73458,2016-07-05,34
C171D2343BE15551D5368714ADC5B6D7,2016,CHEVROLET,SILVERADO,PICKUP TRUCK,RWD,GASOLINE/E85,54530,2016-08-05,34
F38DC9123B6293778BE1A685459D8DB7,2016,CHEVROLET,SILVERADO,PICKUP TRUCK,RWD,GASOLINE/E85,45975,2016-08-19,34
3DE83FA5FF230034BC00B1043E9752FB,2016,CHEVROLET,SILVERADO,PICKUP TRUCK,RWD,GASOLINE/E85,59084,2016-06-24,34
421BA0CF71BE55AAA6C4C9C8C8CC132E,2016,CHEVROLET,SILVERADO,PICKUP TRUCK,RWD,GASOLINE/E85,35563,2016-07-13,34
DD5DA58F4B2FAE6B20C8FBB0A913F366,2016,CHEVROLET,SILVERADO,PICKUP TRUCK,RWD,GASOLINE/E85,54350,2016-07-21,34
C0150E686BA5EFCB30AD464BEB905670,2016,CHEVROLET,SILVERADO,PICKUP TRUCK,RWD,GASOLINE/E85,63930,2016-07-21,34
DBD47870B54F2662F986B2119838946A,2016,CHEVROLET,SILVERADO,PICKUP TRUCK,RWD,GASOLINE/E85,23964,2016-09-07,34
E49D9958DB75970AAD94E0A370FB2606,2016,CHEVROLET,SILVERADO,PICKUP TRUCK,RWD,GASOLINE/E85,58132,2016-08-04,34
32CC55DF1C07463C5BE6DCD5C42BE073,2016,CHEVROLET,SILVERADO,PICKUP TRUCK,RWD,GASOLINE/E85,94403,2016-08-18,34
B17915C4904F1E8823BF925183DE67C2,2016,CHEVROLET,SILVERADO,PICKUP TRUCK,RWD,GASOLINE/E85,90025,2016-05-31,34
388998606BCBCA25A987A481E83F4DB8,2016,CHEVROLET,SILVERADO,PICKUP TRUCK,RWD,GASOLINE/E85,64008,2016-05-31,34
F7A9AD8EAC08CF62A9E9733C6A394207,2016,FORD,F-150,PICKUP TRUCK,RWD,GASOLINE/E85,63202,2016-08-18,23
AA38C3594B5D47BE8E17C714A6F159CD,2016,FORD,F-150,PICKUP TRUCK,RWD,GASOLINE/E85,25814,2017-02-14,23
E3E7F223F5CD59239F9AD2EF3FDD79CA,2016,FORD,F-150,PICKUP TRUCK,RWD,GASOLINE/E85,34650,2016-11-30,23
1F93CAA18D97924F8AB52941DA16443B,2016,FORD,F-150,PICKUP TRUCK,RWD,GASOLINE/E85,47375,2016-09-14,23
C240002C142902481F7BA79AA5E6E081,2016,FORD,F-150,PICKUP TRUCK,RWD,GASOLINE/E85,38671,2016-10-05,23
C9ED562965AF322C7FF5DBABAD89B679,2016,FORD,F-150,PICKUP TRUCK,RWD,GASOLINE/E85,78148,2016-10-14,23
F128895D6418D25CC858C5AE141D7A6C,2016,FORD,F-150,PICKUP TRUCK,RWD,GASOLINE/E85,72399,2016-11-28,23
D238FE8F8AD49072B042F7F67010B77B,2016,FORD,F-150,PICKUP TRUCK,RWD,GASOLINE/E85,33871,2016-12-13,23
D65D641D474D776E3A07A6313BDC8719,2016,FORD,F-150,PICKUP TRUCK,RWD,GASOLINE/E85,57748,2016-07-20,23
D55B7FE6C841F376097F7E54F61524D0,2016,FORD,F-150,PICKUP TRUCK,RWD,GASOLINE/E85,66368,2016-10-27,23
1147091D115B436E1BFE15E34F745830,2016,FORD,F-150,PICKUP TRUCK,RWD,GASOLINE/E85,47044,2016-12-22,23
DD631639F908EF60964B8C623407C6A8,2016,FORD,F-150,PICKUP TRUCK,RWD,GASOLINE/E85,88104,2016-08-01,23
43FAF485C586506784EF2029E0D87FAD,2016,FORD,F-150,PICKUP TRUCK,RWD,GASOLINE/E85,81296,2016-06-27,23
215CD30FE6B4402B3D47BB610F765F7F,2016,FORD,F-150,PICKUP TRUCK,RWD,GASOLINE/E85,62788,2016-10-12,23
91F1169A1D0EA2D5DA939084E7B30565,2016,FORD,F-150,PICKUP TRUCK,RWD,GASOLINE/E85,29453,2016-07-22,23
D2D26CD9510A8733F7AD941FC198A563,2016,FORD,F-150,PICKUP TRUCK,RWD,GASOLINE/E85,74426,2016-08-01,23
58B328793B60AF2DE88E6D72CDBB2569,2016,FORD,F-150,PICKUP TRUCK,RWD,GASOLINE/E85,90518,2016-06-23,23
F6A642BDD857D9A8F49E7C98C17938AE,2016,FORD,F-150,PICKUP TRUCK,RWD,GASOLINE/E85,85160,2016-06-15,23
A16CE6E74FEAA53C9D86B16A34002369,2016,FORD,F-150,PICKUP TRUCK,RWD,GASOLINE/E85,78504,2016-07-12,23
AA4DD3A641AA5C01B9F586426A5AE1DB,2016,FORD,F-150,PICKUP TRUCK,RWD,GASOLINE/E85,499644,2016-07-01,23
79810445046AAA12D593BF874852551F,2016,FORD,F-150,PICKUP TRUCK,RWD,GASOLINE/E85,61996,2016-07-01,23
260E86494CCC36203F44896C0F5A7E6E,2016,FORD,F-150,PICKUP TRUCK,RWD,GASOLINE/E85,83116,2016-06-22,23
35428CE5556D98CD0D08F459D8F659B4,2016,FORD,F-150,PICKUP TRUCK,RWD,GASOLINE/E85,65413,2016-07-06,23
4235C63DE6593E85605CF5F456B5312A,2016,FORD,F-150,PICKUP TRUCK,RWD,GASOLINE/E85,83515,2016-06-20,23
6DE66F724B1305F3EBD65D9E99B4A551,2016,FORD,F-150,PICKUP TRUCK,RWD,GASOLINE/E85,91163,2016-06-10,23
EF74140BB1E8BF747434D9F770EB724A,2016,FORD,F-150,PICKUP TRUCK,RWD,GASOLINE/E85,82568,2016-07-11,23
D6277B2E1271A13852DFA5E7EE1DCB7B,2016,FORD,F-150,PICKUP TRUCK,RWD,GASOLINE/E85,100031,2016-06-27,23
90205C95BE8BC1F64462AF1207004E20,2016,FORD,TRANSIT VAN,VAN,RWD,GASOLINE/E85,64050,2016-07-29,25
9B24664F4130F1728DCB97A54C088333,2016,FORD,TRANSIT VAN,VAN,RWD,GASOLINE/E85,55761,2016-10-24,25
72634058051F98625B91CFB50296BC1D,2016,FORD,TRANSIT VAN,VAN,RWD,GASOLINE/E85,26772,2016-11-23,25
FF3713E25C1E843D22F422FC0D9BBBE2,2017,FORD,FOCUS,PASSENGER CAR,FWD,GASOLINE/E85,3990,2017-05-25,12.4
F2218C712BA312EF43540B2AE39E3CB6,2017,FORD,F-150,PICKUP TRUCK,4WD,GASOLINE,40313,2017-09-06,23
8A8E988AE5DCA5B77BCDE4F53C8EAA76,2017,FORD,F-150,PICKUP TRUCK,4WD,GASOLINE,35873,2017-09-27,23
2A9E6D3F3D465BAA4EBC2FEA23F1316E,2016,CHEVROLET,SILVERADO,PICKUP TRUCK,RWD,GASOLINE/E85,28012,2016-08-12,34
A18C7C3F66884BF74134166C35643A53,2016,CHEVROLET,SILVERADO,PICKUP TRUCK,RWD,GASOLINE/E85,34521,2016-10-03,34
9FD5E560DCC34B158A946CF47AEE7FE3,2016,CHEVROLET,SILVERADO,PICKUP TRUCK,RWD,GASOLINE/E85,29300,2016-10-03,34
BBD62D94A5414DD4A7D11E5383C1CD04,2016,CHEVROLET,SILVERADO,PICKUP TRUCK,RWD,GASOLINE/E85,92503,2016-07-26,34
4A4983521A701C9179C533B0EBB11227,2016,CHEVROLET,SILVERADO,PICKUP TRUCK,RWD,GASOLINE/E85,59678,2016-08-30,34
0E0A800556064892ECC9E925ED262D07,2016,CHEVROLET,SILVERADO,PICKUP TRUCK,RWD,GASOLINE/E85,60332,2016-08-30,34
BE4C430FDA8AA1288A1B9F75A17BF903,2016,CHEVROLET,SILVERADO,PICKUP TRUCK,RWD,GASOLINE/E85,64123,2016-09-02,34
953363A8852D62748027779D254B2506,2016,CHEVROLET,SILVERADO,PICKUP TRUCK,RWD,GASOLINE/E85,48201,2016-09-12,34
CF5BA6F670CF303120800DDA8D206D08,2016,CHEVROLET,SILVERADO,PICKUP TRUCK,RWD,GASOLINE/E85,105496,2016-08-22,34
4AE1F61732EA21F78D5060EB027A506F,2016,CHEVROLET,SILVERADO,PICKUP TRUCK,RWD,GASOLINE/E85,40309,2016-09-29,34
AB9CBF4F7EEB47B17311426FF061766D,2016,CHEVROLET,SILVERADO,PICKUP TRUCK,RWD,GASOLINE/E85,60596,2016-09-27,34
CFFE6B87E760C641B0DCCA88C0D9E544,2016,CHEVROLET,SILVERADO,PICKUP TRUCK,RWD,GASOLINE/E85,58808,2016-09-02,34
54819C4896239CAA9592D5B199AA2AA5,2016,CHEVROLET,SILVERADO,PICKUP TRUCK,RWD,GASOLINE/E85,65833,2016-10-20,34
11B7AE7DC404C9E786B1FA40B4D8548A,2016,CHEVROLET,SILVERADO,PICKUP TRUCK,RWD,GASOLINE/E85,55110,2016-10-19,34
5F2CC7E3CB4A19D91E013F06F4D2FBDE,2016,CHEVROLET,SILVERADO,PICKUP TRUCK,RWD,GASOLINE/E85,63594,2016-09-15,34
549A699E2BB2C22236B020850C945A35,2016,CHEVROLET,SILVERADO,PICKUP TRUCK,RWD,GASOLINE/E85,76845,2016-08-19,34
173CF6A8D9509648869172FE838C477F,2016,CHEVROLET,SILVERADO,PICKUP TRUCK,RWD,GASOLINE/E85,45057,2016-10-11,34
EE4AC5B03E78BD8B735B25536F058E1A,2016,CHEVROLET,SILVERADO,PICKUP TRUCK,RWD,GASOLINE/E85,71370,2016-10-07,34
752067AB409381C71A049379F7C986C3,2016,CHEVROLET,SILVERADO,PICKUP TRUCK,RWD,GASOLINE/E85,93169,2016-07-20,34
73F1A5144C487E84AE0241724C1E7AED,2016,CHEVROLET,SILVERADO,PICKUP TRUCK,RWD,GASOLINE/E85,39445,2016-07-20,34
823423F891E52D925AE5C6434DC15E04,2016,CHEVROLET,SILVERADO,PICKUP TRUCK,RWD,GASOLINE/E85,81235,2016-08-23,34
17B4725E0CAD4903355EC55CE6555A0A,2016,CHEVROLET,SILVERADO,PICKUP TRUCK,RWD,GASOLINE/E85,107945,2016-07-29,34
C850737D287DDBEEDCEB28CCF439A62E,2016,CHEVROLET,SILVERADO,PICKUP TRUCK,RWD,GASOLINE/E85,46846,2016-08-16,34
85BB1C3BB27070BE506E3DB6A6ECBB6E,2016,CHEVROLET,SILVERADO,PICKUP TRUCK,RWD,GASOLINE/E85,70428,2016-08-16,34
52EE9A9517D8F1754F5DC7258BA9387A,2016,CHEVROLET,SILVERADO,PICKUP TRUCK,RWD,GASOLINE/E85,49092,2016-09-09,34
510E619A83B0CFF566B8E32DE979B39B,2016,CHEVROLET,SILVERADO,PICKUP TRUCK,RWD,GASOLINE/E85,32251,2016-08-03,34
3C829E256E3D86244D7B8D5D67603F9D,2016,CHEVROLET,SILVERADO,PICKUP TRUCK,RWD,GASOLINE/E85,108800,2016-08-09,34
75F98C8FC36384631DE283FAA203F5EB,2016,CHEVROLET,SILVERADO,PICKUP TRUCK,RWD,GASOLINE/E85,72600,2016-09-21,34
42E724814B4B76B3530D4BECD36F0CE1,2016,CHEVROLET,SILVERADO,PICKUP TRUCK,RWD,GASOLINE/E85,47604,2016-07-18,34
5E16C1DCBB8919819EF075B1CEFEB0ED,2016,CHEVROLET,SILVERADO,PICKUP TRUCK,RWD,GASOLINE/E85,49148,2016-08-18,34
19768C29A89A52D455D2425BE2FF2590,2016,CHEVROLET,SILVERADO,PICKUP TRUCK,RWD,GASOLINE/E85,33958,2016-07-29,34
BCF8D82B9DBDCC77FFFA418D6D10158E,2016,CHEVROLET,SILVERADO,PICKUP TRUCK,RWD,GASOLINE/E85,38170,2016-08-10,34
BC99664458C6CCD45BF4CBFFFEA1FBAC,2018,TOYOTA,TACOMA,PICKUP TRUCK,RWD,GASOLINE,,2018-10-25,21.1
43F15C0554B5F1F56046C537ADC9A5EB,2016,CHEVROLET,SILVERADO,PICKUP TRUCK,RWD,GASOLINE/E85,50510,2016-08-30,34
EA360E655542FAB2FECF0D5A71912536,2016,CHEVROLET,SILVERADO,PICKUP TRUCK,RWD,GASOLINE/E85,65727,2016-08-29,34
52FD262B69826C87C1634DB15F41536A,2016,CHEVROLET,SILVERADO,PICKUP TRUCK,RWD,GASOLINE/E85,31830,2016-09-01,34
C5CA170E7B857F42C80CB5F5FDE8F839,2016,CHEVROLET,SILVERADO,PICKUP TRUCK,RWD,GASOLINE/E85,95686,2016-08-25,34
51FFD4BD7566F2D63CCC217391C9599F,2016,CHEVROLET,SILVERADO,PICKUP TRUCK,RWD,GASOLINE/E85,48860,2016-08-18,34
90B1F517BD4FFDC1571FA42614652B64,2016,CHEVROLET,SILVERADO,PICKUP TRUCK,RWD,GASOLINE/E85,45878,2016-08-30,34
48ED7DED8E969ABF496ABE49617B40AA,2016,CHEVROLET,SILVERADO,PICKUP TRUCK,RWD,GASOLINE/E85,38120,2016-06-27,34
F0007D40971C3F8E147030C5C48535DE,2016,CHEVROLET,SILVERADO,PICKUP TRUCK,RWD,GASOLINE/E85,39478,2016-11-09,34
FAA345EB00574F08F00255F8321C6545,2016,CHEVROLET,SILVERADO,PICKUP TRUCK,RWD,GASOLINE/E85,18125,2016-09-15,34
FE0BF0D72B6E633839A61C5A19F29B60,2016,CHEVROLET,SILVERADO,PICKUP TRUCK,RWD,GASOLINE/E85,61983,2016-10-18,34
82397E0BE6A76DE014A2AB4ECB531FD8,2016,CHEVROLET,SILVERADO,PICKUP TRUCK,RWD,GASOLINE/E85,39742,2016-07-12,34
377A90ECF1904DEB2FFF05BEA62A5E3C,2016,CHEVROLET,SILVERADO,PICKUP TRUCK,RWD,GASOLINE/E85,40514,2016-09-02,34
1EC98104C46DAFEF160F58706608CB3A,2016,CHEVROLET,SILVERADO,PICKUP TRUCK,RWD,GASOLINE/E85,71362,2016-09-21,34
AB15EB66461BFC79A4925F32E4237532,2016,CHEVROLET,SILVERADO,PICKUP TRUCK,RWD,GASOLINE/E85,42374,2016-07-06,34
3FB3B6558BFACCD1AFC125ABC6B5714B,2016,CHEVROLET,SILVERADO,PICKUP TRUCK,RWD,GASOLINE/E85,109884,2016-06-22,34
15576A7FE0EE3BFF94340C8EEB84A0CA,2016,CHEVROLET,SILVERADO,PICKUP TRUCK,RWD,GASOLINE/E85,106970,2016-06-22,34
BFDAC93CB74BA78B9956F6A43BA4F12D,2016,CHEVROLET,SILVERADO,PICKUP TRUCK,RWD,GASOLINE/E85,81372,2016-06-22,34
1799FBB0477B3A85CA92B1C67848D3B4,2016,CHEVROLET,SILVERADO,PICKUP TRUCK,RWD,GASOLINE/E85,83525,2016-07-01,34
786EF62FB56C562101D5DF545649F401,2016,CHEVROLET,SILVERADO,PICKUP TRUCK,RWD,GASOLINE/E85,95206,2016-07-26,34
90E6808FAE54AC1E9475138CA6E3C5F8,2016,CHEVROLET,SILVERADO,PICKUP TRUCK,RWD,GASOLINE/E85,85825,2016-07-10,34
4F7823D502152DA08DFDC71927DDACFC,2016,CHEVROLET,SILVERADO,PICKUP TRUCK,RWD,GASOLINE/E85,76317,2016-07-06,34
B911A82CA429D49C388751D1ECF0B244,2016,CHEVROLET,SILVERADO,PICKUP TRUCK,RWD,GASOLINE/E85,50063,2016-07-13,34
CC9E6366F7BD11BBC4C3BDA3E53A5CD8,2016,CHEVROLET,SILVERADO,PICKUP TRUCK,RWD,GASOLINE/E85,63033,2016-06-15,34
F585549B1ACD56FC9BA3BC801E19D139,2016,CHEVROLET,SILVERADO,PICKUP TRUCK,RWD,GASOLINE/E85,54754,2016-07-12,34
9684F90BFC82BF074FBD266FCE567E33,2016,CHEVROLET,SILVERADO,PICKUP TRUCK,RWD,GASOLINE/E85,65606,2016-07-08,34
E7F49D0F5A99C7D9771B3F246CB9AFAD,2016,CHEVROLET,SILVERADO,PICKUP TRUCK,RWD,GASOLINE/E85,84843,2016-08-04,34
5924E48F457FC9B9D5EA6C588DEF84CB,2016,CHEVROLET,SILVERADO,PICKUP TRUCK,RWD,GASOLINE/E85,61058,2016-06-22,34
4CFB16092F16933E362653B8472F83D8,2016,CHEVROLET,SILVERADO,PICKUP TRUCK,RWD,GASOLINE/E85,57126,2016-08-17,34
93DA0DE20DC79981395EDAF95D683BD9,2016,CHEVROLET,SILVERADO,PICKUP TRUCK,RWD,GASOLINE/E85,48616,2016-07-15,34
3EAC7F5D2F58D1F4A3298EF8B5B3D587,2016,CHEVROLET,SILVERADO,PICKUP TRUCK,RWD,GASOLINE/E85,35407,2016-07-25,34
37BB40B5870CBFDFB8F81CAB7DB7FA6E,2016,CHEVROLET,SILVERADO,PICKUP TRUCK,RWD,GASOLINE/E85,49753,2016-08-03,34
FD1F02CFDACEE5280F87DE1A121F10BF,2016,CHEVROLET,SILVERADO,PICKUP TRUCK,RWD,GASOLINE/E85,39181,2016-08-12,34
060261129CB32AB3F06730E348CB5BBE,2016,CHEVROLET,SILVERADO,PICKUP TRUCK,RWD,GASOLINE/E85,48361,2016-08-08,34
E1C6ED7DCF992BE67B55E65956258C51,2016,CHEVROLET,SILVERADO,PICKUP TRUCK,RWD,GASOLINE/E85,30567,2016-08-19,34
072597A2D77F606D9E6698155C359253,2016,CHEVROLET,SILVERADO,PICKUP TRUCK,RWD,GASOLINE/E85,42261,2016-07-21,34
43AEC8E3C6479BB7F99BB3C229C750FC,2016,CHEVROLET,SILVERADO,PICKUP TRUCK,RWD,GASOLINE/E85,44702,2016-06-17,34
747E7F8156E902DA7955CD3FC916D234,2016,CHEVROLET,SILVERADO,PICKUP TRUCK,RWD,GASOLINE/E85,47303,2016-07-27,34
4B77E8D6CA5CEAAD14BB89C29E095EED,2016,CHEVROLET,SILVERADO,PICKUP TRUCK,RWD,GASOLINE/E85,56473,2016-08-18,34
082EBF146CE01431C39E5168BE9E735B,2016,CHEVROLET,SILVERADO,PICKUP TRUCK,RWD,GASOLINE/E85,60269,2016-07-21,34
25A5559DB0043179E67144CADC9DBACB,2016,CHEVROLET,SILVERADO,PICKUP TRUCK,RWD,GASOLINE/E85,35450,2016-07-07,34
A1D6DBAE185ABBD36AD0C3ACDC1CA4A2,2016,CHEVROLET,SILVERADO,PICKUP TRUCK,RWD,GASOLINE/E85,59355,2016-07-18,34
C5440F38CC8ABF87F14E9BBB70679CDB,2016,CHEVROLET,SILVERADO,PICKUP TRUCK,RWD,GASOLINE/E85,85711,2016-07-28,34
61A0177E57123DFEDB9999269FF97074,2016,CHEVROLET,SILVERADO,PICKUP TRUCK,RWD,GASOLINE/E85,72859,2016-08-08,34
D5306501C9ADD5632F5B2976BE257A13,2016,CHEVROLET,SILVERADO,PICKUP TRUCK,RWD,GASOLINE/E85,33570,2016-08-24,34
8151DE6DA45C422E5DF8ADEE6BC64879,2016,CHEVROLET,SILVERADO,PICKUP TRUCK,RWD,GASOLINE/E85,74712,2016-08-04,34
ADB8AE9A6E403E7FF635338B9A1ABD68,2016,CHEVROLET,SILVERADO,PICKUP TRUCK,RWD,GASOLINE/E85,16554,2016-09-08,34
390E82B037CC78ECADE0260275AE91CE,2016,CHEVROLET,SILVERADO,PICKUP TRUCK,RWD,GASOLINE/E85,55087,2016-08-11,34
F38334F4B9EF7ED45508596F215F1D3B,2016,CHEVROLET,SILVERADO,PICKUP TRUCK,RWD,GASOLINE/E85,64328,2016-08-04,34
B05DDA8720F056BF45ED647DDF11DAAF,2018,TOYOTA,TACOMA,PICKUP TRUCK,RWD,GASOLINE,,2018-10-29,21.1
DF7FCAEFFE9898A47A633D53C1DAA23D,2018,TOYOTA,TACOMA,PICKUP TRUCK,RWD,GASOLINE,2817,2018-10-12,21.1
078643810DF5171FAA59D6BFCBD094E4,2018,TOYOTA,TACOMA,PICKUP TRUCK,RWD,GASOLINE,429,2018-10-03,21.1
28ECC0A9327BF5E9E089422E89896E46,2016,CHEVROLET,SILVERADO,PICKUP TRUCK,RWD,GASOLINE/E85,40656,2016-08-10,34
A7BB76462F5A94B9D0324FF80E5B9F36,2016,CHEVROLET,SILVERADO,PICKUP TRUCK,RWD,GASOLINE/E85,71431,2016-08-03,34
3D5105A40ECBA0352DC6CF7E5571FD2D,2016,CHEVROLET,SILVERADO,PICKUP TRUCK,RWD,GASOLINE/E85,39453,2016-08-29,34
BAF7423F86EFE4F4624D3B2D802C182A,2016,CHEVROLET,SILVERADO,PICKUP TRUCK,RWD,GASOLINE/E85,45300,2016-08-09,34
72C4EFDE3837D1D39FCB7A39DDFF40B5,2016,CHEVROLET,SILVERADO,PICKUP TRUCK,RWD,GASOLINE/E85,54429,2016-08-04,34
448533FBC92BF1D4842866CB5EB2FB41,2016,CHEVROLET,SILVERADO,PICKUP TRUCK,RWD,GASOLINE/E85,30005,2016-08-11,34
A2E096CC596FE1A356C7BB3417D3B286,2016,CHEVROLET,SILVERADO,PICKUP TRUCK,RWD,GASOLINE/E85,60686,2016-07-21,34
DFF5C217D0C44605F337BE5810743800,2016,CHEVROLET,SILVERADO,PICKUP TRUCK,RWD,GASOLINE/E85,60485,2016-06-07,34
23A0F4E939E7B73A592175A0904A745C,2016,CHEVROLET,SILVERADO,PICKUP TRUCK,RWD,GASOLINE/E85,67575,2016-08-26,34
7CA85AB07E6107D331C64375B90D146E,2016,CHEVROLET,SILVERADO,PICKUP TRUCK,RWD,GASOLINE/E85,55811,2016-06-16,34
23392803EDE5A468D9204B9F1D7FD4E0,2016,CHEVROLET,SILVERADO,PICKUP TRUCK,RWD,GASOLINE/E85,66584,2016-06-24,34
2497B3E298126FE4E1983764BBC277F4,2016,CHEVROLET,SILVERADO,PICKUP TRUCK,RWD,GASOLINE/E85,80529,2016-06-21,34
4003E332DA1D2EAB4F082F8EA2B74493,2016,CHEVROLET,SILVERADO,PICKUP TRUCK,RWD,GASOLINE/E85,94696,2016-06-16,34
C7AB08980256920D667B8BF1F63565D4,2016,CHEVROLET,SILVERADO,PICKUP TRUCK,RWD,GASOLINE/E85,58879,2016-06-27,34
5284EF8DF3108215DDB108A00CED0AEE,2016,CHEVROLET,SILVERADO,PICKUP TRUCK,RWD,GASOLINE/E85,40748,2016-06-10,34
7E8ED7AC7C934E1957D31E3601E5991F,2016,CHEVROLET,SILVERADO,PICKUP TRUCK,RWD,GASOLINE/E85,64151,2016-06-15,34
1675E11FEDBAC2488EA93A70B41EAA58,2016,CHEVROLET,SILVERADO,PICKUP TRUCK,RWD,GASOLINE/E85,68494,2016-07-19,34
6ADD87D41E9860939EB4D2CA87E8BDC4,2016,CHEVROLET,SILVERADO,PICKUP TRUCK,RWD,GASOLINE/E85,82971,2016-06-23,34
C0071D80E9A771591C7EB203F5C6AFB0,2016,CHEVROLET,SILVERADO,PICKUP TRUCK,RWD,GASOLINE/E85,27491,2016-06-22,34
3FD9320186895C8FE86B058084F4AFE7,2016,CHEVROLET,SILVERADO,PICKUP TRUCK,RWD,GASOLINE/E85,28900,2016-06-15,34
3D2A13B444835D007C7C026CCEE05F58,2016,CHEVROLET,SILVERADO,PICKUP TRUCK,RWD,GASOLINE/E85,79428,2016-06-28,34
C7ECB60050C5097EEE37079DC1CA0070,2016,CHEVROLET,SILVERADO,PICKUP TRUCK,RWD,GASOLINE/E85,47594,2016-07-22,34
7686261980577804D692095B5F199447,2016,CHEVROLET,SILVERADO,PICKUP TRUCK,RWD,GASOLINE/E85,94461,2016-09-02,34
0FB828746B795808F951B555E72D3546,2016,CHEVROLET,SILVERADO,PICKUP TRUCK,RWD,GASOLINE/E85,71726,2016-08-05,34
28349755B6D971CC420B222737E4F511,2016,CHEVROLET,SILVERADO,PICKUP TRUCK,RWD,GASOLINE/E85,59326,2016-06-14,34
9DB0040AEE16200D5750CFEF5F12AD55,2016,CHEVROLET,SILVERADO,PICKUP TRUCK,RWD,GASOLINE/E85,77469,2016-06-15,34
49DDF3FC6D50297E37373F3010B4BF2D,2016,CHEVROLET,SILVERADO,PICKUP TRUCK,RWD,GASOLINE/E85,58446,2016-08-04,34
088CC4A023BE9E16FAE9E70728714DBE,2016,CHEVROLET,SILVERADO,PICKUP TRUCK,RWD,GASOLINE/E85,51884,2016-06-24,34
EB514FD69B35C3018A4179C5B9F202E6,2016,CHEVROLET,SILVERADO,PICKUP TRUCK,RWD,GASOLINE/E85,60104,2016-06-16,34
83EAF7AF38F6C8F9551067F4ED3E70A1,2016,CHEVROLET,SILVERADO,PICKUP TRUCK,RWD,GASOLINE/E85,31084,2016-08-04,34
B63246ED2637DC388DF7627BE8E67866,2016,CHEVROLET,SILVERADO,PICKUP TRUCK,RWD,GASOLINE/E85,42441,2016-06-15,34
759EA68FE122BAE6168EFB773C521117,2016,CHEVROLET,SILVERADO,PICKUP TRUCK,RWD,GASOLINE/E85,35409,2016-07-22,34
12D8C7D632B1B9019B7E3B08BC14E404,2016,CHEVROLET,SILVERADO,PICKUP TRUCK,RWD,GASOLINE/E85,85285,2016-08-18,34
38874C6E06A92756BF7B5793976C6B6E,2016,CHEVROLET,SILVERADO,PICKUP TRUCK,RWD,GASOLINE/E85,83280,2016-06-23,34
19744D46FC0557AD3D3DCBE674AB8EFA,2016,CHEVROLET,SILVERADO,PICKUP TRUCK,RWD,GASOLINE/E85,73524,2016-06-24,34
478EB2907B2E96D3C31FE7C56522D42C,2016,CHEVROLET,SILVERADO,PICKUP TRUCK,RWD,GASOLINE/E85,35104,2016-08-03,34
2143F08ACFAE80389F9CF585CEB4F988,2016,CHEVROLET,SILVERADO,PICKUP TRUCK,RWD,GASOLINE/E85,33010,2016-08-16,34
F9CBD4AE12C06DD53B5183820B42E079,2016,CHEVROLET,SILVERADO,PICKUP TRUCK,RWD,GASOLINE/E85,57419,2016-06-02,34
531F52A878BBFDFD3BB2CB4394EFA633,2016,CHEVROLET,SILVERADO,PICKUP TRUCK,RWD,GASOLINE/E85,28916,2016-06-02,34
9590BE4AB41A62DA895D6B0FB85C5596,2016,CHEVROLET,SILVERADO,PICKUP TRUCK,RWD,GASOLINE/E85,47940,2016-06-13,34
8BB10496C46CE8AFB63723B40DD029B5,2016,CHEVROLET,SILVERADO,PICKUP TRUCK,RWD,GASOLINE/E85,40477,2016-07-15,34
6173B7764A0C7566903890584E6D4EF3,2016,CHEVROLET,SILVERADO,PICKUP TRUCK,RWD,GASOLINE/E85,48211,2016-08-11,34
530A29E2B45AE50E6C21086CE780A0E1,2016,CHEVROLET,SILVERADO,PICKUP TRUCK,RWD,GASOLINE/E85,60597,2016-08-17,34
669417A6CD6E4E3D701472652C5D8C7C,2016,CHEVROLET,SILVERADO,PICKUP TRUCK,RWD,GASOLINE/E85,38412,2016-06-24,34
C9603D34545F25F7B7A2AFF4E0098821,2016,CHEVROLET,SILVERADO,PICKUP TRUCK,RWD,GASOLINE/E85,82166,2016-08-02,34
B2D486C1B39CCFA398D8A56F615C1143,2016,CHEVROLET,SILVERADO,PICKUP TRUCK,RWD,GASOLINE/E85,43232,2016-08-11,34
C9C05D5A9C04FE711F2EDC395B899183,2016,CHEVROLET,SILVERADO,PICKUP TRUCK,RWD,GASOLINE/E85,26170,2016-08-03,34
B30F4790D6146410EFAA5134C5AB8BC4,2016,CHEVROLET,SILVERADO,PICKUP TRUCK,RWD,GASOLINE/E85,47300,2016-07-22,34
7804130208E00404BC22032923C0EEA1,2016,CHEVROLET,SILVERADO,PICKUP TRUCK,RWD,GASOLINE/E85,52984,2016-08-18,34
9F5A503F0297BA017AE57ED35B08561F,2016,CHEVROLET,SILVERADO,PICKUP TRUCK,RWD,GASOLINE/E85,26944,2016-06-24,34
375CE2EB4B1EFCA7AB2B5A277D05C925,2016,CHEVROLET,SILVERADO,PICKUP TRUCK,RWD,GASOLINE/E85,89859,2016-08-16,34
07D6132736991AB572DEED8C9923EA2E,2016,CHEVROLET,SILVERADO,PICKUP TRUCK,RWD,GASOLINE/E85,59500,2016-09-27,34
9B6922B46912963B36C962C251E5C6DC,2018,TOYOTA,TACOMA,PICKUP TRUCK,RWD,GASOLINE,,2018-10-29,21.1
24511F542DF2E1B5FDBA5D2EEC8F1F24,2018,TOYOTA,TACOMA,PICKUP TRUCK,RWD,GASOLINE,,2018-11-01,21.1
B594AAFEF3A254E6C16A30E4F1233E0D,2018,TOYOTA,TACOMA,PICKUP TRUCK,RWD,GASOLINE,,2018-11-01,21.1
058CB152EB98BE9C7A4FDBA7B6DB986B,2018,TOYOTA,TACOMA,PICKUP TRUCK,RWD,GASOLINE,,2018-10-26,21.1
8936E3880150BEAACA66B0ECF5E74DE0,2016,CHEVROLET,SILVERADO,PICKUP TRUCK,RWD,GASOLINE/E85,70119,2016-09-19,34
C1C59D9F84C67892FC3F67330C5BFDD0,2016,CHEVROLET,SILVERADO,PICKUP TRUCK,RWD,GASOLINE/E85,47500,2016-12-20,34
286C3E0607E7CF3182D0FD0248F0AC0F,2016,CHEVROLET,SILVERADO,PICKUP TRUCK,RWD,GASOLINE/E85,59553,2017-01-12,34
95AB39FEDB17D067D855C67F9CC11F9C,2016,CHEVROLET,SILVERADO,PICKUP TRUCK,RWD,GASOLINE/E85,35807,2016-12-30,34
BCA63CDE14C2DE4DBEB57FBE3B53BB3F,2016,CHEVROLET,SILVERADO,PICKUP TRUCK,RWD,GASOLINE/E85,43219,2016-12-30,34
F30401BCCD4BF23B3255EA23AD00BBAE,2018,TOYOTA,TACOMA,PICKUP TRUCK,RWD,GASOLINE,2617,2018-10-12,21.1
7BBEEF1452C1246780ABDA067140AD65,2018,TOYOTA,TACOMA,PICKUP TRUCK,RWD,GASOLINE,5,2018-08-28,21.1
0A668A60C9B254BBB06041BB98242B47,2018,TOYOTA,TACOMA,PICKUP TRUCK,RWD,GASOLINE,175,2018-10-29,21.1
CA425588B74BBC5FDB25EF96CC654078,2016,CHEVROLET,SILVERADO,PICKUP TRUCK,RWD,GASOLINE/E85,31658,2016-08-04,34
39C65629E77816D7101603438B9F2C27,2016,CHEVROLET,SILVERADO,PICKUP TRUCK,RWD,GASOLINE/E85,35914,2016-08-04,34
7BC2F1A76868457C6EC9137FCA550999,2016,CHEVROLET,SILVERADO,PICKUP TRUCK,RWD,GASOLINE/E85,76062,2016-08-23,34
F9CFA041DC5F4F8860C906111C1F803A,2016,CHEVROLET,SILVERADO,PICKUP TRUCK,RWD,GASOLINE/E85,59363,2016-06-27,34
70619514BFFB9C3301863EF0EC51806C,2016,CHEVROLET,SILVERADO,PICKUP TRUCK,RWD,GASOLINE/E85,64534,2016-09-07,34
896EDED6614128263D4F2146BE17B83B,2016,CHEVROLET,SILVERADO,PICKUP TRUCK,RWD,GASOLINE/E85,76932,2016-09-29,34
A23A8BBFEC2B3C74BE4389A16EB17C06,2016,CHEVROLET,SILVERADO,PICKUP TRUCK,RWD,GASOLINE/E85,40961,2016-09-13,34
6EA37B6E967DB03E57B472E41BB67560,2016,CHEVROLET,SILVERADO,PICKUP TRUCK,RWD,GASOLINE/E85,94682,2016-09-13,34
2C521E5C28B7E0B541BC0885B17E32AA,2016,CHEVROLET,SILVERADO,PICKUP TRUCK,RWD,GASOLINE/E85,52946,2016-07-14,34
FC37183C6FE8646080E30B5D3C68AA92,2016,CHEVROLET,SILVERADO,PICKUP TRUCK,RWD,GASOLINE/E85,57695,2016-07-12,34
E6EE8FA063C58091A9315D7EA0DD091E,2016,CHEVROLET,SILVERADO,PICKUP TRUCK,RWD,GASOLINE/E85,39648,2016-08-16,34
3FD941E56CC86758B8F151FD9A8D0D05,2016,CHEVROLET,SILVERADO,PICKUP TRUCK,RWD,GASOLINE/E85,42938,2016-08-25,34
E3C3B8A35CC3BC209466BD4118C423E1,2016,CHEVROLET,SILVERADO,PICKUP TRUCK,RWD,GASOLINE/E85,83224,2016-08-26,34
4CAD680A71234144FB99AD09F313DBE2,2016,CHEVROLET,SILVERADO,PICKUP TRUCK,RWD,GASOLINE/E85,41956,2016-08-10,34
4E50FC0D035CBFCB6AFE58BB25938C0B,2016,CHEVROLET,SILVERADO,PICKUP TRUCK,RWD,GASOLINE/E85,49814,2016-07-08,34
1F462016240306F963AAA06EEB2564DC,2016,CHEVROLET,SILVERADO,PICKUP TRUCK,RWD,GASOLINE/E85,44006,2016-07-28,34
A0BA8352364F86213BB4874A0DB60A75,2016,CHEVROLET,SILVERADO,PICKUP TRUCK,RWD,GASOLINE/E85,77879,2016-08-23,34
2205AAFEC08BE1DC3F0A5634360CF25B,2016,CHEVROLET,SILVERADO,PICKUP TRUCK,RWD,GASOLINE/E85,82749,2016-08-17,34
ED52C03DF8B3063C4BBD1D8C1C95B634,2016,CHEVROLET,SILVERADO,PICKUP TRUCK,RWD,GASOLINE/E85,37824,2016-08-24,34
E31F953BA5C27EED98619E19B7B94B1A,2016,CHEVROLET,SILVERADO,PICKUP TRUCK,RWD,GASOLINE/E85,45527,2016-09-07,34
26D70A29DB9D755DF6581438535D42A4,2016,CHEVROLET,SILVERADO,PICKUP TRUCK,RWD,GASOLINE/E85,49205,2016-08-18,34
9EB446941C77A9455CF6EFC669ED9A86,2016,CHEVROLET,SILVERADO,PICKUP TRUCK,RWD,GASOLINE/E85,31665,2016-08-29,34
6C5613C14E49CE993BD0631C7E5EFB33,2016,CHEVROLET,SILVERADO,PICKUP TRUCK,RWD,GASOLINE/E85,25848,2016-08-15,34
9EFB050648D3A3F26E0A3C0CAC152853,2016,CHEVROLET,SILVERADO,PICKUP TRUCK,RWD,GASOLINE/E85,101246,2016-07-06,34
458577689582C4202C65A3D46521737B,2016,CHEVROLET,SILVERADO,PICKUP TRUCK,RWD,GASOLINE/E85,36823,2016-08-12,34
52EB1D7AB4F4DBEBD4F8170F0C83F700,2018,FORD,EXPLORER,MULTIPURPOSE VEHICLE (MPV),FWD,GASOLINE,4285,2018-03-18,18.6
CAC3CC551BDDE0003584DDD274306C05,2018,CHEVROLET,SILVERADO,PICKUP TRUCK,RWD,GASOLINE/E85,8674,2018-06-14,34
EAC19F709B9AE00D2401C51826DBF1CC,2018,CHEVROLET,SILVERADO,PICKUP TRUCK,RWD,GASOLINE/E85,16321,2018-05-30,34
849AED19EB33369AC02AEED8F9FB8277,2018,CHEVROLET,SILVERADO,PICKUP TRUCK,RWD,GASOLINE/E85,4903,2018-07-24,34
D5C3FCC3AF770CFFDB36880C33862B4B,2018,FORD,F-150,PICKUP TRUCK,RWD,GASOLINE/E85,14090,2018-05-04,23
8261F65A205B5A9A916DEA15F5D39716,2018,FORD,TRANSIT VAN,VAN,RWD,GASOLINE/E85,13784,2018-05-04,25
488A2E288A132AC566D94CD43E0CF06E,2018,FORD,TRANSIT VAN,VAN,RWD,GASOLINE/E85,10509,2018-05-15,25
EB2361324B0568D4A07A119577EE4706,2018,FORD,TRANSIT VAN,VAN,RWD,GASOLINE/E85,16028,2018-05-11,25
3E52FB208001AB1274BAB442C2D4BE02,2018,CHEVROLET,SILVERADO,PICKUP TRUCK,RWD,GASOLINE/E85,21063,2018-04-25,34
81BBD7329BA64865F9BD04CC123E8102,2018,FORD,F-150,PICKUP TRUCK,RWD,GASOLINE/E85,7369,2018-08-22,23
680F2F80F21983920002C22CAB243E99,2018,FORD,F-150,PICKUP TRUCK,RWD,GASOLINE/E85,8517,2018-04-04,23
8B72582DD0E6FE27CDBAD14CC6CB123B,2018,FORD,F-150,PICKUP TRUCK,RWD,GASOLINE/E85,4213,2018-07-31,23
B823D1885AC0E2C5014DBDA909DC555E,2018,FORD,F-150,PICKUP TRUCK,RWD,GASOLINE/E85,5742,2018-05-25,23
AAD31752B1F359CF86F682564A29B3FE,2018,CHEVROLET,SILVERADO,PICKUP TRUCK,RWD,GASOLINE/E85,23910,2018-04-12,34
37C69F8ADF67A37F04228311451FC13D,2018,CHEVROLET,SILVERADO,PICKUP TRUCK,RWD,GASOLINE/E85,20412,2018-04-26,34
1C1B2739993F1855D1BB305B8B397B04,2018,CHEVROLET,SILVERADO,PICKUP TRUCK,RWD,GASOLINE/E85,5895,2018-08-16,34
92FE7C13B57517C5B0AF1A66DBCE7F07,2018,CHEVROLET,SILVERADO,PICKUP TRUCK,RWD,GASOLINE/E85,17733,2018-04-26,34
B7FE15FDBF7CA22A4FAF9FE7AF8BB126,2018,FORD,F-150,PICKUP TRUCK,RWD,GASOLINE/E85,3970,2018-08-02,23
0B0069C25938F7B70B54E44862FA6C5A,2018,FORD,TRANSIT VAN,VAN,RWD,GASOLINE/E85,9523,2018-05-24,25
2D0FB8E379BB2A42B44B7378890F15A6,2018,CHEVROLET,SILVERADO,PICKUP TRUCK,RWD,GASOLINE/E85,14204,2018-04-11,34
95CA1A93CB76D35F610F7A2F8EAEBF0B,2018,CHEVROLET,SILVERADO,PICKUP TRUCK,RWD,GASOLINE/E85,555555,2018-07-05,34
4F6F8967402026955E0ACA5CCE339559,2018,CHEVROLET,SILVERADO,PICKUP TRUCK,RWD,GASOLINE/E85,7235,2018-07-12,34
E89825BE5254A3BC3193B74B47B613D6,2018,CHEVROLET,SILVERADO,PICKUP TRUCK,RWD,GASOLINE/E85,7009,2018-06-14,34
2CA0F04A248E3B7AAE89DA14C9DD9FF7,2018,CHEVROLET,SILVERADO,PICKUP TRUCK,RWD,GASOLINE/E85,11946,2018-05-18,34
64FB9ACB48240955AE25572F7273F04F,2018,CHEVROLET,SILVERADO,PICKUP TRUCK,RWD,GASOLINE/E85,22463,2018-04-19,34
D78D7C20EA633E3CABE174B25C8238B2,2018,CHEVROLET,SILVERADO,PICKUP TRUCK,RWD,GASOLINE/E85,9676,2018-07-07,34
509F04DD770B19534A1FB44C24EA80A4,2018,CHEVROLET,SILVERADO,PICKUP TRUCK,RWD,GASOLINE/E85,21234,2018-05-04,34
0E3E5583DBD4BDBD6DFF33C0CA3FA9D6,2018,CHEVROLET,SILVERADO,PICKUP TRUCK,RWD,GASOLINE/E85,21944,2018-04-04,34
5C41DDDFD1CC6EBB8E9F765D1C65C9BD,2018,CHEVROLET,SILVERADO,PICKUP TRUCK,RWD,GASOLINE/E85,13639,2018-07-05,34
50158B214B4BC59F1B1F9A4FDAC3FEE1,2018,CHEVROLET,SILVERADO,PICKUP TRUCK,RWD,GASOLINE/E85,29001,2018-05-02,34
461E2971B98A08EA18F06B3B8F7D3456,2018,CHEVROLET,SILVERADO,PICKUP TRUCK,RWD,GASOLINE/E85,14630,2018-05-22,34
A52E5001C2E132E8BBA5FC55381FF335,2018,CHEVROLET,SILVERADO,PICKUP TRUCK,RWD,GASOLINE/E85,17005,2018-04-06,34
921FA924CC343CF605294F576867BE56,2018,CHEVROLET,SILVERADO,PICKUP TRUCK,RWD,GASOLINE/E85,3998,2018-08-09,34
755EC01FE91731E30FE19DB90631D012,2018,FORD,F-250,PICKUP TRUCK,4WD,GASOLINE/E85,2117,2018-09-26,34
5FC21B05F67B22B9EDF0A677E6FB5A8C,2018,FORD,F-250,PICKUP TRUCK,RWD,GASOLINE/E85,33162,2018-04-06,34
2B64E7FF158CF7F7FF57CB8C7013D26A,2018,CHEVROLET,SILVERADO,PICKUP TRUCK,RWD,GASOLINE/E85,11246,2018-05-14,34
51BEAC5DE19CC047163DF89CC900D756,2018,FORD,F-150,PICKUP TRUCK,RWD,GASOLINE/E85,2760,2018-06-27,23
43C252DD73F6470961BCF530BB7F3409,2018,CHEVROLET,SILVERADO,PICKUP TRUCK,RWD,GASOLINE/E85,21750,2018-05-22,34
D84AAB15766F7313EE9BAFCFB6AB0463,2018,CHEVROLET,SILVERADO,PICKUP TRUCK,RWD,GASOLINE/E85,7942,2018-08-04,34
211910D7857D115E2D87BE62A36669BE,2018,FORD,F-150,PICKUP TRUCK,RWD,GASOLINE/E85,12545,2018-05-10,23
1259CFAB5CF3E57D7BF1EE015A7DF952,2018,FORD,F-150,PICKUP TRUCK,RWD,GASOLINE/E85,12989,2018-05-04,23
E085AB8C08D8BE03764842EEA41092FA,2018,FORD,EXPLORER,MULTIPURPOSE VEHICLE (MPV),FWD,GASOLINE,19064,2018-03-14,18.6
94D80DB5C41C7698FAA34E4E5F4F214B,2018,CHEVROLET,COLORADO,PICKUP TRUCK,RWD,GASOLINE/E85,4684,2018-06-07,21
DC31AD0350E5AA19429F04279410C581,2018,CHEVROLET,COLORADO,PICKUP TRUCK,RWD,GASOLINE/E85,17567,2018-05-07,21
4E15C2D05000496EA34A69FBD1DF7055,2018,CHEVROLET,COLORADO,PICKUP TRUCK,RWD,GASOLINE/E85,,2018-10-09,21
851B002EF520ACB83434E16B34A4C1D6,2018,FORD,EXPLORER,MULTIPURPOSE VEHICLE (MPV),4WD,GASOLINE,22434,2018-03-12,18.6
44CCA8BF58577FB8616EF127B6E75602,2018,FORD,F-150,PICKUP TRUCK,4WD,GASOLINE,33340,2018-02-01,26
21EB04A2B17893A6501940C8A2B56181,2018,CHEVROLET,COLORADO,PICKUP TRUCK,RWD,GASOLINE/E85,10506,2018-03-16,21
4E12D9FC3588ED7895DDD53F00A6888D,2018,CHEVROLET,COLORADO,PICKUP TRUCK,4WD,GASOLINE/E85,8640,2018-05-08,21
10C32EE1683D35CBB384DE58061FD3BD,2018,CHEVROLET,SILVERADO,PICKUP TRUCK,RWD,GASOLINE/E85,4920,2018-07-09,34
09D6C2219A606FDB01379CC426C717FD,2018,CHEVROLET,SILVERADO,PICKUP TRUCK,RWD,GASOLINE/E85,10861,2018-05-03,34
0CA8879D8041E16CCB280326ACEB7E7B,2018,CHEVROLET,SILVERADO,PICKUP TRUCK,RWD,GASOLINE/E85,10766,2018-05-16,34
A576052E86BECADFAD23E5DCE9ED7F89,2018,FORD,F-150,PICKUP TRUCK,RWD,GASOLINE/E85,29675,2018-04-16,23
955FE4224A7A9A3173D47768D9B3DE21,2018,FORD,F-150,PICKUP TRUCK,RWD,GASOLINE/E85,9729,2018-07-09,23
1BD666B42D5A77F64067A112BE15F34E,2018,FORD,F-150,PICKUP TRUCK,RWD,GASOLINE/E85,19308,2018-03-21,36
8D74C18AE828C27286C9405F01803A53,2018,FORD,F-150,PICKUP TRUCK,RWD,GASOLINE/E85,22725,2018-04-12,23
4549B46E496A0D5CBBF8279ABB876360,2018,CHEVROLET,COLORADO,PICKUP TRUCK,RWD,GASOLINE/E85,6993,2018-07-20,21
D266B5BFB26AEB16B135439C2A2FD1ED,2018,CHEVROLET,COLORADO,PICKUP TRUCK,RWD,GASOLINE/E85,6620,2018-04-02,21
FCEE616AC137045F0EBF6E83844C5F28,2018,FORD,F-150,PICKUP TRUCK,RWD,GASOLINE/E85,14595,2018-03-03,23
6504F610990AE2D31B7689DE84A4A623,2018,CHEVROLET,SILVERADO,PICKUP TRUCK,RWD,GASOLINE/E85,13729,2018-05-24,34
759299B7E98A49725C31521D5A13E39B,2018,CHEVROLET,SILVERADO,PICKUP TRUCK,RWD,GASOLINE/E85,12764,2018-05-02,34
555A0F2064C79E306D496FC1D56233ED,2018,CHEVROLET,SILVERADO,PICKUP TRUCK,RWD,GASOLINE/E85,7958,2018-04-24,34
3242400404A08762F4624FE1C6CB9AC7,2018,CHEVROLET,COLORADO,PICKUP TRUCK,RWD,GASOLINE/E85,7332,2018-05-10,21
E8323F9B7C50FE864925AD67A9004DE8,2018,CHEVROLET,COLORADO,PICKUP TRUCK,RWD,GASOLINE/E85,,2018-05-14,21
B095D55039D558F0C8808E5E02342CD3,2018,CHEVROLET,COLORADO,PICKUP TRUCK,4WD,GASOLINE/E85,7095,2018-05-08,21
54F7046EC3C55D34201A06E8BDF80DF4,2018,CHEVROLET,COLORADO,PICKUP TRUCK,4WD,GASOLINE/E85,13083,2018-05-08,21
4E44B82A5F648DE93B71D1C5C616EE64,2018,CHEVROLET,SILVERADO,PICKUP TRUCK,RWD,GASOLINE/E85,2734,2018-06-29,34
BCFACE1C6AEDB4C996A4352E23DE1EA6,2018,CHEVROLET,SILVERADO,PICKUP TRUCK,RWD,GASOLINE/E85,4825,2018-07-23,34
1D3B1AA7B7DB70012CC35CC08BE10E7C,2018,CHEVROLET,SILVERADO,PICKUP TRUCK,RWD,GASOLINE/E85,11091,2018-05-10,34
49FC979A1E8C3EDFC54FF45CB376EB68,2018,CHEVROLET,SILVERADO,PICKUP TRUCK,RWD,GASOLINE/E85,18198,2018-05-04,34
2B13B14773D48F61CD304619CA38C088,2018,CHEVROLET,COLORADO,PICKUP TRUCK,RWD,GASOLINE/E85,7131,2018-05-30,21
884FA0FA6D4407975B6C99C4B7634C25,2018,CHEVROLET,COLORADO,PICKUP TRUCK,RWD,GASOLINE/E85,,2018-10-09,21
BCFA7D916C8685093BA1F6B2B1A6AA8A,2018,CHEVROLET,SILVERADO,PICKUP TRUCK,RWD,GASOLINE/E85,8650,2018-07-03,34
9ADA2305DD8F18EF2F43CAB12C9C5503,2018,CHEVROLET,SILVERADO,PICKUP TRUCK,RWD,GASOLINE/E85,19425,2018-03-09,34
A6E01A8855DD51B1FF303305ECEFCB2B,2018,CHEVROLET,SILVERADO,PICKUP TRUCK,RWD,GASOLINE/E85,16677,2018-04-20,34
0AEC434DE8AA507D50B4231D424FA926,2018,CHEVROLET,SILVERADO,PICKUP TRUCK,RWD,GASOLINE/E85,16247,2018-05-02,34
AD791858B426582B7D7DCE28F3FBAD17,2018,CHEVROLET,SILVERADO,PICKUP TRUCK,RWD,GASOLINE/E85,,2018-08-10,34
083A2A70057DA448252D3913D5974BE7,2018,FORD,F-150,PICKUP TRUCK,RWD,GASOLINE/E85,6841,2018-05-04,23
4B77C7CE607876FB1B0CF07C655886B5,2018,CHEVROLET,SILVERADO,PICKUP TRUCK,RWD,GASOLINE/E85,7135,2018-07-09,34
EA901A4E808882D663A7E51620311A7B,2018,CHEVROLET,SILVERADO,PICKUP TRUCK,RWD,GASOLINE/E85,22115,2018-05-01,34
1106246F2FAC8B39F361328FC39B712D,2018,CHEVROLET,SILVERADO,PICKUP TRUCK,RWD,GASOLINE/E85,1982,2018-09-10,34
B80310234DF45C0793EC9194EB66A7AE,2018,CHEVROLET,SILVERADO,PICKUP TRUCK,RWD,GASOLINE/E85,5001,2018-08-28,34
246B75F5831F305B662E2A383C41E32C,2018,FORD,F-150,PICKUP TRUCK,RWD,GASOLINE/E85,6872,2018-08-14,23
4903FC0DDDF7E9B20448D341E8929A4F,2018,FORD,F-150,PICKUP TRUCK,RWD,GASOLINE/E85,9692,2018-05-04,23
ECE003CB960D5C9996EFF0D1B45E9A57,2018,FORD,F-150,PICKUP TRUCK,RWD,GASOLINE/E85,18931,2018-04-06,23
CB988E7B2DB2034B15FB1369E5020277,2018,FORD,TRANSIT VAN,VAN,RWD,GASOLINE/E85,11490,2018-04-02,25
8E46A727B8B3319205BC720A8C844D65,2018,CHEVROLET,SILVERADO,PICKUP TRUCK,RWD,GASOLINE/E85,23142,2018-05-24,34
D0D24F00990C4914755DFC49A5410F42,2018,FORD,EXPLORER,MULTIPURPOSE VEHICLE (MPV),FWD,GASOLINE,18419,2018-03-08,18.6
5FD4F1233A8F9326F0B6707C88A1AC0E,2018,CHEVROLET,SILVERADO,PICKUP TRUCK,RWD,GASOLINE/E85,12036,2018-04-19,34
8B2A5103F101D5808E43DDD3B78F2AFC,2018,CHEVROLET,SILVERADO,PICKUP TRUCK,RWD,GASOLINE/E85,15112,2018-05-09,34
C31BC7C50260E75243D3D36ED29633D6,2018,FORD,EXPLORER,MULTIPURPOSE VEHICLE (MPV),FWD,GASOLINE,20761,2018-02-25,18.6
FDE47EDA028C3FF037AE2D41065E4BE2,2018,CHEVROLET,COLORADO,PICKUP TRUCK,RWD,GASOLINE/E85,21656,2018-04-02,21
0AAEA32D552C35FEF554EDF750193636,2018,CHEVROLET,COLORADO,PICKUP TRUCK,RWD,GASOLINE/E85,8700,2018-05-09,21
AB7BB2E289D0E88ECC358E8D99142E35,2018,CHEVROLET,COLORADO,PICKUP TRUCK,RWD,GASOLINE/E85,26306,2018-05-07,21
FFE2A102F7DABB2DC8C1261A7F254AD4,2018,CHEVROLET,SILVERADO,PICKUP TRUCK,RWD,GASOLINE/E85,3123,2018-08-09,34
ED81296CBFF141EAA50431F5BFB0673B,2018,FORD,F-150,PICKUP TRUCK,RWD,GASOLINE/E85,,2018-10-19,23
F43002FCEBD20B160CF4B805A52A2CFB,2018,FORD,F-150,PICKUP TRUCK,RWD,GASOLINE/E85,16733,2018-04-25,23
C93BF2765494A320D697E51338564DA9,2018,FORD,F-150,PICKUP TRUCK,RWD,GASOLINE/E85,12042,2018-04-03,23
2A388888E1AA7AF49676A6A2FF877086,2018,FORD,F-150,PICKUP TRUCK,RWD,GASOLINE/E85,21229,2018-04-16,23
744E1A3AE7BA8BE0681A41DC529FDA09,2018,FORD,F-150,PICKUP TRUCK,RWD,GASOLINE/E85,10451,2018-07-02,23
404FF0ABE9BD0649FBB35E91275EE434,2018,FORD,F-150,PICKUP TRUCK,RWD,GASOLINE/E85,16288,2018-03-28,23
6D428BFA8589E3BD26A8821AC5E624E6,2018,CHEVROLET,COLORADO,PICKUP TRUCK,RWD,GASOLINE/E85,16334,2018-06-20,21
82F574F70C97DB653C1E7921A4FAFFE2,2018,CHEVROLET,COLORADO,PICKUP TRUCK,RWD,GASOLINE/E85,2854,2018-06-08,21
75CF946BE23A026B06E9527EDBE5440F,2018,CHEVROLET,SILVERADO,PICKUP TRUCK,RWD,GASOLINE/E85,15532,2018-04-18,34
2D96E1AAA3E6518783AB9A90BEBB37F3,2018,CHEVROLET,SILVERADO,PICKUP TRUCK,RWD,GASOLINE/E85,16782,2018-03-22,34
039240230426CFB768E5B5FA5AE75506,2018,CHEVROLET,SILVERADO,PICKUP TRUCK,RWD,GASOLINE/E85,6249,2018-05-16,34
59F0278376131F26B51B830C630382F9,2018,CHEVROLET,SILVERADO,PICKUP TRUCK,RWD,GASOLINE/E85,4722,2018-08-02,34
21DD1EF2881092BE874A2032F755673F,2018,FORD,F-150,PICKUP TRUCK,RWD,GASOLINE/E85,9712,2018-05-08,23
5EBAA6D17CA06986021678E50707B9F7,2018,FORD,F-150,PICKUP TRUCK,RWD,GASOLINE/E85,8320,2018-05-04,23
510901C26CC93C6B35E1B86DCE829C0F,2018,FORD,F-150,PICKUP TRUCK,RWD,GASOLINE/E85,7160,2018-08-10,23
6D355E8E58AB34DC4C4AD795AD96559D,2018,FORD,F-150,PICKUP TRUCK,RWD,GASOLINE/E85,2313,2018-06-04,23
C82FCE2E4F72C2ACEA01605ABC0D0C95,2018,FORD,F-150,PICKUP TRUCK,RWD,GASOLINE/E85,9163,2018-03-07,23
E141F0555725D3A17FF56B2B4D4A34EF,2017,FORD,TRANSIT VAN,VAN,RWD,GASOLINE/E85,20332,2017-09-01,25
F24C51720641E31FCB292520534B27EC,2018,CHEVROLET,SILVERADO,PICKUP TRUCK,RWD,GASOLINE/E85,13850,2018-06-15,34
E59C3385C42BACF04756D3B68DD66F0A,2018,CHEVROLET,SILVERADO,PICKUP TRUCK,RWD,GASOLINE/E85,4236,2018-05-31,34
3BF365776D60E126338FD04E3E388041,2018,CHEVROLET,SILVERADO,PICKUP TRUCK,RWD,GASOLINE/E85,3413,2018-04-16,34
1CB0431FF855E62B44CB84C03DACE810,2018,CHEVROLET,SILVERADO,PICKUP TRUCK,4WD,GASOLINE/E85,6927,2018-08-17,34
017C6DD56FAEECA7A354DBC7CE303682,2018,CHEVROLET,SILVERADO,PICKUP TRUCK,RWD,GASOLINE/E85,11168,2018-03-12,34
4B1AAF8BE3A7A154D785A0F5BD8E8A30,2018,CHEVROLET,SILVERADO,PICKUP TRUCK,RWD,GASOLINE/E85,12742,2018-05-10,34
CA4EF0E48B0CF4D162D88C94D6BE7B7E,2018,CHEVROLET,SILVERADO,PICKUP TRUCK,RWD,GASOLINE/E85,20253,2018-05-02,34
A190CA205259BDED0BADC5E6150486B3,2018,CHEVROLET,SILVERADO,PICKUP TRUCK,RWD,GASOLINE/E85,9827,2018-05-04,34
19A5C5C031F2C58D56B428180DCD9131,2018,CHEVROLET,SILVERADO,PICKUP TRUCK,RWD,GASOLINE/E85,10338,2018-07-09,34
F4EAABEC9F145F7809E26B4470D77E83,2018,CHEVROLET,SILVERADO,PICKUP TRUCK,RWD,GASOLINE/E85,6751,2018-08-07,34
E05FC3F47E4D32A2F570530E5E19FF58,2018,FORD,F-150,PICKUP TRUCK,RWD,GASOLINE/E85,18954,2018-04-19,23
2459D86666C3342C9C42DBB49692D3F0,2018,FORD,F-150,PICKUP TRUCK,4WD,GASOLINE/E85,18970,2018-03-07,23
A3009EFE2DCCEC23B4D22F8D08C2026F,2018,CHEVROLET,SILVERADO,PICKUP TRUCK,RWD,GASOLINE/E85,16041,2018-05-14,34
5B1ECE3517E0F1628222ED69B6313D0C,2018,CHEVROLET,SILVERADO,PICKUP TRUCK,RWD,GASOLINE/E85,18481,2018-03-01,34
096BD95982D540284331071D70B99721,2018,FORD,F-150,PICKUP TRUCK,RWD,GASOLINE/E85,9959,2018-04-20,23
07B21D740D81ECFC2E13A913FF560D52,2018,FORD,F-150,PICKUP TRUCK,RWD,GASOLINE/E85,28333,2018-04-27,23
451932E5C6943A8537026E049FC65B7C,2018,CHEVROLET,COLORADO,PICKUP TRUCK,RWD,GASOLINE/E85,3729,2018-07-23,21
66E4D510227A1C76FFB6144A6AB9E3AE,2018,FORD,F-150,PICKUP TRUCK,RWD,GASOLINE/E85,12621,2018-05-03,23
F2399A3012035B10B0EC762EB715B609,2018,FORD,F-150,PICKUP TRUCK,RWD,GASOLINE/E85,9628,2018-02-28,23
457E9F1E089B7E7A6CE8892D52F9CB80,2018,FORD,F-150,PICKUP TRUCK,4WD,GASOLINE/E85,5540,2018-02-23,23
12BCDF133F9B9A0D1C7C5853945877F9,2018,FORD,F-150,PICKUP TRUCK,RWD,GASOLINE/E85,16685,2018-03-01,23
87A75BA17B7947F78191C4895133BFF6,2018,FORD,F-150,PICKUP TRUCK,RWD,GASOLINE/E85,6990,2018-06-21,23
7FD619C064D5D3FC43373F3A41B02E86,2018,CHEVROLET,SILVERADO,PICKUP TRUCK,RWD,GASOLINE/E85,5045,2018-03-22,34
2F0C7D697ACF6FABA075A4A6611CB119,2018,CHEVROLET,SILVERADO,PICKUP TRUCK,RWD,GASOLINE/E85,14557,2018-04-02,34
938AA2250E3900DEA5EAE6752B55B71E,2018,CHEVROLET,SILVERADO,PICKUP TRUCK,RWD,GASOLINE/E85,9752,2018-05-12,34
B6D8C876FF36C86FBEC0A5ED5D17B818,2018,CHEVROLET,SILVERADO,PICKUP TRUCK,RWD,GASOLINE/E85,16000,2018-04-12,34
5CA8054ABAEF88C615F63B96FD313960,2018,FORD,F-150,PICKUP TRUCK,RWD,GASOLINE/E85,19976,2018-03-02,23
DE70F1949912B447E360E1A634124743,2018,CHEVROLET,SILVERADO,PICKUP TRUCK,RWD,GASOLINE/E85,20040,2018-04-20,34
829E0BE8AF9624BA7AA5E9EE38A69DFA,2018,CHEVROLET,SILVERADO,PICKUP TRUCK,RWD,GASOLINE/E85,17248,2018-04-16,34
43982866B5C67E1FFBF3F3A957A5ABF9,2018,CHEVROLET,SILVERADO,PICKUP TRUCK,RWD,GASOLINE/E85,15942,2018-04-18,34
4381C226499B7E355E2106DB8468E779,2018,CHEVROLET,SILVERADO,PICKUP TRUCK,RWD,GASOLINE/E85,3637,2018-04-10,34
704CD5D0679291922FB65D85425A138F,2018,CHEVROLET,SILVERADO,PICKUP TRUCK,RWD,GASOLINE/E85,8863,2018-05-23,34
DFBF89AF95C33CE14E0FCDF215EA2953,2018,CHEVROLET,SILVERADO,PICKUP TRUCK,RWD,GASOLINE/E85,19568,2018-04-12,34
2DAA170333E4B595E094BDCE7A080861,2018,CHEVROLET,SILVERADO,PICKUP TRUCK,RWD,GASOLINE/E85,19969,2018-04-11,34
87E9B4B9C63011A1D9F911740430B086,2018,CHEVROLET,SILVERADO,PICKUP TRUCK,RWD,GASOLINE/E85,32753,2018-04-02,34
04F39E3DD93EDD88953BDDDF6E165476,2018,CHEVROLET,SILVERADO,PICKUP TRUCK,RWD,GASOLINE/E85,15515,2018-04-23,34
C1161E587183071D72EC3454631783B6,2018,CHEVROLET,SILVERADO,PICKUP TRUCK,RWD,GASOLINE/E85,9643,2018-05-10,34
2EC1BA656F0C5FFB5307D1E5287C45F6,2018,CHEVROLET,SILVERADO,PICKUP TRUCK,RWD,GASOLINE/E85,15069,2018-04-19,34
581782FCF093DDFC5037480679F21E15,2018,CHEVROLET,SILVERADO,PICKUP TRUCK,RWD,GASOLINE/E85,27863,2018-04-09,34
46A6648E7171B8C7A828B9D516D47F96,2018,CHEVROLET,SILVERADO,PICKUP TRUCK,RWD,GASOLINE/E85,22287,2018-04-06,34
5564D3BD16EF6D81EB3D07DE01426798,2018,CHEVROLET,SILVERADO,PICKUP TRUCK,RWD,GASOLINE/E85,24819,2018-05-08,34
9EB7EA68175B96B92D46913C060447F4,2018,CHEVROLET,SILVERADO,PICKUP TRUCK,RWD,GASOLINE/E85,17172,2018-04-18,34
EFC34330897C384443AD75EE92234CE6,2018,CHEVROLET,SILVERADO,PICKUP TRUCK,RWD,GASOLINE/E85,10313,2018-05-24,34
DDB85D279A0CCC263FD8258824F0AF57,2018,CHEVROLET,SILVERADO,PICKUP TRUCK,RWD,GASOLINE/E85,15048,2018-05-15,34
98192817B6743B91FF0AA370B00A694F,2018,CHEVROLET,SILVERADO,PICKUP TRUCK,RWD,GASOLINE/E85,12602,2018-03-16,34
78C46218F46C5159AB722363A53DA84E,2018,CHEVROLET,SILVERADO,PICKUP TRUCK,RWD,GASOLINE/E85,11174,2018-03-22,34
7608C23844EBF32209F8A5FEABE17F16,2018,CHEVROLET,SILVERADO,PICKUP TRUCK,RWD,GASOLINE/E85,13193,2018-05-15,34
DAB8A8DD755B9ACB9E85507D8859D1F2,2018,CHEVROLET,SILVERADO,PICKUP TRUCK,RWD,GASOLINE/E85,15154,2018-04-12,34
0FFBBB1E6FB8BD14141894917E1C46F3,2018,CHEVROLET,SILVERADO,PICKUP TRUCK,RWD,GASOLINE/E85,11085,2018-05-11,34
4D4FD47D2861DB2FBAC758E09A9737FC,2018,CHEVROLET,SILVERADO,PICKUP TRUCK,RWD,GASOLINE/E85,13600,2018-04-18,34
F3C30B36564E6F6231DF5B8AE8AFB997,2018,CHEVROLET,SILVERADO,PICKUP TRUCK,RWD,GASOLINE/E85,23810,2018-05-16,34
6FE6C75C8F004DC65B193B02FCC42460,2018,CHEVROLET,SILVERADO,PICKUP TRUCK,RWD,GASOLINE/E85,16035,2018-04-19,34
F09766312AE4AE423701864E9991C7FC,2018,CHEVROLET,SILVERADO,PICKUP TRUCK,RWD,GASOLINE/E85,21000,2018-06-16,34
1863FA4C7C0DCAC2E7AFCDE59B7F8696,2018,CHEVROLET,SILVERADO,PICKUP TRUCK,RWD,GASOLINE/E85,8900,2018-06-25,34
8D729DD811983926ED60C31E7A157E2E,2018,CHEVROLET,SILVERADO,PICKUP TRUCK,4WD,GASOLINE/E85,18569,2018-04-12,34
86FD083585FB7AC47AC275E76A58BA76,2018,CHEVROLET,SILVERADO,PICKUP TRUCK,4WD,GASOLINE/E85,15588,2018-06-29,34
309C3DD919381E096C2A44D2F2FABA60,2018,CHEVROLET,SILVERADO,PICKUP TRUCK,RWD,GASOLINE/E85,10883,2018-05-25,34
246960DBFEB6A8AF3B850E23402AF024,2018,CHEVROLET,SILVERADO,PICKUP TRUCK,RWD,GASOLINE/E85,14009,2018-03-21,34
FFA19447DCCAE03FD4F75224BEFF60AC,2018,CHEVROLET,SILVERADO,PICKUP TRUCK,4WD,GASOLINE/E85,21401,2018-05-15,34
074E202FF8AC919BBEAFC1A7C3785EE3,2018,CHEVROLET,SILVERADO,PICKUP TRUCK,4WD,GASOLINE/E85,19536,2018-04-12,34
76A922E25BAF4062C34EA6F4AE8D81D3,2018,FORD,F-150,PICKUP TRUCK,RWD,GASOLINE/E85,4269,2018-05-30,23
61EE143370AF6FA3FEA62349E2FC0279,2018,FORD,F-150,PICKUP TRUCK,RWD,GASOLINE/E85,5733,2018-07-20,23
F83A1359E7C004DD685A4B5AAD5D87BC,2018,FORD,F-150,PICKUP TRUCK,RWD,GASOLINE/E85,11571,2018-04-16,23
FDA4E32BC1ABCFAC399ABB9ED3479365,2018,CHEVROLET,SILVERADO,PICKUP TRUCK,RWD,GASOLINE/E85,22082,2018-05-01,34
40AD1B19BCC5DC6C6958746D358A4D67,2018,CHEVROLET,SILVERADO,PICKUP TRUCK,RWD,GASOLINE/E85,31925,2018-04-09,34
2F05C88E8CFD3BE45A5D7D3E624C8BB1,2018,CHEVROLET,SILVERADO,PICKUP TRUCK,RWD,GASOLINE/E85,11080,2018-04-16,34
D418602F0941065D00E6173B3FF3E62D,2018,CHEVROLET,SILVERADO,PICKUP TRUCK,RWD,GASOLINE/E85,14470,2018-04-16,34
4B97CFA6E4BE88501AAA6F41264C95C6,2018,CHEVROLET,SILVERADO,PICKUP TRUCK,RWD,GASOLINE/E85,13851,2018-04-12,34
9DBCACDCB1980ACCA178B4C5476E53DA,2018,CHEVROLET,SILVERADO,PICKUP TRUCK,RWD,GASOLINE/E85,17052,2018-04-25,34
B88B017A35CEC7906909C40A074D9492,2018,CHEVROLET,SILVERADO,PICKUP TRUCK,RWD,GASOLINE/E85,8130,2018-04-16,34
4734F8758B8CA97D3E50049E96F47558,2018,CHEVROLET,SILVERADO,PICKUP TRUCK,RWD,GASOLINE/E85,13051,2018-05-21,34
D4E70975460C08D2C02CF0D8D4EA971D,2018,CHEVROLET,SILVERADO,PICKUP TRUCK,RWD,GASOLINE/E85,29047,2018-04-16,34
922058845D23C93112664B5CA82232AC,2018,CHEVROLET,SILVERADO,PICKUP TRUCK,RWD,GASOLINE/E85,15341,2018-03-22,34
AEC0852646572D64B4BF33D41E5CA02E,2018,CHEVROLET,SILVERADO,PICKUP TRUCK,RWD,GASOLINE/E85,25147,2018-03-22,34
CB2EF4DD3526E66E1B2C70BC4A9C7BEC,2018,CHEVROLET,SILVERADO,PICKUP TRUCK,RWD,GASOLINE/E85,14062,2018-04-18,34
279CFCC6D34C2EA324F969E4304A62B9,2018,CHEVROLET,SILVERADO,PICKUP TRUCK,RWD,GASOLINE/E85,18092,2018-03-20,34
58E789E97234B2C2F25F39EBF41085C4,2018,CHEVROLET,SILVERADO,PICKUP TRUCK,RWD,GASOLINE/E85,10688,2018-04-06,34
9F6977EC492BF749A8E65EE9D63D46D5,2018,CHEVROLET,SILVERADO,PICKUP TRUCK,RWD,GASOLINE/E85,10795,2018-04-06,34
8140409AD9D16FE5C1D6E3E688270B64,2018,CHEVROLET,SILVERADO,PICKUP TRUCK,RWD,GASOLINE/E85,6300,2018-05-02,34
06C20E6683C0DE78F716422A13A7B59C,2018,CHEVROLET,SILVERADO,PICKUP TRUCK,RWD,GASOLINE/E85,25899,2018-05-08,34
5248A6F7EA3F5401FB452F61B30AAC55,2018,CHEVROLET,SILVERADO,PICKUP TRUCK,RWD,GASOLINE/E85,13500,2018-03-28,34
749621D01DBEFCB9B457457AD5B231DE,2018,CHEVROLET,SILVERADO,PICKUP TRUCK,RWD,GASOLINE/E85,32,2018-08-15,34
90950C5904BCF533BCC4FEB237E612BE,2018,CHEVROLET,SILVERADO,PICKUP TRUCK,RWD,GASOLINE/E85,,2018-09-18,34
3E41A2F643E2290E862B1AAC2DAB839D,2018,CHEVROLET,SILVERADO,PICKUP TRUCK,4WD,GASOLINE/E85,13108,2018-05-18,34
67A2C3F2116468FD81C6AAE9BDB7A1E8,2018,CHEVROLET,SILVERADO,PICKUP TRUCK,RWD,GASOLINE/E85,17287,2018-04-18,34
FE5EE64CBA4CBD5D510FF16596F0476F,2018,CHEVROLET,SILVERADO,PICKUP TRUCK,RWD,GASOLINE/E85,18111,2018-05-03,34
7FFA02077C9C3D6584E6430CBD74BC2C,2018,CHEVROLET,SILVERADO,PICKUP TRUCK,RWD,GASOLINE/E85,3811,2018-04-09,34
57D618C0D0D3F955B9135A64DF7869A1,2018,CHEVROLET,SILVERADO,PICKUP TRUCK,RWD,GASOLINE/E85,16081,2018-05-03,34
CE817ED5F0CF80ADDE8EF650A22FC47E,2018,CHEVROLET,SILVERADO,PICKUP TRUCK,RWD,GASOLINE/E85,19124,2018-03-20,34
C0D5F1F1F0EFDBC8E70318D149E85BA3,2018,CHEVROLET,COLORADO,PICKUP TRUCK,RWD,GASOLINE/E85,4700,2018-07-17,21
E55BB6980D1F0C62A93909248B0B6027,2018,FORD,F-150,PICKUP TRUCK,RWD,GASOLINE/E85,7000,2018-07-10,23
A003A65D00DD0DF7CB3BAA2E5D4CD2EF,2018,CHEVROLET,SILVERADO,PICKUP TRUCK,RWD,GASOLINE/E85,3819,2018-06-08,34
B5D7650D4CB5D150A16553BA91E40B00,2018,CHEVROLET,SILVERADO,PICKUP TRUCK,4WD,GASOLINE/E85,16785,2018-05-18,34
0D9A75A4D3A12F9367B24E213E875910,2018,CHEVROLET,SILVERADO,PICKUP TRUCK,RWD,GASOLINE/E85,20116,2018-05-01,34
AF3ADBA5FEDAF011EE0537B08F18CBE2,2018,CHEVROLET,SILVERADO,PICKUP TRUCK,RWD,GASOLINE/E85,18851,2018-05-17,34
02DB25430DF160DC7232B0E396DC934F,2018,FORD,F-150,PICKUP TRUCK,RWD,GASOLINE/E85,2838,2018-08-01,23
04DDE53BA38AE2069605B96B2222DA3B,2018,CHEVROLET,SILVERADO,PICKUP TRUCK,RWD,GASOLINE/E85,15752,2018-04-13,34
26E3AF05073C68BA9B0C3A715F600400,2018,CHEVROLET,SILVERADO,PICKUP TRUCK,RWD,GASOLINE/E85,13057,2018-03-29,34
D0274F2500BC3C910BE4EF3C8608E528,2018,CHEVROLET,SILVERADO,PICKUP TRUCK,RWD,GASOLINE/E85,16547,2018-04-27,34
782C57099949F79E04044866C24FEEE3,2018,CHEVROLET,SILVERADO,PICKUP TRUCK,RWD,GASOLINE/E85,14396,2018-05-08,34
C6753FB3762B8F191CECAF894236DD79,2018,CHEVROLET,COLORADO,PICKUP TRUCK,RWD,GASOLINE/E85,5305,2018-06-25,21
07681B8A5A7B4F89D43A74DA8A38A1C9,2018,FORD,F-150,PICKUP TRUCK,RWD,GASOLINE/E85,9310,2018-05-01,23
441A9F65B0CB481F0B3D8C47065BD7EB,2018,CHEVROLET,SILVERADO,PICKUP TRUCK,RWD,GASOLINE/E85,3880,2018-08-24,34
B59094D682C59CA5FE44D367391B9E6A,2018,CHEVROLET,SILVERADO,PICKUP TRUCK,RWD,GASOLINE/E85,10100,2018-04-23,34
217E19097713D60D5D3B0D9AEC279E61,2018,CHEVROLET,SILVERADO,PICKUP TRUCK,RWD,GASOLINE/E85,15953,2018-05-16,34
E383ABA3EBA03617C1EA816ED2E440CA,2018,CHEVROLET,SILVERADO,PICKUP TRUCK,RWD,GASOLINE/E85,11550,2018-04-06,34
0570E86DF031B629E753C177AE88EF01,2018,CHEVROLET,SILVERADO,PICKUP TRUCK,RWD,GASOLINE/E85,25824,2018-04-09,34
AAED0C94A507BD1DD7345C2E5D877D29,2018,CHEVROLET,SILVERADO,PICKUP TRUCK,RWD,GASOLINE/E85,9825,2018-04-11,34
AD7B325CEDCE8D0991EC3F6D2FE3D720,2018,CHEVROLET,SILVERADO,PICKUP TRUCK,RWD,GASOLINE/E85,9741,2018-04-16,34
5A263BB34C8C3D2C75C9968F2384D0B8,2018,CHEVROLET,SILVERADO,PICKUP TRUCK,RWD,GASOLINE/E85,20986,2018-04-16,34
FB50A296FCEA23D7981207621654136E,2018,CHEVROLET,SILVERADO,PICKUP TRUCK,RWD,GASOLINE/E85,10121,2018-04-20,34
2DAE7725B458D375F0AFF24B7F46C012,2018,CHEVROLET,SILVERADO,PICKUP TRUCK,RWD,GASOLINE/E85,15217,2018-03-23,34
05D95C397DD2CE3F1D2F66D43AA37452,2018,CHEVROLET,SILVERADO,PICKUP TRUCK,RWD,GASOLINE/E85,37851,2018-04-17,34
9737DDEC12DF9388982B8C01D9CD349B,2018,CHEVROLET,SILVERADO,PICKUP TRUCK,RWD,GASOLINE/E85,6965,2018-05-29,34
C8D8045A99039C2CFFBED800F4B8FCD4,2018,CHEVROLET,SILVERADO,PICKUP TRUCK,4WD,GASOLINE/E85,10908,2018-04-12,34
517A7FABEC733D7EAEB86F228136DBBC,2018,FORD,F-150,PICKUP TRUCK,RWD,GASOLINE/E85,40193,2018-03-08,23
4E1AC204A6EDB0141C0BDD40EB06DDC0,2018,CHEVROLET,SILVERADO,PICKUP TRUCK,RWD,GASOLINE/E85,9680,2018-04-16,34
6FC63CF19D9174FE660C89C393C8B6FA,2018,CHEVROLET,SILVERADO,PICKUP TRUCK,RWD,GASOLINE/E85,16109,2018-05-23,34
DCC9A064A693298CA50382457A162304,2018,CHEVROLET,SILVERADO,PICKUP TRUCK,RWD,GASOLINE/E85,1409,2018-06-22,34
681953C9097E2A574CFBAC00AAD4008B,2018,CHEVROLET,SILVERADO,PICKUP TRUCK,4WD,GASOLINE/E85,,2018-06-04,34
8AEB7F412F58D80A925E502D1ED69D9E,2018,CHEVROLET,SILVERADO,PICKUP TRUCK,RWD,GASOLINE/E85,21119,2018-04-18,34
5CD62C70030A92F9E9F6A2F21356425E,2018,FORD,F-150,PICKUP TRUCK,RWD,GASOLINE/E85,25072,2018-04-13,23
A0C93774FFF4A15F21BC28CC9089F159,2018,FORD,F-150,PICKUP TRUCK,RWD,GASOLINE/E85,17448,2018-03-29,23
D08FE88F96D5CE059D02CBB4284FD771,2018,FORD,F-150,PICKUP TRUCK,RWD,GASOLINE/E85,3630,2018-03-23,23
37B659E7C1ABE6908F7DDD0EA42A2616,2018,FORD,F-150,PICKUP TRUCK,RWD,GASOLINE/E85,9344,2018-06-19,23
3A098543AF7C4C205675C8B0EA1F10CF,2018,CHEVROLET,SILVERADO,PICKUP TRUCK,RWD,GASOLINE/E85,11512,2018-03-31,34
B79D3DCF8F547600BD276C7FC338E4B3,2016,CHEVROLET,COLORADO,PICKUP TRUCK,RWD,GASOLINE/E85,12490,2016-08-29,21
D473462286FB78C88F41DB47A7BB146B,2016,CHEVROLET,COLORADO,PICKUP TRUCK,RWD,GASOLINE/E85,29040,2016-08-30,21
E1219D31506FDFC2896172E8DEC9D065,2016,CHEVROLET,SILVERADO,PICKUP TRUCK,4WD,GASOLINE/E85,81949,2016-08-22,34
73B7F7C384F8839A23CFAE716B2F8666,2016,CHEVROLET,SILVERADO,PICKUP TRUCK,4WD,GASOLINE/E85,77332,2016-08-22,34
F5612067E527412FF52E69B9424E1E7A,2018,TOYOTA,TACOMA,PICKUP TRUCK,RWD,GASOLINE,,2018-10-25,21.1
9FE7B264746B4EDEFC2A01B27343CD1A,2018,TOYOTA,TACOMA,PICKUP TRUCK,RWD,GASOLINE,,2018-11-01,21.1
71C7088979319BFB4F5AFB41BA1E2F78,2018,TOYOTA,TACOMA,PICKUP TRUCK,RWD,GASOLINE,1850,2018-10-15,21.1
0D665E258A2ADDCD1F63239D78E781D8,2016,FORD,E-450 SUPER DUTY,VAN,4X2,GASOLINE,24183,2016-11-03,55
E15CFD3E0278E2E7E948A85D3327DDF5,2016,FORD,FOCUS,PASSENGER CAR,FWD,GASOLINE/E85,38306,2016-09-30,12.4
DD0856BAB0CE935FDCF472C77E0EDCC0,2016,FORD,FOCUS,PASSENGER CAR,FWD,GASOLINE/E85,66550,2017-01-04,12.4
C673ED1F9B9E70BFE3773546A6A2407D,2016,FORD,FOCUS,PASSENGER CAR,FWD,GASOLINE/E85,25777,2016-11-08,12.4
5A34FADE586D8AF23381478E94400306,2016,FORD,FOCUS,PASSENGER CAR,FWD,GASOLINE/E85,9749,2016-10-26,12.4
3FE6F070BD2B8B72770569C8E5B84CBA,2016,FORD,FOCUS,PASSENGER CAR,FWD,GASOLINE/E85,41999,2016-08-25,12.4
1E5BD3C851BA432977BBBD8BC25F79FB,2016,FORD,FOCUS,PASSENGER CAR,FWD,GASOLINE/E85,54443,2016-09-21,12.4
675E1F54B0A7D2590B2CF5A2C05560CA,2016,FORD,FOCUS,PASSENGER CAR,FWD,GASOLINE/E85,51709,2016-09-16,12.4
661E16B57145ABA32D48275D81A8870A,2016,FORD,FOCUS,PASSENGER CAR,FWD,GASOLINE/E85,6770,2017-01-18,12.4
449B0C3CE3F16B85C873C8408A611E86,2016,FORD,FOCUS,PASSENGER CAR,FWD,GASOLINE/E85,26686,2017-01-18,12.4
4075DFAB684A063F00DA109E7403D5D1,2016,FORD,FOCUS,PASSENGER CAR,FWD,GASOLINE/E85,21619,2017-02-08,12.4
59D96927C884EC982BA69B6DC2437E1B,2016,FORD,FOCUS,PASSENGER CAR,FWD,GASOLINE/E85,55317,2016-10-24,12.4
C9BB2B0E65D9FAC5D6F7E07094C5A2B4,2016,FORD,FOCUS,PASSENGER CAR,FWD,GASOLINE/E85,8704,2017-03-04,12.4
C870ECB24EC8E1222DB80988D588B62D,2016,CHEVROLET,SILVERADO,PICKUP TRUCK,RWD,GASOLINE/E85,61300,2016-11-18,34
F6E439AE03C44ED7E28AEB2EAC13BA4F,2016,CHEVROLET,SILVERADO,PICKUP TRUCK,RWD,GASOLINE/E85,39730,2016-10-28,34
011641A6FA0E905A4FA84DF067C16266,2016,CHEVROLET,SILVERADO,PICKUP TRUCK,RWD,GASOLINE/E85,27854,2016-12-05,34
C5FDD3284C66E09FB13279B27921DA8E,2016,CHEVROLET,SILVERADO,PICKUP TRUCK,RWD,GASOLINE/E85,38127,2016-11-18,34
477A7FDC24D2B73C5C29E1885FFE6C9B,2016,CHEVROLET,SILVERADO,PICKUP TRUCK,RWD,GASOLINE/E85,47313,2016-10-11,34
989CB77CBF1CE99E1DF6CBA822DD8D8F,2016,CHEVROLET,SILVERADO,PICKUP TRUCK,RWD,GASOLINE/E85,73787,2016-10-07,34
E99669CC35A12DB55881F9FF09E1144B,2016,CHEVROLET,SILVERADO,PICKUP TRUCK,RWD,GASOLINE/E85,49130,2016-11-17,34
D5332F87286C67B75EE2ED2BAFB3477B,2016,CHEVROLET,SILVERADO,PICKUP TRUCK,RWD,GASOLINE/E85,39700,2016-12-02,34
3416082D388F01E21D5BC3D5FFADD5A7,2016,CHEVROLET,SILVERADO,PICKUP TRUCK,RWD,GASOLINE/E85,41419,2016-11-07,34
2D4CAF618EE8CD15DCA64DCF22A40A0F,2016,CHEVROLET,SILVERADO,PICKUP TRUCK,RWD,GASOLINE/E85,48491,2016-10-28,34
8B1C44C259410E5F419224CFCE3F82CB,2016,CHEVROLET,SILVERADO,PICKUP TRUCK,RWD,GASOLINE/E85,71942,2016-11-18,34
583B63473E307BCBA9547DE82FDCB81A,2016,CHEVROLET,SILVERADO,PICKUP TRUCK,RWD,GASOLINE/E85,60797,2016-11-21,34
E1B94DB5DC76CA1D816322841DF87DAB,2016,CHEVROLET,SILVERADO,PICKUP TRUCK,RWD,GASOLINE/E85,53073,2016-10-28,34
510AC59E93096FF1AF41B3CACA2F256F,2016,CHEVROLET,SILVERADO,PICKUP TRUCK,RWD,GASOLINE/E85,64235,2016-11-09,34
93364A5CD40D31F2BA711D52A43FCAB5,2016,CHEVROLET,SILVERADO,PICKUP TRUCK,RWD,GASOLINE/E85,60749,2016-12-15,34
4D6F20C1DAD04EC78012BF5100995F6C,2016,CHEVROLET,SILVERADO,PICKUP TRUCK,RWD,GASOLINE/E85,33220,2016-11-23,34
F1A8F958BE8C98C64E5D9573981BD9F1,2016,CHEVROLET,SILVERADO,PICKUP TRUCK,RWD,GASOLINE/E85,63371,2017-01-13,34
57EA903199E5DA4D5CE19723EC5E1173,2016,CHEVROLET,SILVERADO,PICKUP TRUCK,RWD,GASOLINE/E85,55189,2016-12-13,34
56B5111EB30760298FB9783A72952AC7,2016,CHEVROLET,SILVERADO,PICKUP TRUCK,RWD,GASOLINE/E85,39925,2016-12-27,34
1094346D3A03A2903F6AC7F1070F7FFC,2016,CHEVROLET,SILVERADO,PICKUP TRUCK,RWD,GASOLINE/E85,31177,2016-10-05,34
F2C0803EC9A12F6053F57661B419A3D5,2016,CHEVROLET,SILVERADO,PICKUP TRUCK,RWD,GASOLINE/E85,53927,2016-08-19,34
AE7D5B00BD886C80B9D7A88814F54C47,2016,CHEVROLET,SILVERADO,PICKUP TRUCK,RWD,GASOLINE/E85,64788,2016-09-02,34
18D9A5E8EFFEBCBA5BBC25CC61BDEF17,2016,CHEVROLET,SILVERADO,PICKUP TRUCK,RWD,GASOLINE/E85,38967,2016-09-14,34
40D6923A5D08C86A484492F984FFCB53,2016,CHEVROLET,SILVERADO,PICKUP TRUCK,RWD,GASOLINE/E85,33394,2016-08-10,34
7A22C57BA9D06E66427377B33A52D2B0,2016,CHEVROLET,SILVERADO,PICKUP TRUCK,RWD,GASOLINE/E85,86981,2016-09-22,34
2E3CAE4469582EBC81382C5E0F3CA46E,2016,CHEVROLET,SILVERADO,PICKUP TRUCK,RWD,GASOLINE/E85,72453,2016-10-05,34
C81EFB22CCD54A1F7F21F4979D2FA490,2016,CHEVROLET,SILVERADO,PICKUP TRUCK,RWD,GASOLINE/E85,45102,2016-08-24,34
DD1F729B0E019788D612E046DDCF161F,2016,CHEVROLET,SILVERADO,PICKUP TRUCK,RWD,GASOLINE/E85,39900,2016-09-29,34
08F025E5CCF711C9E3C52202F1D303C1,2016,CHEVROLET,SILVERADO,PICKUP TRUCK,RWD,GASOLINE/E85,62032,2016-09-22,34
5AEAA4D1BC778DF375F24963851C496F,2016,CHEVROLET,SILVERADO,PICKUP TRUCK,RWD,GASOLINE/E85,44698,2016-10-20,34
3EC4D69EDED3B9807125BBC32C056E47,2016,CHEVROLET,SILVERADO,PICKUP TRUCK,RWD,GASOLINE/E85,29869,2016-10-04,34
A1D6FEA7CDDCF190EE77F24015FE9422,2016,CHEVROLET,SILVERADO,PICKUP TRUCK,RWD,GASOLINE/E85,22816,2016-11-29,34
A212FC592C042BC13CABB74B486A8D97,2016,CHEVROLET,SILVERADO,PICKUP TRUCK,RWD,GASOLINE/E85,34993,2016-11-07,34
CF12A8F043E68F089782C696C3BE31CB,2016,CHEVROLET,SILVERADO,PICKUP TRUCK,RWD,GASOLINE/E85,27175,2016-11-18,34
D4E99A357C035DD0A86DEDC786D90141,2016,CHEVROLET,SILVERADO,PICKUP TRUCK,RWD,GASOLINE/E85,24830,2016-11-28,34
1C8EA3DDFC8426EC7AD75C9CD247555E,2016,CHEVROLET,SILVERADO,PICKUP TRUCK,RWD,GASOLINE/E85,29775,2016-11-18,34
096C414CE6DF8419A7713DED31B949F7,2016,CHEVROLET,SILVERADO,PICKUP TRUCK,RWD,GASOLINE/E85,47730,2016-12-08,34
51658C75708D209547B84A8093913B20,2016,CHEVROLET,SILVERADO,PICKUP TRUCK,RWD,GASOLINE/E85,59156,2016-11-30,34
64A1DE506D2283FCED5800CC7F62EEDF,2016,CHEVROLET,SILVERADO,PICKUP TRUCK,RWD,GASOLINE/E85,28991,2016-12-21,34
4FE792C074348D44C43DC317BF4FF600,2016,CHEVROLET,SILVERADO,PICKUP TRUCK,RWD,GASOLINE/E85,59045,2017-01-12,34
2A70DCD29A042358F77EDF2CDC8853B3,2016,CHEVROLET,SILVERADO,PICKUP TRUCK,RWD,GASOLINE/E85,41472,2017-01-23,34
C6FF8C1BBB5931E836C6A8CBCAF68081,2016,CHEVROLET,SILVERADO,PICKUP TRUCK,RWD,GASOLINE/E85,57266,2016-08-17,34
CF98F0250D3587FD525A2C64447EF365,2016,CHEVROLET,SILVERADO,PICKUP TRUCK,RWD,GASOLINE/E85,36994,2016-07-13,34
76CF9B6F109F1E628029DC3D48512EA5,2016,CHEVROLET,SILVERADO,PICKUP TRUCK,RWD,GASOLINE/E85,68216,2016-07-19,34
DAE5829CD647B659D773C3C91436CCEE,2016,CHEVROLET,SILVERADO,PICKUP TRUCK,RWD,GASOLINE/E85,19308,2016-08-16,34
E5A693F2534245BD4A8D2A8913B70680,2016,CHEVROLET,SILVERADO,PICKUP TRUCK,RWD,GASOLINE/E85,46915,2016-07-22,34
D539747DF2687FBC9D377A31CFB4799C,2016,CHEVROLET,SILVERADO,PICKUP TRUCK,RWD,GASOLINE/E85,33621,2016-08-01,34
845D00382BEA8DEA7B5DDDAC1A55179C,2016,CHEVROLET,SILVERADO,PICKUP TRUCK,RWD,GASOLINE/E85,91195,2016-08-11,34
805F15E2CE18B62154D99B6BE6E0BA6C,2016,CHEVROLET,SILVERADO,PICKUP TRUCK,RWD,GASOLINE/E85,42187,2016-10-17,34
4DDAA7E826230F6A88065428454FEF1C,2016,CHEVROLET,SILVERADO,PICKUP TRUCK,RWD,GASOLINE/E85,38235,2016-08-11,34
03E9B62AC9CC851F5C7BA293C892C905,2016,CHEVROLET,SILVERADO,PICKUP TRUCK,RWD,GASOLINE/E85,24739,2016-08-10,34
4E0388FE9E72D9876893E62F5FC6F342,2016,CHEVROLET,SILVERADO,PICKUP TRUCK,RWD,GASOLINE/E85,82507,2016-08-18,34
99B204C4036BB85248B1669FD4A879E0,2016,CHEVROLET,SILVERADO,PICKUP TRUCK,RWD,GASOLINE/E85,95096,2016-08-08,34
A4AED99B7FC07991BAA6ECD607B8EF18,2016,CHEVROLET,SILVERADO,PICKUP TRUCK,RWD,GASOLINE/E85,37617,2016-08-10,34
B43390A4AAEAB094448F5F61845AA051,2016,CHEVROLET,SILVERADO,PICKUP TRUCK,RWD,GASOLINE/E85,35431,2016-08-10,34
A4DD10B592B4FAB2E46E41624F717053,2016,CHEVROLET,SILVERADO,PICKUP TRUCK,RWD,GASOLINE/E85,52191,2016-08-08,34
D7A8387A3E136538A7B6C3DEE0A91E49,2016,CHEVROLET,SILVERADO,PICKUP TRUCK,RWD,GASOLINE/E85,48770,2016-09-19,34
723B5553228003EDB9B43AC8DD20CE96,2016,FORD,F-150,PICKUP TRUCK,RWD,GASOLINE/E85,40992,2017-01-04,23
52C8A5C1989DEDF3F8DABD8A46E4E50F,2016,FORD,F-150,PICKUP TRUCK,RWD,GASOLINE/E85,63064,2016-10-26,23
3DF7F8F525F2D7A0E66A028411A7A7B3,2016,FORD,F-150,PICKUP TRUCK,RWD,GASOLINE/E85,54640,2016-11-28,23
264257198B6B2D8F8CD6BD552FE08517,2016,FORD,F-150,PICKUP TRUCK,RWD,GASOLINE/E85,48680,2016-11-03,23
E35417CB885156A4BCDCAA5D22573D34,2016,FORD,F-150,PICKUP TRUCK,RWD,GASOLINE/E85,74905,2016-10-06,23
1767AD79FBCA787346F3AFC48D155EBF,2016,FORD,F-150,PICKUP TRUCK,RWD,GASOLINE/E85,52671,2016-12-20,23
A99E44AA557D9A8E0D60021DA0CED9B6,2016,FORD,F-150,PICKUP TRUCK,RWD,GASOLINE/E85,60702,2016-11-11,23
44514C6708058A5056C733BA0FD1F3BE,2016,FORD,F-150,PICKUP TRUCK,RWD,GASOLINE/E85,59170,2016-10-20,23
C881ACA7CC304B7F098C665C8CE658DF,2016,FORD,F-150,PICKUP TRUCK,RWD,GASOLINE/E85,89045,2016-08-09,23
1CDB786D5D2CB8AA934CF11BC427FD5F,2016,FORD,F-150,PICKUP TRUCK,RWD,GASOLINE/E85,80791,2016-07-26,23
1558BFAC2ECF45254AEFFB6917F12FF5,2016,FORD,F-150,PICKUP TRUCK,RWD,GASOLINE/E85,60801,2016-07-25,23
120530908D8458253823C310E5C382A2,2016,FORD,F-150,PICKUP TRUCK,RWD,GASOLINE/E85,68463,2016-08-08,23
1318D8BA341A01A9324E1CB2D284CB83,2016,FORD,F-150,PICKUP TRUCK,RWD,GASOLINE/E85,61760,2016-07-22,23
1D4EA22218C2FDFAEE0D080A1BEC0524,2016,FORD,F-150,PICKUP TRUCK,RWD,GASOLINE/E85,46053,2016-11-17,23
37B2760139A3BA905FBACA58D8A95CE9,2016,FORD,F-150,PICKUP TRUCK,RWD,GASOLINE/E85,82215,2016-07-20,23
A3E926718FCC5715C6D3FCBB355BA5C4,2016,FORD,F-150,PICKUP TRUCK,RWD,GASOLINE/E85,58080,2016-08-16,23
B0DB99012E077BA63CB4591E97A4485E,2016,FORD,F-150,PICKUP TRUCK,RWD,GASOLINE/E85,75385,2016-11-28,23
FB0B1838723A5FC94E27EBE9B8966F63,2016,FORD,F-150,PICKUP TRUCK,RWD,GASOLINE/E85,27120,2016-08-29,23
D6094006EFBE5EA8469BCAAFD9E807F4,2016,FORD,F-150,PICKUP TRUCK,RWD,GASOLINE/E85,84711,2016-08-22,23
AD6406C7C1BD9306512C42A3F1F63FB8,2016,FORD,F-150,PICKUP TRUCK,RWD,GASOLINE/E85,58814,2016-07-21,23
B60F4820A4A964505FD22FA4797F7B1C,2016,CHEVROLET,SILVERADO,PICKUP TRUCK,RWD,GASOLINE/E85,40209,2016-10-31,26
18BBA6AB30BFF23E23E02BBAFCF8F17B,2016,CHEVROLET,COLORADO,PICKUP TRUCK,RWD,GASOLINE/E85,56104,2016-08-15,21
4DC94119D0A2F846BF843F2E6E36E6DD,2016,CHEVROLET,SILVERADO,PICKUP TRUCK,RWD,GASOLINE/E85,71228,2016-08-17,34
52289A6BAD5F005AD30228B5BCC9E32A,2016,CHEVROLET,SILVERADO,PICKUP TRUCK,RWD,GASOLINE/E85,73073,2016-08-11,34
F7831F59B8AE7C1DF85534E0F37A408C,2016,CHEVROLET,SILVERADO,PICKUP TRUCK,RWD,GASOLINE/E85,42243,2016-12-14,34
FE5AACC8FC8B007AD25E384D9002236D,2016,CHEVROLET,SILVERADO,PICKUP TRUCK,RWD,GASOLINE/E85,45446,2017-05-09,34
B644E2418E0A46694B36A4C7F8B2CD92,2016,FORD,TRANSIT VAN,VAN,RWD,GASOLINE/E85,53772,2016-10-14,25
E1E32F677060815D2E2161DB700A04F0,2016,FORD,TRANSIT VAN,VAN,RWD,GASOLINE/E85,42946,2016-10-05,25
6600D006C56A2A1013B0D32C4FA1C544,2016,FORD,TRANSIT VAN,VAN,RWD,GASOLINE/E85,86335,2016-09-28,25
0751DF51434EA81A27B9372DB825EB4D,2016,FORD,TRANSIT VAN,VAN,RWD,GASOLINE/E85,78416,2016-10-12,25
042D9847DC09F86BCAE1EB232D4F1A09,2016,FORD,TRANSIT VAN,VAN,RWD,GASOLINE/E85,48394,2016-09-08,25
96EE2A65F9304943A507C9F7DBE94EF0,2016,FORD,TRANSIT VAN,VAN,RWD,GASOLINE/E85,45758,2016-09-22,25
4328841D16BF2420D9768FC734240DE1,2016,FORD,TRANSIT VAN,VAN,RWD,GASOLINE/E85,53300,2016-08-19,25
63B91705577D79E47D0BF9BDA393A381,2016,FORD,TRANSIT VAN,VAN,RWD,GASOLINE/E85,76730,2016-09-20,25
944175E3343474BAEA33BE675AA13A3F,2016,FORD,TRANSIT VAN,VAN,RWD,GASOLINE/E85,83478,2016-10-14,25
734B6F15548653F5F98955727D509070,2016,FORD,TRANSIT VAN,VAN,RWD,GASOLINE/E85,60126,2016-10-24,25
D92B216AE80625BCD4F5832815B49A11,2016,FORD,TRANSIT VAN,VAN,RWD,GASOLINE/E85,15401,2016-11-28,25
2C7F52B55F364C710F57B6441532CBB1,2016,FORD,TRANSIT VAN,VAN,RWD,GASOLINE/E85,64366,2016-11-10,25
D97EE0448FD58759425D504C8051DD52,2016,CHEVROLET,SILVERADO,PICKUP TRUCK,RWD,GASOLINE/E85,86416,2016-07-29,34
ACC31C2D4424AE140681EBC8B830CA33,2016,CHEVROLET,SILVERADO,PICKUP TRUCK,RWD,GASOLINE/E85,38096,2016-08-10,34
8DCC0D1FA31052A2826F66E80EBE2F56,2016,CHEVROLET,SILVERADO,PICKUP TRUCK,RWD,GASOLINE/E85,90858,2016-08-11,34
D29020A739D0F63C72BE684BE5620A1C,2016,CHEVROLET,SILVERADO,PICKUP TRUCK,RWD,GASOLINE/E85,38151,2016-07-30,34
1283496C140EBDD19C9CF781C2E1A20F,2016,CHEVROLET,SILVERADO,PICKUP TRUCK,RWD,GASOLINE/E85,45460,2016-09-07,34
2F4CF5BC0C3E5528DB9DF180AAD7F092,2016,CHEVROLET,SILVERADO,PICKUP TRUCK,RWD,GASOLINE/E85,63008,2016-08-04,34
E53465099395F41D001734CAB7CB3719,2016,CHEVROLET,SILVERADO,PICKUP TRUCK,RWD,GASOLINE/E85,66606,2016-08-10,34
1AA337BD228DC32F069B40AEE30DEDBE,2016,CHEVROLET,SILVERADO,PICKUP TRUCK,RWD,GASOLINE/E85,46240,2016-08-10,34
E0C4D69EB6B8B442632AF2BA3BA64D60,2016,CHEVROLET,SILVERADO,PICKUP TRUCK,RWD,GASOLINE/E85,31173,2016-08-10,34
1C525F322C55E8DF8056C1A74A86F021,2016,CHEVROLET,SILVERADO,PICKUP TRUCK,RWD,GASOLINE/E85,58349,2016-07-26,34
787C98ACBBCC4404D8AA0C4B556A2E5B,2016,CHEVROLET,SILVERADO,PICKUP TRUCK,RWD,GASOLINE/E85,76722,2016-08-10,34
D7089AE9B251456B6E0C5726D82B8BDD,2016,CHEVROLET,SILVERADO,PICKUP TRUCK,RWD,GASOLINE/E85,44375,2016-08-02,34
C7704DE54BAA31E64D7F9D1916DEA6CB,2016,CHEVROLET,SILVERADO,PICKUP TRUCK,RWD,GASOLINE/E85,38792,2016-07-28,34
363CAFDEFF88178C4B71DC93FD5546F3,2016,CHEVROLET,SILVERADO,PICKUP TRUCK,RWD,GASOLINE/E85,49000,2016-07-27,34
9FA2DD36C205A040CE17D4D9C806C7E5,2016,CHEVROLET,SILVERADO,PICKUP TRUCK,RWD,GASOLINE/E85,40850,2016-08-08,34
60B0487EE483BEE60AF8F6638E497CDB,2016,CHEVROLET,SILVERADO,PICKUP TRUCK,RWD,GASOLINE/E85,87885,2016-07-15,34
867EAAF4E6B9F28BBCD92CA4CA9E7DA0,2016,CHEVROLET,SILVERADO,PICKUP TRUCK,4WD,GASOLINE/E85,59793,2016-07-19,34
EA199ED33DEC34F2CCB676FC51347ABB,2016,FORD,E-450 SUPER DUTY,VAN,4X2,GASOLINE,19348,2016-05-11,55
D147A0C242E4FFEA121529C7483D6D6A,2016,CHEVROLET,SILVERADO,PICKUP TRUCK,RWD,GASOLINE/E85,66775,2016-08-08,34
7FF1D688C58ECAC8DCC08AFA95EAB61E,2016,CHEVROLET,SILVERADO,PICKUP TRUCK,RWD,GASOLINE/E85,86908,2016-08-18,34
C4CCFF60678B520B0B45D7BED9456B1C,2016,CHEVROLET,SILVERADO,PICKUP TRUCK,RWD,GASOLINE/E85,46116,2016-08-12,34
3161E8989FCB8B6327DC13ABB397C35C,2016,CHEVROLET,SILVERADO,PICKUP TRUCK,RWD,GASOLINE/E85,49855,2016-08-19,34
7BBE9852DC349612E6A174413B10DE8C,2016,CHEVROLET,SILVERADO,PICKUP TRUCK,RWD,GASOLINE/E85,80714,2016-08-01,34
9353B52B0FCB409D8C7634163A42D536,2016,CHEVROLET,SILVERADO,PICKUP TRUCK,RWD,GASOLINE/E85,81444,2016-08-01,34
ABD106AB06E9987A4EA0A7C4FD08B907,2016,CHEVROLET,SILVERADO,PICKUP TRUCK,RWD,GASOLINE/E85,43466,2016-08-17,34
50A6134C4567188766AFF40A3D6784A4,2016,CHEVROLET,SILVERADO,PICKUP TRUCK,RWD,GASOLINE/E85,40155,2016-07-13,34
79256EECF478AEFFDCA68D6D23965753,2016,CHEVROLET,SILVERADO,PICKUP TRUCK,RWD,GASOLINE/E85,58150,2016-08-04,34
44EFA91984DD611E704223836A7C9BEB,2016,CHEVROLET,SILVERADO,PICKUP TRUCK,RWD,GASOLINE/E85,52180,2016-07-14,34
4A6C44F948DA33DD8774C330688875B4,2016,CHEVROLET,SILVERADO,PICKUP TRUCK,RWD,GASOLINE/E85,95424,2016-07-25,34
1123BD86B4AA6039DE680643306ADE98,2016,CHEVROLET,SILVERADO,PICKUP TRUCK,RWD,GASOLINE/E85,48724,2016-08-30,34
22D3DD7568716804A6874731C0CD4D4B,2016,CHEVROLET,SILVERADO,PICKUP TRUCK,RWD,GASOLINE/E85,65321,2016-08-30,34
FF77F9E9DCD6F1170578CD8F771B7544,2016,CHEVROLET,SILVERADO,PICKUP TRUCK,RWD,GASOLINE/E85,63487,2016-08-03,34
D7FA79C2559122AACA74AA8BC6E580DC,2016,CHEVROLET,SILVERADO,PICKUP TRUCK,RWD,GASOLINE/E85,35411,2016-08-12,34
E967C2B0203CC5FA7C725BEC1C569977,2016,CHEVROLET,SILVERADO,PICKUP TRUCK,RWD,GASOLINE/E85,100396,2016-08-04,34
0806B8AAD2E2AFCC75D7B695647F0BDD,2016,CHEVROLET,SILVERADO,PICKUP TRUCK,RWD,GASOLINE/E85,111146,2016-08-02,34
237BA63828A71B236720B0CB601E5227,2016,CHEVROLET,SILVERADO,PICKUP TRUCK,RWD,GASOLINE/E85,66749,2016-08-02,34
B3DEF1FCAF8BA3DB1FCC1048CAC876E7,2016,CHEVROLET,SILVERADO,PICKUP TRUCK,RWD,GASOLINE/E85,44040,2016-09-12,34
2F13F8DBB954B65D2514659F6E0A7256,2016,CHEVROLET,SILVERADO,PICKUP TRUCK,RWD,GASOLINE/E85,38954,2016-08-30,34
E86439693D7ECC133E9797606DD56C47,2016,CHEVROLET,SILVERADO,PICKUP TRUCK,RWD,GASOLINE/E85,67265,2016-09-02,34
4A9F36E4604CFE7E012D945CAAE8B565,2016,CHEVROLET,SILVERADO,PICKUP TRUCK,RWD,GASOLINE/E85,29210,2016-08-16,34
E3FA2505558C8DD8958FF19244D0D53B,2016,CHEVROLET,SILVERADO,PICKUP TRUCK,RWD,GASOLINE/E85,35180,2016-07-28,34
9A8EC0CB079C0E2B24FAAD4DEB837F4E,2016,CHEVROLET,SILVERADO,PICKUP TRUCK,RWD,GASOLINE/E85,56395,2016-07-28,34
E0D98E3211CD2286165CE7FBA5D47660,2016,CHEVROLET,SILVERADO,PICKUP TRUCK,RWD,GASOLINE/E85,61690,2016-09-09,34
FD8EEE15632F9B2009E71FCCEC9328D7,2016,CHEVROLET,SILVERADO,PICKUP TRUCK,RWD,GASOLINE/E85,44370,2016-08-02,34
1471663DFD8F9C3E1A82CA4724396A71,2016,CHEVROLET,SILVERADO,PICKUP TRUCK,RWD,GASOLINE/E85,47669,2016-08-22,34
ABA3B9CE5B1541F8BB7768B76C22C175,2016,CHEVROLET,SILVERADO,PICKUP TRUCK,RWD,GASOLINE/E85,52347,2016-08-19,34
F40B3988DFC93BBA4CE51B8A7DE32048,2016,CHEVROLET,SILVERADO,PICKUP TRUCK,RWD,GASOLINE/E85,50111,2016-08-23,34
4FD9D0E27A5251FF08FAE2C94CFB057F,2016,CHEVROLET,SILVERADO,PICKUP TRUCK,RWD,GASOLINE/E85,50000,2016-08-11,34
0E4663F8EF7A15E45EFD00FA7AE1142F,2016,CHEVROLET,SILVERADO,PICKUP TRUCK,RWD,GASOLINE/E85,61744,2016-09-15,34
E7270A5FC869ACE18051E614D77D855A,2016,CHEVROLET,SILVERADO,PICKUP TRUCK,RWD,GASOLINE/E85,38192,2016-09-07,34
6B737D2F9373C9AC1C85F72B0B76F6CE,2016,CHEVROLET,SILVERADO,PICKUP TRUCK,RWD,GASOLINE/E85,32135,2016-09-07,34
D2A73450F46D71C2C83E86E05442B483,2016,CHEVROLET,SILVERADO,PICKUP TRUCK,RWD,GASOLINE/E85,50379,2016-08-12,34
F866601A470108C95E38D9A10B27EE0A,2016,CHEVROLET,SILVERADO,PICKUP TRUCK,RWD,GASOLINE/E85,41427,2016-08-23,34
7A0DDB2F8928D111F31F4B04E14BC597,2016,CHEVROLET,SILVERADO,PICKUP TRUCK,RWD,GASOLINE/E85,89510,2016-08-26,34
B45C62E57D64BD6CC85604079190E9B6,2016,CHEVROLET,SILVERADO,PICKUP TRUCK,RWD,GASOLINE/E85,59325,2016-08-25,34
A4AE4D19CAC3108AFDE651943247BB2D,2016,CHEVROLET,SILVERADO,PICKUP TRUCK,RWD,GASOLINE/E85,73725,2016-08-12,34
0EA4FE9B25C982DF180715A1AAC4AEE2,2016,CHEVROLET,SILVERADO,PICKUP TRUCK,RWD,GASOLINE/E85,55825,2016-09-02,34
474B07CFFB095ED516BA82F4AE7E7D45,2018,TOYOTA,TACOMA,PICKUP TRUCK,RWD,GASOLINE,791,2018-09-27,21.1
AD945B3FB50398F091B90F3979859A62,2016,FORD,TRANSIT VAN,VAN,RWD,GASOLINE/E85,46461,2016-10-10,25
392993A822D18E1E3A0E8FDA503159FA,2018,TOYOTA,TACOMA,PICKUP TRUCK,4WD,GASOLINE,1791,2018-10-16,21.1
D1F45E5C0ACC16BD307DCF33C533ADCC,2018,TOYOTA,TACOMA,PICKUP TRUCK,RWD,GASOLINE,,2018-10-24,21.1
6AC7070D3E2832C6479D5E02EB9D27FF,2016,FORD,TRANSIT VAN,VAN,RWD,GASOLINE/E85,13195,2017-02-20,25
0CEF91807BB7F5F42DB1C34412EB1BA0,2016,FORD,TRANSIT VAN,VAN,RWD,GASOLINE/E85,45984,2016-11-29,25
D160F50D9802EDC7D58B7A3B2191D164,2016,FORD,TRANSIT VAN,VAN,RWD,GASOLINE/E85,31193,2016-12-22,25
9829E6DB58D832D63CCF6E0A7D077DD5,2016,FORD,TRANSIT VAN,VAN,RWD,GASOLINE/E85,47547,2016-11-29,25
52219992D3AB5B0F35AC30E8F2600AB6,2016,FORD,TRANSIT VAN,VAN,RWD,GASOLINE/E85,26769,2017-02-01,25
B24EE8CDF1A2148A331517FECF215A02,2016,FORD,TRANSIT VAN,VAN,RWD,GASOLINE/E85,39888,2017-01-03,25
AB438AC9EF113F086B3FC0DE0CE4FE73,2016,FORD,TRANSIT VAN,VAN,RWD,GASOLINE/E85,31909,2016-12-12,25
0E70FC1D00C708772B29C977DBFC1C44,2018,TOYOTA,TACOMA,PICKUP TRUCK,RWD,GASOLINE,373,2018-10-16,21.1
1D86F0FB0E3773A68C62D8B5F0970265,2018,TOYOTA,TACOMA,PICKUP TRUCK,RWD,GASOLINE,700,2018-10-25,21.1
71221506603DAA7F6DF218EED41D33D0,2016,FORD,TRANSIT VAN,VAN,RWD,GASOLINE/E85,73092,2016-12-22,25
8F344BF1C275E01D0E26E260F55D8FAE,2016,FORD,TRANSIT VAN,VAN,RWD,GASOLINE/E85,38983,2017-01-10,25
A24E84A140AFE8C925EACFDAFBDC29CA,2016,CHEVROLET,COLORADO,PICKUP TRUCK,4WD,GASOLINE/E85,35362,2016-08-25,21
033C9C0D73854CD735506A6060EF3AD4,2016,CHEVROLET,COLORADO,PICKUP TRUCK,4WD,GASOLINE/E85,21766,2016-08-25,21
22C67155142D7771E0650EB505C8F504,2016,CHEVROLET,COLORADO,PICKUP TRUCK,4WD,GASOLINE/E85,42761,2016-08-25,21
736D6275E78B6F1EFA3BD1CA9D3AFB36,2016,CHEVROLET,COLORADO,PICKUP TRUCK,4WD,GASOLINE/E85,13608,2016-08-25,21
92AD94EA2A9256CCD34CF1DFBD5002DC,2016,CHEVROLET,COLORADO,PICKUP TRUCK,4WD,GASOLINE/E85,18998,2016-08-25,21
B8FDBE17A33AEC4EF44174D1F8217DB4,2018,TOYOTA,TACOMA,PICKUP TRUCK,RWD,GASOLINE,690,2018-10-23,21.1
CB733DBA86F091A40F3894E03EF55FB9,2018,TOYOTA,TACOMA,PICKUP TRUCK,RWD,GASOLINE,,2018-10-11,21.1
49D3F1A2B50CA5010F4B8BF13C49B559,2018,TOYOTA,TACOMA,PICKUP TRUCK,RWD,GASOLINE,,2018-10-29,21.1
C20EE05A3B5863328EA62CF483F1A29D,2016,FORD,E-450 SUPER DUTY,VAN,4X2,GASOLINE,2931,2016-08-09,55
754D93140A5940827A01757FE299B55A,2018,TOYOTA,TACOMA,PICKUP TRUCK,4WD,GASOLINE,,2018-10-29,21.1
B496B11BF1E44C5700AF5AB6BCC4EDF5,2018,TOYOTA,TACOMA,PICKUP TRUCK,RWD,GASOLINE,8,2018-10-22,21.1
52D702F3C066C1F3F77FD3A1FE3F7A2A,2018,TOYOTA,TACOMA,PICKUP TRUCK,RWD,GASOLINE,286,2018-10-23,21.1
BE79CEB7D0A0A733A82F0BFEC0D0FF72,2016,CHEVROLET,SILVERADO,PICKUP TRUCK,RWD,GASOLINE/E85,66833,2016-06-17,34
FD72C2797DD9C94FD0EF133D5A0DD6AE,2016,CHEVROLET,SILVERADO,PICKUP TRUCK,RWD,GASOLINE/E85,63202,2016-08-11,34
7AED3D359838FC8F1BC95001710C015E,2016,CHEVROLET,SILVERADO,PICKUP TRUCK,RWD,GASOLINE/E85,55032,2016-08-18,34
33B9472A23844472018E5674D7CEA2D5,2016,CHEVROLET,SILVERADO,PICKUP TRUCK,RWD,GASOLINE/E85,44164,2016-07-11,34
8C3996DE820CD29E1C94ADCA6CEA3596,2016,CHEVROLET,SILVERADO,PICKUP TRUCK,RWD,GASOLINE/E85,38129,2016-08-31,34
6E282BBF9BF32173C0068C8438B3F956,2016,CHEVROLET,SILVERADO,PICKUP TRUCK,RWD,GASOLINE/E85,65562,2016-08-17,34
38A00BC92F1F7F3CAFCFC80D621DC55B,2016,CHEVROLET,SILVERADO,PICKUP TRUCK,RWD,GASOLINE/E85,47880,2016-08-25,34
B7F6AE72E6D3EFC1783D1192F4D81961,2016,CHEVROLET,SILVERADO,PICKUP TRUCK,RWD,GASOLINE/E85,70260,2016-07-05,34
794860B17EB06D2D9E806232DFF55217,2016,CHEVROLET,SILVERADO,PICKUP TRUCK,RWD,GASOLINE/E85,40110,2016-08-31,34
B1D07DD94228F7863EA154AF4F61D11E,2016,CHEVROLET,SILVERADO,PICKUP TRUCK,RWD,GASOLINE/E85,74786,2016-08-24,34
166F540AC25E343ED5A59F569666E748,2016,CHEVROLET,SILVERADO,PICKUP TRUCK,RWD,GASOLINE/E85,46405,2016-08-24,34
85FEC73D17FC2AC013ECE974538ED285,2016,CHEVROLET,SILVERADO,PICKUP TRUCK,RWD,GASOLINE/E85,109249,2016-08-19,34
F18DAE3A54143C9C5C200CCA7888C030,2016,CHEVROLET,SILVERADO,PICKUP TRUCK,RWD,GASOLINE/E85,59573,2016-08-10,34
BF10473408B5C89372D452C84E650F0F,2016,CHEVROLET,SILVERADO,PICKUP TRUCK,RWD,GASOLINE/E85,58512,2016-08-29,34
E0482E59C8F872DBC44CFB8F3643C375,2016,CHEVROLET,SILVERADO,PICKUP TRUCK,RWD,GASOLINE/E85,69369,2016-08-29,34
AAA1C95CDF13552CCD3AB414FF1D66C9,2016,CHEVROLET,SILVERADO,PICKUP TRUCK,RWD,GASOLINE/E85,57375,2016-09-30,34
B54AF4B965738433061D0F3E907F5DF4,2016,CHEVROLET,SILVERADO,PICKUP TRUCK,RWD,GASOLINE/E85,70917,2016-08-10,34
3FF78FC71D312364E3A45A6C4A2BE256,2016,CHEVROLET,SILVERADO,PICKUP TRUCK,RWD,GASOLINE/E85,42240,2016-08-21,34
896539A9257C6ABE3F3B050312B46F30,2016,CHEVROLET,SILVERADO,PICKUP TRUCK,RWD,GASOLINE/E85,58021,2016-08-21,34
157133008BC61387C9D57B55DC9E736A,2016,CHEVROLET,SILVERADO,PICKUP TRUCK,RWD,GASOLINE/E85,61431,2016-10-21,34
875149BB44452C773E4DBA064F5E1497,2016,CHEVROLET,SILVERADO,PICKUP TRUCK,RWD,GASOLINE/E85,27548,2016-08-16,34
968C96D96F1E7FA83055B6F0C50B2207,2016,CHEVROLET,SILVERADO,PICKUP TRUCK,RWD,GASOLINE/E85,48523,2016-07-13,34
DCE9D40FA600A3539CAAAA64943836BB,2016,CHEVROLET,SILVERADO,PICKUP TRUCK,RWD,GASOLINE/E85,34757,2016-09-19,34
CCFF527268CADDD5DFD923649618B87C,2016,CHEVROLET,SILVERADO,PICKUP TRUCK,RWD,GASOLINE/E85,72618,2016-09-08,34
51B24E52A7EFD1598C93CA45A8819CF2,2016,CHEVROLET,SILVERADO,PICKUP TRUCK,RWD,GASOLINE/E85,48965,2016-08-17,34
979DB6864EA9B942663FFBC4CBA31465,2016,CHEVROLET,SILVERADO,PICKUP TRUCK,RWD,GASOLINE/E85,62309,2016-08-10,34
943107F3628AAF3EBF8D8C48A03B34F0,2016,CHEVROLET,SILVERADO,PICKUP TRUCK,RWD,GASOLINE/E85,51958,2016-08-31,34
24CD31622B5ABBB8DF46EFC28C547D61,2016,CHEVROLET,SILVERADO,PICKUP TRUCK,RWD,GASOLINE/E85,92888,2016-09-21,34
7269F434D9A1D07D57F1B729B83134E8,2016,CHEVROLET,SILVERADO,PICKUP TRUCK,RWD,GASOLINE/E85,58335,2016-10-12,34
485239EBCFA5091ED46BDD52A1CF8E95,2016,CHEVROLET,SILVERADO,PICKUP TRUCK,RWD,GASOLINE/E85,66412,2016-08-19,34
FD6D980F505E1E6080CBC4E82FB96A34,2016,CHEVROLET,SILVERADO,PICKUP TRUCK,RWD,GASOLINE/E85,46047,2016-08-25,34
DFC3CDB05D9FD1D267E9CE065FBEE14A,2016,CHEVROLET,SILVERADO,PICKUP TRUCK,RWD,GASOLINE/E85,50647,2016-09-09,34
7CBA726F94F4D54C96FEAADED45E7AAC,2016,CHEVROLET,SILVERADO,PICKUP TRUCK,RWD,GASOLINE/E85,29610,2016-08-19,34
A8EA398F1C0D6E9FDDD701B3D41D3E01,2016,CHEVROLET,SILVERADO,PICKUP TRUCK,RWD,GASOLINE/E85,63339,2016-09-08,34
C179A33249A5312C77A6BBBE6CFD8148,2016,CHEVROLET,SILVERADO,PICKUP TRUCK,RWD,GASOLINE/E85,27940,2016-10-13,34
76B0302269585CC2D2CE96D74290FF3F,2016,CHEVROLET,SILVERADO,PICKUP TRUCK,RWD,GASOLINE/E85,51032,2016-08-10,34
FBFDF3270F5D61F144976E58EC6D5B3D,2016,CHEVROLET,SILVERADO,PICKUP TRUCK,RWD,GASOLINE/E85,34741,2016-08-10,34
D3DC5ADE7F9CC1A1C6172D265036F49D,2016,CHEVROLET,SILVERADO,PICKUP TRUCK,RWD,GASOLINE/E85,72443,2016-09-07,34
398F5286581F3C8E447B469D0BAE9DF3,2016,CHEVROLET,SILVERADO,PICKUP TRUCK,RWD,GASOLINE/E85,71983,2016-09-08,34
4B0A8CA85ACDDC18E4636727B1B9B7E0,2016,CHEVROLET,SILVERADO,PICKUP TRUCK,RWD,GASOLINE/E85,37451,2016-09-14,34
687EC00F9C436C549B608C9888895CDB,2016,CHEVROLET,SILVERADO,PICKUP TRUCK,RWD,GASOLINE/E85,51986,2016-08-25,34
4261E209B64CD3028DDA8D75FE83C599,2016,CHEVROLET,SILVERADO,PICKUP TRUCK,RWD,GASOLINE/E85,61334,2016-09-06,34
324ABE4D369CD7938E3D524394832CD1,2016,CHEVROLET,SILVERADO,PICKUP TRUCK,RWD,GASOLINE/E85,47548,2016-09-20,34
3E2086A303B4D78C7F6A5496BA5D81C3,2016,CHEVROLET,SILVERADO,PICKUP TRUCK,RWD,GASOLINE/E85,29439,2016-08-19,34
115199BB288B6AA648ABECBBCB330839,2016,CHEVROLET,SILVERADO,PICKUP TRUCK,RWD,GASOLINE/E85,72490,2016-09-01,34
B97DD9AF3FE44682E17CC27A6C8FEC8C,2016,CHEVROLET,SILVERADO,PICKUP TRUCK,RWD,GASOLINE/E85,35429,2016-08-04,34
3274F02DD22FA8948E1A29CBCEEB7B94,2016,CHEVROLET,SILVERADO,PICKUP TRUCK,RWD,GASOLINE/E85,67614,2016-09-02,34
FD6AC0755F31661621B019713ADAAC7E,2016,CHEVROLET,SILVERADO,PICKUP TRUCK,RWD,GASOLINE/E85,44358,2016-09-20,34
E20665DB3A671B053D939578312DB460,2016,CHEVROLET,SILVERADO,PICKUP TRUCK,RWD,GASOLINE/E85,15893,2016-09-01,34
BFB6A78997C79BE9C7CEFA6183073039,2016,CHEVROLET,SILVERADO,PICKUP TRUCK,RWD,GASOLINE/E85,52635,2016-08-25,34
67A3158C805F9CD10246206BC7556EA7,2016,CHEVROLET,SILVERADO,PICKUP TRUCK,RWD,GASOLINE/E85,47092,2016-09-08,34
C7C2E4CD2D8E35FE4E92DE80D93160DF,2016,CHEVROLET,SILVERADO,PICKUP TRUCK,RWD,GASOLINE/E85,57421,2016-09-02,34
556D7A0DC3F28FAF6E192F13234286F9,2016,CHEVROLET,SILVERADO,PICKUP TRUCK,RWD,GASOLINE/E85,80444,2016-09-08,34
28CE1CD24FFCCB8F4B7875736DE23A61,2016,CHEVROLET,SILVERADO,PICKUP TRUCK,RWD,GASOLINE/E85,57675,2016-09-02,34
2B02804431848C30A94FC49C87DA51A1,2016,CHEVROLET,SILVERADO,PICKUP TRUCK,RWD,GASOLINE/E85,41593,2016-10-27,34
F69397D02A177B4A2D1DE9F4E99A4E60,2016,CHEVROLET,SILVERADO,PICKUP TRUCK,RWD,GASOLINE/E85,96555,2016-09-08,34
947EC12C6447B4128B2BB686612AEFC8,2016,CHEVROLET,SILVERADO,PICKUP TRUCK,RWD,GASOLINE/E85,52978,2016-08-25,34
F57F7FFC9E8992212B1C47453C7D424E,2016,FORD,E-450 SUPER DUTY,VAN,4X2,GASOLINE,14612,2016-05-09,55
4404A4FAC16FA67A39064535C310A1F7,2016,FORD,E-450 SUPER DUTY,VAN,4X2,GASOLINE/E85,7381,2016-05-09,55
C65C303D62ECA13F4A27FF30CEC9F28A,2016,FORD,E-450 SUPER DUTY,VAN,4X2,GASOLINE/E85,17168,2016-05-09,55
A04E508C2B3B048C183712B6F4DCAA21,2016,FORD,E-450 SUPER DUTY,VAN,4X2,GASOLINE,20339,2016-08-26,55
9D3DACA3A8A8EAA59DF04CE027519829,2016,FORD,FOCUS,PASSENGER CAR,FWD,GASOLINE/E85,53117,2016-10-05,12.4
E42F5DD9CC57A573466224F5EF71C191,2016,FORD,FOCUS,PASSENGER CAR,FWD,GASOLINE/E85,41092,2016-10-05,12.4
98166119BD0D57AEDADA05A0962E80C5,2016,FORD,FOCUS,PASSENGER CAR,FWD,GASOLINE/E85,36390,2016-09-28,12.4
05CFC4F303409380F7DC9BAEFDB3B82C,2016,FORD,FOCUS,PASSENGER CAR,FWD,GASOLINE/E85,56573,2016-09-28,12.4
0ECCE44D479401F6420A100DFB9F6C21,2016,FORD,FOCUS,PASSENGER CAR,FWD,GASOLINE/E85,54963,2016-09-28,12.4
CB8B4AE9A00801B553BF3671A9FC9D3D,2016,FORD,FOCUS,PASSENGER CAR,FWD,GASOLINE/E85,65920,2016-09-28,12.4
22DE6EB5447237DDE44F5BDA39212C08,2016,FORD,FOCUS,PASSENGER CAR,FWD,GASOLINE/E85,67432,2016-11-02,12.4
588099A1FAE84AE840EE696CE139D402,2016,FORD,FOCUS,PASSENGER CAR,FWD,GASOLINE/E85,39535,2016-11-02,12.4
9B545BF3AA9FB3C79F86526AAFEF55C7,2018,TOYOTA,TACOMA,PICKUP TRUCK,RWD,GASOLINE,29,2018-09-27,21.1
921090AB5CC2275F342D3816924E80B3,2018,TOYOTA,TACOMA,PICKUP TRUCK,RWD,GASOLINE,,2018-10-03,21.1
5D2D660F57668C87A4C437B30A79B1BF,2016,FORD,FOCUS,PASSENGER CAR,FWD,GASOLINE/E85,17524,2016-10-27,12.4
E171B8D37C29C7CA3D3E2C19378F5728,2016,FORD,FOCUS,PASSENGER CAR,FWD,GASOLINE/E85,42638,2016-09-28,12.4
98BE9DCFAE1D44BB1CB3969BBB244794,2016,FORD,FOCUS,PASSENGER CAR,FWD,GASOLINE/E85,33830,2016-10-05,12.4
811E783B96E709A2281D9D7092D03C8D,2016,FORD,FOCUS,PASSENGER CAR,FWD,GASOLINE/E85,8679,2016-10-14,12.4
705C8BFC2BF76AA9FAF93CFF17F8410C,2016,FORD,FOCUS,PASSENGER CAR,FWD,GASOLINE/E85,65814,2016-10-14,12.4
BF63D8C23A864693DDA661B2512EB6FB,2016,FORD,FOCUS,PASSENGER CAR,FWD,GASOLINE/E85,,2016-09-02,12.4
109AD08954411433CBC4BA7A38B45F9B,2016,FORD,E-450 SUPER DUTY,VAN,4X2,GASOLINE,21015,2016-07-27,55
700A3C9D7BBC2B4C64DA8CF11C9426D9,2016,CHEVROLET,SILVERADO,PICKUP TRUCK,4WD,GASOLINE/E85,90707,2016-10-03,34
446030F8A3EEF5E8C38883FC9564C31A,2016,FORD,EXPLORER,MULTIPURPOSE VEHICLE (MPV),FWD,GASOLINE,23998,2016-06-25,18.6
73786419214B0379C70830FA18702BB5,2016,FORD,FOCUS,PASSENGER CAR,FWD,GASOLINE/E85,129333,2016-12-22,12.4
381C6EDCB982231DA9DA7EBACBA6FE1B,2016,FORD,FOCUS,PASSENGER CAR,FWD,GASOLINE/E85,44990,2016-10-07,12.4
BE2F96A333E0F84139A1CA5DDD21DDAE,2016,FORD,FOCUS,PASSENGER CAR,FWD,GASOLINE/E85,68504,2016-12-07,12.4
5B569A3239980FEB20D430A493399929,2016,FORD,FOCUS,PASSENGER CAR,FWD,GASOLINE/E85,37988,2016-10-04,12.4
CEE40898EA3358AF37B78B2480779E32,2016,FORD,FOCUS,PASSENGER CAR,FWD,GASOLINE/E85,39393,2016-12-05,12.4
95E98734EE0ABA715641FB2E28F3B3ED,2016,FORD,FOCUS,PASSENGER CAR,FWD,GASOLINE/E85,52466,2016-10-13,12.4
7943EFACC6A37C6E339E08FBB43702F7,2016,FORD,FOCUS,PASSENGER CAR,FWD,GASOLINE/E85,11620,2016-10-04,12.4
55D13501925BFD5EDDC47777D808B53F,2016,FORD,FOCUS,PASSENGER CAR,FWD,GASOLINE/E85,26767,2016-10-04,12.4
4B07861B4581836BA0BAC23D09BC39D2,2016,FORD,FOCUS,PASSENGER CAR,FWD,GASOLINE/E85,63894,2016-10-07,12.4
E9BB7D07B81126AEB1C1A37B352B7E29,2016,FORD,FOCUS,PASSENGER CAR,FWD,GASOLINE/E85,28198,2016-10-17,12.4
FFA1E2DA77B7375DC7D52086C4BF5C25,2016,CHEVROLET,SILVERADO,PICKUP TRUCK,4WD,GASOLINE/E85,106012,2016-05-24,34
9D5765166A401F574CB3DAB83A90D0F3,2016,FORD,FOCUS,PASSENGER CAR,FWD,GASOLINE/E85,46060,2017-01-06,12.4
35C3A0F98ABBDEF32D534D7BFFD0750A,2016,FORD,FOCUS,PASSENGER CAR,FWD,GASOLINE/E85,42492,2016-12-22,12.4
141176F60189C914FA8D77ADA8069106,2016,FORD,FOCUS,PASSENGER CAR,FWD,GASOLINE/E85,43183,2016-12-22,12.4
E23CA8AEB868A9822D5C73BE4D54127E,2016,FORD,FOCUS,PASSENGER CAR,FWD,GASOLINE/E85,37710,2016-12-22,12.4
1EA6F279F29FF379DDCB7749480AFBA5,2016,FORD,FOCUS,PASSENGER CAR,FWD,GASOLINE/E85,25023,2016-12-22,12.4
E04032C5BD7CB4216303002131B209D4,2016,FORD,FOCUS,PASSENGER CAR,FWD,GASOLINE/E85,20519,2016-12-22,12.4
E384D2CABBC897281A7DD29CDFAC2501,2016,FORD,FOCUS,PASSENGER CAR,FWD,GASOLINE/E85,34477,2016-12-22,12.4
A6ED201EFB4F0BF54DDDF695E87B6935,2016,FORD,FOCUS,PASSENGER CAR,FWD,GASOLINE/E85,32000,2017-01-12,12.4
93BBCC6E446648E1AAE90B1A07F9911D,2016,FORD,FOCUS,PASSENGER CAR,FWD,GASOLINE/E85,24772,2017-01-12,12.4
8C38BB4EBAC926864C2B6357D2940895,2016,FORD,FOCUS,PASSENGER CAR,FWD,GASOLINE/E85,41310,2017-01-12,12.4
7A398B73F82B145E62E130806406C314,2016,FORD,FOCUS,PASSENGER CAR,FWD,GASOLINE/E85,19791,2017-01-12,12.4
401FA1C779DA7550D1C26721C1B50673,2016,FORD,FOCUS,PASSENGER CAR,FWD,GASOLINE/E85,40625,2016-10-19,12.4
9345133F405CF4B5FC1D96219937C259,2016,FORD,FOCUS,PASSENGER CAR,FWD,GASOLINE/E85,24254,2017-01-13,12.4
A1E44E274E350B7843922A0189814CC9,2016,FORD,FOCUS,PASSENGER CAR,FWD,GASOLINE/E85,25625,2017-01-13,12.4
AFC58DADA52A3ADD0916D68EA2F4F5EC,2016,FORD,FOCUS,PASSENGER CAR,FWD,GASOLINE/E85,28239,2017-04-11,12.4
D0ACAC8EED26A3F67BAEFFE1366E4534,2016,FORD,FOCUS,PASSENGER CAR,FWD,GASOLINE/E85,65951,2017-01-24,12.4
B69C8986243AC220FFF227B427A2269E,2016,FORD,FOCUS,PASSENGER CAR,FWD,GASOLINE/E85,26744,2016-12-12,12.4
CEB362E857EA78B0DB10A8823B849392,2016,FORD,FOCUS,PASSENGER CAR,FWD,GASOLINE/E85,19689,2017-01-12,12.4
A84F37D65A74D9CBC1DCD1F1C8F44A5E,2016,FORD,FOCUS,PASSENGER CAR,FWD,GASOLINE/E85,39591,2017-01-24,12.4
535D8D449AB0F3B0507CFC1CD1033B31,2016,FORD,FOCUS,PASSENGER CAR,FWD,GASOLINE/E85,68800,2016-12-15,12.4
6C367FC6626BEA996B084CDF5542BDF9,2016,FORD,FOCUS,PASSENGER CAR,FWD,GASOLINE/E85,55311,2017-01-23,12.4
BB821625EC62B55FDC0B5D83D8DD967D,2016,FORD,FOCUS,PASSENGER CAR,FWD,GASOLINE/E85,45339,2016-12-07,12.4
82B7D83AC1273A1D1F64A4C2DFCC9B86,2016,FORD,FOCUS,PASSENGER CAR,FWD,GASOLINE/E85,20313,2016-12-07,12.4
CA4E6E9C0E79310FF6C0D96129A89A49,2017,FORD,FUSION,PASSENGER CAR,FWD,GASOLINE,45212,2016-11-11,16.5
05527B673632A601C8B2BD11AF2885B7,2017,FORD,ESCAPE,MULTIPURPOSE VEHICLE (MPV),FWD,GASOLINE,42888,2016-10-06,15.7
87BB6031A8D773B07F77869C9285347B,2016,FORD,FOCUS,PASSENGER CAR,FWD,GASOLINE/E85,16996,2016-12-21,12.4
B59EBAC1A30CFD19AE5E74125D1DCDD1,2017,CHEVROLET,SILVERADO,PICKUP TRUCK,RWD,GASOLINE/E85,26488,2017-02-07,26
9A21FC7A02616CE1E737E1C8A6C0B452,2016,CHEVROLET,SILVERADO,PICKUP TRUCK,4WD,GASOLINE/E85,59921,2016-09-23,34
EBDE2D0C7FA8E26EC7256E63FFA2D8E9,2018,TOYOTA,TACOMA,PICKUP TRUCK,RWD,GASOLINE,4193,2018-08-10,21.1
DD17B67E1AD76D025895F9D49501F2CD,2018,TOYOTA,TACOMA,PICKUP TRUCK,RWD,GASOLINE,,2018-10-11,21.1
65C4B5B0BD71415CF9175622E7412A20,2018,TOYOTA,TACOMA,PICKUP TRUCK,RWD,GASOLINE,3675,2018-08-16,21.1
70EE4075BA9846F9ECF2FD6296D4B66F,2016,FORD,FOCUS,PASSENGER CAR,FWD,GASOLINE/E85,39915,2016-11-10,12.4
55FDB54AE537648A29308F121E0DE015,2016,CHEVROLET,SILVERADO,PICKUP TRUCK,4WD,GASOLINE/E85,40022,2017-01-31,34
41C72E037D7359E8B332B1B30A081EE3,2016,CHEVROLET,SILVERADO,PICKUP TRUCK,4WD,GASOLINE/E85,92036,2016-12-06,34
96381734D1CC2956E2BB9125992360A6,2016,CHEVROLET,SILVERADO,PICKUP TRUCK,4WD,GASOLINE/E85,58319,2016-12-09,34
B33844A47D81D1589751AAA4BFD26544,2016,CHEVROLET,SILVERADO,PICKUP TRUCK,4WD,GASOLINE/E85,47673,2016-12-22,34
E4DCE63282A880FDDBB69B9954999CDB,2016,CHEVROLET,SILVERADO,PICKUP TRUCK,4WD,GASOLINE/E85,70300,2016-12-16,34
7876FAB783F3D9120AB7060851491938,2016,CHEVROLET,SILVERADO,PICKUP TRUCK,4WD,GASOLINE/E85,40550,2016-12-21,34
5E89E2EA0C0C079732C61DF5A5BC0D96,2016,CHEVROLET,SILVERADO,PICKUP TRUCK,4WD,GASOLINE/E85,36942,2017-02-23,34
BD232B36CF76A34C4D36E1533DD0A9A0,2016,CHEVROLET,SILVERADO,PICKUP TRUCK,4WD,GASOLINE/E85,43549,2017-03-08,34
975D115FF2C85769B5AE922D8B840CBE,2016,CHEVROLET,SILVERADO,PICKUP TRUCK,4WD,GASOLINE/E85,57771,2016-12-28,34
F46040BE1071DFAF0210D068E738984A,2016,CHEVROLET,SILVERADO,PICKUP TRUCK,4WD,GASOLINE/E85,32525,2016-12-14,34
7CD079692760EC02A7CBF4ECDDBA7758,2016,CHEVROLET,SILVERADO,PICKUP TRUCK,4WD,GASOLINE/E85,18825,2017-04-13,34
6C5872ED36BBAFE1255FE5B548084683,2016,CHEVROLET,SILVERADO,PICKUP TRUCK,4WD,GASOLINE/E85,36540,2017-01-06,34
07A49988D8115ACBA3A5479311E4E392,2016,CHEVROLET,SILVERADO,PICKUP TRUCK,4WD,GASOLINE/E85,82939,2016-12-16,34
4DE6681B8883F8B970BA526D5B2AA4B2,2016,CHEVROLET,SILVERADO,PICKUP TRUCK,4WD,GASOLINE/E85,76786,2017-02-01,34
1739D4EB7AB8C87DB5F76561991B088D,2016,CHEVROLET,SILVERADO,PICKUP TRUCK,RWD,GASOLINE/E85,45020,2016-09-27,34
C4E43B79F7FE99ED916C5A6A38EBEA1F,2016,CHEVROLET,SILVERADO,PICKUP TRUCK,RWD,GASOLINE/E85,42749,2016-09-29,34
851EAB240C14404EEF0A6C41E59ED63E,2016,CHEVROLET,SILVERADO,PICKUP TRUCK,RWD,GASOLINE/E85,30133,2016-10-12,34
738213A5E03BE9D287EA333EFD3142F9,2016,CHEVROLET,SILVERADO,PICKUP TRUCK,RWD,GASOLINE/E85,52094,2016-09-06,34
E321705E4B0A3C2403AE40CF05E03427,2016,CHEVROLET,SILVERADO,PICKUP TRUCK,RWD,GASOLINE/E85,53481,2016-09-28,34
54332BE8185CA93EA0E6964A28B834FC,2016,CHEVROLET,SILVERADO,PICKUP TRUCK,RWD,GASOLINE/E85,25147,2016-10-05,34
9330F5C62FD8C1C02120831862B7E851,2016,CHEVROLET,SILVERADO,PICKUP TRUCK,RWD,GASOLINE/E85,40440,2016-09-30,34
8DD365CF1793F858E725DAD4C49FB57C,2016,CHEVROLET,SILVERADO,PICKUP TRUCK,RWD,GASOLINE/E85,62578,2016-09-29,34
C41EBFDAECA88DF2E30F020231568EF8,2016,CHEVROLET,SILVERADO,PICKUP TRUCK,RWD,GASOLINE/E85,33185,2016-10-20,34
F6BD482DDEF0B99E01F08799171AE3C1,2016,CHEVROLET,SILVERADO,PICKUP TRUCK,RWD,GASOLINE/E85,35800,2016-10-25,34
74BE2A7F0100CE1535E370382E7E1E90,2016,CHEVROLET,SILVERADO,PICKUP TRUCK,RWD,GASOLINE/E85,50915,2016-10-24,34
C8AF1B70288B6BD8CDAA960092F431AC,2016,CHEVROLET,SILVERADO,PICKUP TRUCK,RWD,GASOLINE/E85,49772,2016-09-02,34
E30B522C1CAB2E86A4F587CB353E3F59,2016,CHEVROLET,SILVERADO,PICKUP TRUCK,RWD,GASOLINE/E85,44062,2016-10-10,34
48EC5B212F9E1697745D2442B89AD83E,2016,CHEVROLET,SILVERADO,PICKUP TRUCK,RWD,GASOLINE/E85,27223,2016-08-30,34
9DBC830341E9270962926112EE54AC89,2016,CHEVROLET,SILVERADO,PICKUP TRUCK,RWD,GASOLINE/E85,38580,2016-10-05,34
E5BCCE060A4A2C5511AC3CDBEE2DDB96,2016,CHEVROLET,SILVERADO,PICKUP TRUCK,RWD,GASOLINE/E85,53400,2016-09-12,34
E4CB865E5BD37B56795795E567C46D92,2016,CHEVROLET,SILVERADO,PICKUP TRUCK,RWD,GASOLINE/E85,42995,2016-10-10,34
DA675E6FADD7AEBFF3F19E2246653C9D,2016,CHEVROLET,SILVERADO,PICKUP TRUCK,RWD,GASOLINE/E85,58750,2016-11-01,34
5634B02F24B76CEE2EA52564ACBCDC53,2016,CHEVROLET,SILVERADO,PICKUP TRUCK,RWD,GASOLINE/E85,50170,2016-10-25,34
CF43D0A5C18C550CB31C308D86C6F50F,2016,CHEVROLET,SILVERADO,PICKUP TRUCK,RWD,GASOLINE/E85,33377,2016-11-07,34
7412D4504CDB33251FD615F2B7827277,2016,CHEVROLET,SILVERADO,PICKUP TRUCK,RWD,GASOLINE/E85,18604,2016-10-25,34
73593940137C5531524B42C23D5969E9,2016,CHEVROLET,SILVERADO,PICKUP TRUCK,RWD,GASOLINE/E85,49300,2016-10-21,34
77563A1D0B8D9E0DFE4E339B1C294BDC,2016,CHEVROLET,SILVERADO,PICKUP TRUCK,RWD,GASOLINE/E85,32062,2016-12-02,34
E2AEF34138541F487FB10E1E2970F4DB,2016,CHEVROLET,SILVERADO,PICKUP TRUCK,RWD,GASOLINE/E85,52423,2016-10-20,34
7F127E104683C76208E3699D605ABC06,2016,CHEVROLET,SILVERADO,PICKUP TRUCK,RWD,GASOLINE/E85,50851,2016-11-02,34
C59A9A71B84B34D5AA07549E374968E4,2016,CHEVROLET,SILVERADO,PICKUP TRUCK,RWD,GASOLINE/E85,69059,2016-10-20,34
F2290522FFA0A70B206D7BFD45653991,2016,CHEVROLET,SILVERADO,PICKUP TRUCK,RWD,GASOLINE/E85,34190,2016-11-04,34
C6CB3512AAD4A82004B37F20E14E7935,2016,CHEVROLET,SILVERADO,PICKUP TRUCK,RWD,GASOLINE/E85,60317,2016-09-22,34
B68C7501C0C3FF660A91103E765B6740,2016,CHEVROLET,SILVERADO,PICKUP TRUCK,RWD,GASOLINE/E85,63928,2016-08-24,34
0F48F003BB1A35508CA3903D8B6C9F3F,2016,CHEVROLET,SILVERADO,PICKUP TRUCK,RWD,GASOLINE/E85,98992,2016-11-10,34
0180AB801F361356E7CE3A118F6E8E40,2016,CHEVROLET,SILVERADO,PICKUP TRUCK,RWD,GASOLINE/E85,74786,2016-10-12,34
0BB2B3223A9676E4EE70F7579DA2580D,2016,CHEVROLET,SILVERADO,PICKUP TRUCK,RWD,GASOLINE/E85,71111,2016-08-24,34
ED0BCDAC13C9697FC219830592EADB9A,2016,CHEVROLET,SILVERADO,PICKUP TRUCK,RWD,GASOLINE/E85,23600,2017-01-09,34
329D68DC868EC14FCDB36F0038AFBE45,2016,CHEVROLET,SILVERADO,PICKUP TRUCK,RWD,GASOLINE/E85,49523,2016-10-21,34
33767B83620323DBB54D93CD0D8AF636,2016,CHEVROLET,SILVERADO,PICKUP TRUCK,RWD,GASOLINE/E85,40030,2016-11-17,34
265FE006784732F2C54E3B1A979C37EB,2016,CHEVROLET,SILVERADO,PICKUP TRUCK,RWD,GASOLINE/E85,55228,2016-11-03,34
A3273CC98A358487CC83553FDE7647E3,2016,CHEVROLET,SILVERADO,PICKUP TRUCK,RWD,GASOLINE/E85,14641,2016-11-29,34
80FB8A8B0F6AF5F6AAC2B17C64A04AB4,2016,CHEVROLET,SILVERADO,PICKUP TRUCK,RWD,GASOLINE/E85,40434,2016-08-24,34
DF59D20921490324C873A732333041CD,2016,CHEVROLET,SILVERADO,PICKUP TRUCK,RWD,GASOLINE/E85,44671,2016-11-10,34
3F21F3D7B3F16A3ED74462F4BF47E2CD,2016,CHEVROLET,SILVERADO,PICKUP TRUCK,RWD,GASOLINE/E85,35840,2016-12-02,34
4E9FC51B1D2888F19B464F438921E97C,2016,CHEVROLET,SILVERADO,PICKUP TRUCK,RWD,GASOLINE/E85,50111,2016-08-24,34
DE5C191A4A81682032874F91B2BFC785,2016,CHEVROLET,SILVERADO,PICKUP TRUCK,RWD,GASOLINE/E85,89583,2016-10-21,34
2AAC4D398B4F159A6AA344887159BE62,2016,CHEVROLET,SILVERADO,PICKUP TRUCK,RWD,GASOLINE/E85,52743,2016-08-24,34
384647F7106E6B92932C1CF27FFA750F,2016,CHEVROLET,SILVERADO,PICKUP TRUCK,RWD,GASOLINE/E85,113705,2016-11-02,34
5CAC337CEA543924E05578721E2C35F7,2016,CHEVROLET,SILVERADO,PICKUP TRUCK,RWD,GASOLINE/E85,21082,2016-12-16,34
A4CA5A3A8C4E8730DB9D499E5494FF00,2016,CHEVROLET,SILVERADO,PICKUP TRUCK,RWD,GASOLINE/E85,50508,2016-11-17,34
391385E970AAB73EBB318B4593CED3F2,2016,CHEVROLET,SILVERADO,PICKUP TRUCK,RWD,GASOLINE/E85,68321,2016-10-21,34
0BA96628342E472010783AF8B8EEAF6D,2016,CHEVROLET,SILVERADO,PICKUP TRUCK,RWD,GASOLINE/E85,46310,2016-11-17,34
88235D9ECF606C9588317F983A43D70E,2016,CHEVROLET,SILVERADO,PICKUP TRUCK,RWD,GASOLINE/E85,63026,2016-11-11,34
283460960C5F766BE1EA16415B63BE91,2016,CHEVROLET,SILVERADO,PICKUP TRUCK,RWD,GASOLINE/E85,41560,2016-11-04,34
FFA85FAE4A67A31E24CC0D5E0B48F6CE,2016,CHEVROLET,SILVERADO,PICKUP TRUCK,RWD,GASOLINE/E85,107002,2016-11-17,34
218CA11D293D61165D72FC5AE0B715FB,2016,CHEVROLET,SILVERADO,PICKUP TRUCK,RWD,GASOLINE/E85,51807,2016-10-07,34
DEB4D246A2D6F2B37074B33E26BC7E9F,2016,CHEVROLET,SILVERADO,PICKUP TRUCK,RWD,GASOLINE/E85,66795,2016-10-17,34
A0EC6A398FAF6E6A9AE3F1AEEF5A56E0,2016,CHEVROLET,SILVERADO,PICKUP TRUCK,RWD,GASOLINE/E85,31036,2016-10-31,34
246E1ACF7FA478EF76229045D48881FA,2016,CHEVROLET,SILVERADO,PICKUP TRUCK,RWD,GASOLINE/E85,40721,2016-10-13,34
6629FFF4E1457ED3AE7ED51180A45DB1,2016,CHEVROLET,SILVERADO,PICKUP TRUCK,RWD,GASOLINE/E85,54029,2016-10-12,34
F6F7B77AA3C5C70B4AB3248F53AC076C,2016,CHEVROLET,SILVERADO,PICKUP TRUCK,RWD,GASOLINE/E85,60428,2016-10-04,34
1EC7EF775E0AE2D34F9164018562EF7B,2016,CHEVROLET,SILVERADO,PICKUP TRUCK,RWD,GASOLINE/E85,48132,2016-09-23,34
CAE4957B20982E557DB357DA8F116F9E,2016,CHEVROLET,SILVERADO,PICKUP TRUCK,RWD,GASOLINE/E85,37578,2016-09-23,34
7B877B3F6E63D089222ECF1F7DE8C3A7,2016,FORD,FOCUS,PASSENGER CAR,FWD,GASOLINE/E85,44144,2016-11-03,12.4
D6B5DA675E5FE51D7D24A49755E42B4A,2016,FORD,F-650,TRUCK,4X2; DUAL REAR WHEELS,GASOLINE,65567,2016-08-04,0
C19169D80BC8571A415428A798F6C1B8,2018,FORD,F-650,TRUCK,4X2; DUAL REAR WHEELS,GASOLINE,9244,2018-06-24,0
B7BADB99E69C98FF19F241FEA6A16409,2016,ISUZU,NPR-XD,TRUCK,4X2,GASOLINE,30542,2016-09-30,0
B536F96B903C47EEC36D17E1E16C14A9,2016,CHEVROLET,SILVERADO,PICKUP TRUCK,RWD,GASOLINE/E85,46195,2016-11-10,34
979AF2A8FA7C624824713D79EE3534D6,2016,CHEVROLET,SILVERADO,PICKUP TRUCK,RWD,GASOLINE/E85,34777,2016-11-08,34
8945C39468B8ECD09758D31641365637,2016,CHEVROLET,SILVERADO,PICKUP TRUCK,RWD,GASOLINE/E85,47767,2016-10-04,34
CE94E238D13558358F67E97793BEA98A,2016,CHEVROLET,SILVERADO,PICKUP TRUCK,RWD,GASOLINE/E85,57715,2016-10-26,34
9525D53476BF28C436E0B6A587ED0A94,2016,CHEVROLET,SILVERADO,PICKUP TRUCK,RWD,GASOLINE/E85,34734,2016-10-25,34
8CBAFE001E5A4E8C6600747D17024FD6,2016,CHEVROLET,SILVERADO,PICKUP TRUCK,RWD,GASOLINE/E85,24232,2016-10-06,34
EC92D248360DCA481430DD51ED11E6B7,2016,CHEVROLET,SILVERADO,PICKUP TRUCK,RWD,GASOLINE/E85,16577,2016-11-03,34
2170030462696E2C538DFFE5C767D0FC,2016,CHEVROLET,SILVERADO,PICKUP TRUCK,RWD,GASOLINE/E85,34926,2016-10-28,34
3260122A7FA50E39070C03ECE4764104,2016,CHEVROLET,SILVERADO,PICKUP TRUCK,RWD,GASOLINE/E85,70863,2016-10-13,34
AA302EF25FE4CA4EDABD60FDFA0E6EEA,2016,CHEVROLET,SILVERADO,PICKUP TRUCK,RWD,GASOLINE/E85,94489,2016-09-09,34
E2E33ECA6A754AEE3DFBBE2A2B08E2DE,2016,CHEVROLET,SILVERADO,PICKUP TRUCK,RWD,GASOLINE/E85,9875,2016-11-17,34
21E2B4AE0C5ADA445616A554E32694E4,2016,CHEVROLET,SILVERADO,PICKUP TRUCK,RWD,GASOLINE/E85,36709,2016-09-14,34
3682D9E5065E1E68B934BA13A885DB3F,2016,CHEVROLET,SILVERADO,PICKUP TRUCK,RWD,GASOLINE/E85,85188,2016-09-08,34
0F3849E88019987647548BF8F5663AFE,2016,CHEVROLET,SILVERADO,PICKUP TRUCK,RWD,GASOLINE/E85,49707,2016-09-19,34
C26B9AAF784EFCC5AFD9553FB9A949DC,2016,CHEVROLET,SILVERADO,PICKUP TRUCK,RWD,GASOLINE/E85,33232,2016-09-28,34
C28152C53E2DB27608CCF6720AE731C5,2016,CHEVROLET,SILVERADO,PICKUP TRUCK,RWD,GASOLINE/E85,29667,2016-10-25,34
C9089EB6DCC1FBBF68EF734706E9FEEA,2016,CHEVROLET,SILVERADO,PICKUP TRUCK,RWD,GASOLINE/E85,41450,2016-11-03,34
722C159601FF66F1412C10BB93A9C900,2016,CHEVROLET,SILVERADO,PICKUP TRUCK,RWD,GASOLINE/E85,57242,2016-09-14,34
3D72FFC3E9CC33BDC1C041702AFB389C,2016,CHEVROLET,SILVERADO,PICKUP TRUCK,RWD,GASOLINE/E85,77635,2016-11-23,34
05A6A8A364E0B85F81031024BFA28778,2016,CHEVROLET,SILVERADO,PICKUP TRUCK,RWD,GASOLINE/E85,37000,2016-11-14,34
22F63ACBC03AC89EF09B43F1DE98896C,2016,CHEVROLET,SILVERADO,PICKUP TRUCK,RWD,GASOLINE/E85,28633,2016-11-18,34
D330AD72A0C3CEAF323F1D728D9F16BA,2016,CHEVROLET,SILVERADO,PICKUP TRUCK,RWD,GASOLINE/E85,75513,2016-11-18,34
5598F6FCF8980C24BF7B2B555A35FFC3,2016,CHEVROLET,SILVERADO,PICKUP TRUCK,RWD,GASOLINE/E85,59407,2016-11-18,34
C99262F5BA8353FAE8352CE259B1EDD0,2016,CHEVROLET,SILVERADO,PICKUP TRUCK,RWD,GASOLINE/E85,71536,2016-11-16,34
E5191CCCFB039BFBD1ADD431C32CEF56,2016,CHEVROLET,SILVERADO,PICKUP TRUCK,RWD,GASOLINE/E85,31907,2016-12-09,34
274008EF061F650F5B3E37C035681211,2016,CHEVROLET,SILVERADO,PICKUP TRUCK,RWD,GASOLINE/E85,44931,2016-12-07,34
2429396E77798E941A3CD22343DB91A6,2016,CHEVROLET,SILVERADO,PICKUP TRUCK,RWD,GASOLINE/E85,54706,2016-12-13,34
1741ECED847F21D926096A551C442BD2,2016,CHEVROLET,SILVERADO,PICKUP TRUCK,RWD,GASOLINE/E85,39825,2016-12-16,34
05B9426CAE541F718C93F54F1193E8D2,2016,CHEVROLET,SILVERADO,PICKUP TRUCK,RWD,GASOLINE/E85,51342,2016-11-29,34
4F5C778B5D58EF37BC913F451F7E2AF0,2016,CHEVROLET,SILVERADO,PICKUP TRUCK,RWD,GASOLINE/E85,48643,2016-12-16,34
8178658AD73CB664D8EECF8F846F02F5,2016,CHEVROLET,SILVERADO,PICKUP TRUCK,RWD,GASOLINE/E85,65418,2016-11-28,34
B43E69F12D624E906BB35867D792E3A7,2016,CHEVROLET,SILVERADO,PICKUP TRUCK,RWD,GASOLINE/E85,25935,2016-12-06,34
3CBC57835CFCC107298A6B143E604BF2,2016,CHEVROLET,SILVERADO,PICKUP TRUCK,RWD,GASOLINE/E85,70094,2016-12-06,34
A9D2FD528F91C5593C08DF43E6BBF786,2016,CHEVROLET,SILVERADO,PICKUP TRUCK,RWD,GASOLINE/E85,74838,2016-12-01,34
198E6FCFDD860F9AA2348380B3F52DBC,2016,CHEVROLET,SILVERADO,PICKUP TRUCK,RWD,GASOLINE/E85,54135,2016-12-15,34
9240EFDAF5F8A2C6FDEEF3CB3DF5D579,2016,CHEVROLET,SILVERADO,PICKUP TRUCK,RWD,GASOLINE/E85,41073,2017-02-07,34
F4947C9E4F3CCE7273418169BEC6B7B0,2016,CHEVROLET,SILVERADO,PICKUP TRUCK,RWD,GASOLINE/E85,69774,2016-11-23,34
C01A65F244AA36A6BEFB60F10A8AABEA,2018,TOYOTA,TACOMA,PICKUP TRUCK,4WD,GASOLINE,6430,2018-08-17,21.1
10C4D103DAFB1B5AD9E9F9F1F49B38F1,2016,CHEVROLET,SILVERADO,PICKUP TRUCK,RWD,GASOLINE/E85,49250,2017-01-20,34
BF25E5E5709E0B58256BAD7D7BD3AFDC,2016,CHEVROLET,SILVERADO,PICKUP TRUCK,RWD,GASOLINE/E85,44060,2016-12-20,34
F4A0C8BDD5CE3F61B158693885503485,2016,CHEVROLET,SILVERADO,PICKUP TRUCK,RWD,GASOLINE/E85,61709,2016-12-02,34
10FFC4FF1972E58F98628E0606456CE4,2016,CHEVROLET,SILVERADO,PICKUP TRUCK,RWD,GASOLINE/E85,49549,2016-12-15,34
C507A1D389671885EE77F10C420987D1,2016,CHEVROLET,SILVERADO,PICKUP TRUCK,RWD,GASOLINE/E85,18019,2017-01-26,34
C2669D9B1C2D38749F5BDF9D4CD17615,2016,CHEVROLET,SILVERADO,PICKUP TRUCK,RWD,GASOLINE/E85,55219,2016-09-12,34
EC51E83E8CF8A33654B2B81AED07C9E3,2016,CHEVROLET,SILVERADO,PICKUP TRUCK,RWD,GASOLINE/E85,79206,2016-10-11,34
A4F940C5939C4BF7AF98D572D64E5D88,2016,CHEVROLET,SILVERADO,PICKUP TRUCK,RWD,GASOLINE/E85,91835,2016-09-01,34
ADA047200D347B8574D528EFD3631F3C,2016,CHEVROLET,SILVERADO,PICKUP TRUCK,RWD,GASOLINE/E85,49316,2016-09-16,34
6FA96EE87A1141EEFB54ACCC27D46CAE,2016,CHEVROLET,SILVERADO,PICKUP TRUCK,RWD,GASOLINE/E85,44131,2016-09-19,34
F95E03C543ECCE5D34E5497F0CD657BC,2016,CHEVROLET,SILVERADO,PICKUP TRUCK,RWD,GASOLINE/E85,34683,2016-11-09,34
A7C63A1417642F05A43FAABC95EE3436,2016,CHEVROLET,SILVERADO,PICKUP TRUCK,RWD,GASOLINE/E85,70949,2016-09-13,34
18BECDD78823FD8EF6E8516983255816,2016,CHEVROLET,SILVERADO,PICKUP TRUCK,RWD,GASOLINE/E85,55791,2016-11-04,34
25ED33371010D3D0E1EDE342CCAB68AC,2016,CHEVROLET,SILVERADO,PICKUP TRUCK,RWD,GASOLINE/E85,42132,2016-09-16,34
EB75D1501C4B0F0B3ACB7D4DE68A8B0B,2016,CHEVROLET,SILVERADO,PICKUP TRUCK,RWD,GASOLINE/E85,91747,2016-11-09,34
EF8B1866DA47DA5CBAEE6A584CFA17EF,2016,CHEVROLET,SILVERADO,PICKUP TRUCK,RWD,GASOLINE/E85,46670,2016-09-15,34
1BB7A41BF6756140320CAEAB03645392,2016,CHEVROLET,SILVERADO,PICKUP TRUCK,RWD,GASOLINE/E85,64420,2016-10-28,34
2F75DB0E73F944319A46A569E7546C5A,2016,CHEVROLET,SILVERADO,PICKUP TRUCK,RWD,GASOLINE/E85,53383,2016-09-21,34
720A721707524DC894C52F24C6652DA5,2016,CHEVROLET,SILVERADO,PICKUP TRUCK,RWD,GASOLINE/E85,54091,2016-09-19,34
1EA1231E71EFB3811E993B82162153B7,2016,CHEVROLET,SILVERADO,PICKUP TRUCK,RWD,GASOLINE/E85,51776,2016-09-14,34
17A270990C34D56BC60E2BB157623E9C,2016,CHEVROLET,SILVERADO,PICKUP TRUCK,RWD,GASOLINE/E85,80007,2016-09-14,34
E2DD91F6768C4FEC3A6DE03A7E728570,2016,CHEVROLET,SILVERADO,PICKUP TRUCK,RWD,GASOLINE/E85,37505,2016-09-27,34
D5E27D670C725F81521BE1D405CFBD1A,2016,CHEVROLET,SILVERADO,PICKUP TRUCK,RWD,GASOLINE/E85,40571,2016-10-06,34
0894CCB21D58436533606C7E39494074,2016,CHEVROLET,SILVERADO,PICKUP TRUCK,RWD,GASOLINE/E85,67013,2016-10-13,34
60FE8E0BC86C5FDE0E34C12128B1EACD,2016,CHEVROLET,SILVERADO,PICKUP TRUCK,RWD,GASOLINE/E85,53063,2016-09-28,34
CF2D597CA65493E6E9F5C4F7F045AE6F,2016,CHEVROLET,SILVERADO,PICKUP TRUCK,RWD,GASOLINE/E85,61545,2016-11-10,34
4D27F267803BD1A9572AB541493EFAE0,2016,CHEVROLET,SILVERADO,PICKUP TRUCK,RWD,GASOLINE/E85,45780,2016-09-28,34
8D9EC456A00E9EBE71704E384EBCE7E4,2016,CHEVROLET,SILVERADO,PICKUP TRUCK,RWD,GASOLINE/E85,62430,2016-10-25,34
9A74BCB921297FE33BF2286B01EBCFA0,2016,CHEVROLET,SILVERADO,PICKUP TRUCK,RWD,GASOLINE/E85,72746,2016-10-18,34
ADD17BA4A7AA90D488D5BF38E692CF39,2016,CHEVROLET,SILVERADO,PICKUP TRUCK,RWD,GASOLINE/E85,33592,2016-09-23,34
03694028607D62D8BD67BD8F493592FB,2016,CHEVROLET,SILVERADO,PICKUP TRUCK,RWD,GASOLINE/E85,43150,2016-10-21,34
BB795FA977D4DEE5F213FB67CF218FB6,2016,CHEVROLET,SILVERADO,PICKUP TRUCK,RWD,GASOLINE/E85,107892,2016-09-28,34
3B7611E0C2FB034FEB2ACF4C2C797588,2016,CHEVROLET,SILVERADO,PICKUP TRUCK,RWD,GASOLINE/E85,60291,2016-10-28,34
2470BE5A51EA0535D33F09B615513F08,2016,CHEVROLET,SILVERADO,PICKUP TRUCK,RWD,GASOLINE/E85,137727,2016-10-17,34
4333250A3D3D8E4504851D1EF640528D,2016,CHEVROLET,SILVERADO,PICKUP TRUCK,RWD,GASOLINE/E85,35844,2016-10-17,34
C341618E4F36C28F7BC634CE800CB605,2016,CHEVROLET,SILVERADO,PICKUP TRUCK,RWD,GASOLINE/E85,42562,2016-10-28,34
1A2241EE739E5CDCC974C69699C2D0A0,2016,CHEVROLET,SILVERADO,PICKUP TRUCK,RWD,GASOLINE/E85,26813,2016-10-07,34
85E7467670C1E3FDD0A097A9CD9FB4D9,2016,CHEVROLET,SILVERADO,PICKUP TRUCK,RWD,GASOLINE/E85,39287,2016-10-19,34
CB6861C01EC9FC12E33C84A8317AFFF5,2016,CHEVROLET,SILVERADO,PICKUP TRUCK,RWD,GASOLINE/E85,75162,2016-10-25,34
9FB13F4469DD7EBAF74047CAF0563D14,2016,CHEVROLET,SILVERADO,PICKUP TRUCK,RWD,GASOLINE/E85,35659,2016-09-15,34
CDA42FB068FF517AB1BA9CFBB6151A19,2016,CHEVROLET,SILVERADO,PICKUP TRUCK,RWD,GASOLINE/E85,95341,2016-10-31,34
55259ECD0BA71B72C6612D926C607D36,2016,CHEVROLET,SILVERADO,PICKUP TRUCK,RWD,GASOLINE/E85,23002,2016-10-27,34
3D25CD3283D31E4CEBF9B26068669261,2016,CHEVROLET,SILVERADO,PICKUP TRUCK,RWD,GASOLINE/E85,48643,2016-11-01,34
3FDACCCA29A94AB61843E17F122A42FA,2016,CHEVROLET,SILVERADO,PICKUP TRUCK,RWD,GASOLINE/E85,98695,2016-10-24,34
E674E734C8DCB93ABDB9CF417E90F8D9,2016,CHEVROLET,SILVERADO,PICKUP TRUCK,RWD,GASOLINE/E85,58535,2016-10-17,34
EC63026707006329D4AC7533E7102EEA,2016,CHEVROLET,SILVERADO,PICKUP TRUCK,RWD,GASOLINE/E85,107150,2016-11-17,34
B595E619E4E6991D98925CB87F5E05A9,2016,CHEVROLET,SILVERADO,PICKUP TRUCK,RWD,GASOLINE/E85,80600,2016-10-31,34
504EFF6EC585618A6E04C12A5260EE70,2016,CHEVROLET,SILVERADO,PICKUP TRUCK,RWD,GASOLINE/E85,64860,2016-09-27,34
82FBFA280224B55828C94F3DE94A10AC,2016,CHEVROLET,SILVERADO,PICKUP TRUCK,RWD,GASOLINE/E85,41277,2016-09-12,34
EABC0F0DA879AB8C7F5BFE03370E5E67,2016,CHEVROLET,SILVERADO,PICKUP TRUCK,RWD,GASOLINE/E85,68435,2017-01-06,34
557DE3C2B307F274B8EE7DAE81B060FB,2016,CHEVROLET,SILVERADO,PICKUP TRUCK,RWD,GASOLINE/E85,63870,2016-11-26,34
620F856136CAAF0D7A38535E45D0CDF5,2016,CHEVROLET,SILVERADO,PICKUP TRUCK,RWD,GASOLINE/E85,22877,2017-01-24,34
8D665DB63C053D8F2059EB69DE5FC362,2016,CHEVROLET,SILVERADO,PICKUP TRUCK,RWD,GASOLINE/E85,30804,2016-10-20,34
4987A9C926692B9EB73B14F1E144D084,2016,CHEVROLET,SILVERADO,PICKUP TRUCK,RWD,GASOLINE/E85,53599,2016-09-12,34
C5A27A3C3C35B50BA1C87F393A0780B6,2016,CHEVROLET,SILVERADO,PICKUP TRUCK,RWD,GASOLINE/E85,49179,2016-11-16,34
73C40BCCB7F8602ACF2BF45F50082971,2016,CHEVROLET,SILVERADO,PICKUP TRUCK,RWD,GASOLINE/E85,36735,2016-11-18,34
407386D4B88E7220C669648090934E8F,2016,CHEVROLET,SILVERADO,PICKUP TRUCK,RWD,GASOLINE/E85,49128,2016-09-12,34
80017A86C607E709DD4D0A5D390BBED8,2016,CHEVROLET,SILVERADO,PICKUP TRUCK,RWD,GASOLINE/E85,38959,2016-11-04,34
13080E0D0CC4C94DE91EDAE6B8CD2106,2016,CHEVROLET,SILVERADO,PICKUP TRUCK,RWD,GASOLINE/E85,48057,2016-11-17,34
5B3E794D82837D8B69BCE22388D540C8,2016,CHEVROLET,SILVERADO,PICKUP TRUCK,RWD,GASOLINE/E85,45306,2016-10-31,34
92B0AC1FEEEAF2DC0916AA23D7E35E36,2016,FORD,F-150,PICKUP TRUCK,RWD,GASOLINE/E85,63237,2016-12-19,23
75A7DCB423B6873CD129148222C23817,2016,FORD,F-150,PICKUP TRUCK,RWD,GASOLINE/E85,59850,2017-01-11,23
C23B6D0A7F3C126FF0678178DC34F56E,2016,FORD,F-150,PICKUP TRUCK,RWD,GASOLINE/E85,59132,2017-01-16,23
5CBBD7BD9EDCBE26F4FB7436A86C9BBB,2016,FORD,F-150,PICKUP TRUCK,RWD,GASOLINE/E85,40189,2016-12-27,23
FF0F5F2ED876FFB8543D8CB9FDEA54C9,2016,FORD,FOCUS,PASSENGER CAR,FWD,GASOLINE/E85,74368,2016-12-01,12.4
928D1299900BDDD75592A4FB5136DA17,2016,FORD,FOCUS,PASSENGER CAR,FWD,GASOLINE/E85,56489,2016-12-02,12.4
865E6097125DA0ED27C368505640658C,2016,FORD,FOCUS,PASSENGER CAR,FWD,GASOLINE/E85,30300,2017-02-09,12.4
A1F3334F8407E1CFEFEAFB6FE8BED990,2016,FORD,FOCUS,PASSENGER CAR,FWD,GASOLINE/E85,26860,2016-12-05,12.4
913010DA80E5C1F02FF9D9EC361353D2,2016,FORD,FOCUS,PASSENGER CAR,FWD,GASOLINE/E85,40082,2016-12-14,12.4
5F5EAE5A1339A99CA05092E1B5048D68,2016,FORD,FOCUS,PASSENGER CAR,FWD,GASOLINE/E85,34330,2016-10-07,12.4
576BB4977B0B57B7F55A04EFF5CB87F2,2016,FORD,FOCUS,PASSENGER CAR,FWD,GASOLINE/E85,52074,2016-12-02,12.4
87E5BD4BD9A03BC5AF01C364C41EB7C7,2016,FORD,FOCUS,PASSENGER CAR,FWD,GASOLINE/E85,62509,2016-12-02,12.4
95C7297E970D137A127923FF6A6FF8DD,2016,FORD,FOCUS,PASSENGER CAR,FWD,GASOLINE/E85,59088,2016-12-27,12.4
D450C7361469F9AC70D7B590AA853F94,2016,FORD,FOCUS,PASSENGER CAR,FWD,GASOLINE/E85,60739,2016-12-15,12.4
45BEC27EA93DB70FA723F080340B333E,2016,FORD,FOCUS,PASSENGER CAR,FWD,GASOLINE/E85,53545,2016-11-10,12.4
776118100CB3685BC0F3584DF55B0DFC,2016,FORD,FOCUS,PASSENGER CAR,FWD,GASOLINE/E85,39202,2017-02-24,12.4
D05EAA07456485FCECB4998D6EF919BD,2016,FORD,FOCUS,PASSENGER CAR,FWD,GASOLINE/E85,30502,2017-01-20,12.4
0478481EE6CB05ACE9DA3B861C32D2DE,2016,FORD,FOCUS,PASSENGER CAR,FWD,GASOLINE/E85,63377,2016-12-06,12.4
45F87E05622C840B46E5972BE5A6ABF2,2016,FORD,FOCUS,PASSENGER CAR,FWD,GASOLINE/E85,32317,2017-01-12,12.4
3B85BBC672282A293C8D0F03F61C8080,2017,FORD,F-350,PICKUP TRUCK,4WD; DUAL REAR WHEELS,GASOLINE/E85,3027,2016-12-27,40
C3214499489780D2CE5D8ADC9902723E,2017,FORD,F-350,PICKUP TRUCK,4WD; DUAL REAR WHEELS,GASOLINE/E85,54051,2016-12-21,40
F7896FB666CCD782722BE4BB3C554426,2017,FORD,F-350,PICKUP TRUCK,4WD; DUAL REAR WHEELS,GASOLINE/E85,10726,2016-12-21,40
3B3B18C37902B03CCE27197F9BF8B14E,2017,FORD,F-350,PICKUP TRUCK,4WD; DUAL REAR WHEELS,GASOLINE/E85,46330,2016-12-21,40
C323B8F7403203BEB252B096A0FED4EC,2017,CHEVROLET,SILVERADO,PICKUP TRUCK,RWD,GASOLINE/E85,51932,2016-11-02,26
98A8326E463ADE1947C266F3944DF9A0,2017,CHEVROLET,SILVERADO,PICKUP TRUCK,RWD,GASOLINE/E85,60557,2016-09-27,26
75B38CEEA626BD05F624FE4775949548,2017,FORD,ESCAPE,MULTIPURPOSE VEHICLE (MPV),FWD,GASOLINE,64568,2016-08-04,15.7
F83F7B2E1B5EDC96B1CE7121E74A1C11,2016,FORD,F-250,PICKUP TRUCK,RWD,GASOLINE/E85,41362,2016-07-17,35
0AFD09FC7DADAC8B03B533ABA4BA985C,2016,FORD,FOCUS,PASSENGER CAR,FWD,GASOLINE/E85,73511,2016-12-15,12.4
63FF3C6861AF73EFB25CF365C5A4866B,2016,FORD,FOCUS,PASSENGER CAR,FWD,GASOLINE/E85,38625,2016-12-14,12.4
ECA57DDA93CF6ED213809F6B6700B1F7,2016,FORD,FOCUS,PASSENGER CAR,FWD,GASOLINE/E85,45620,2017-01-06,12.4
AA7D234B88167C186CD171137818A7AF,2016,FORD,FOCUS,PASSENGER CAR,FWD,GASOLINE/E85,26592,2016-12-31,12.4
FFFDA501D878CD4A7EB98A15E2CF4491,2016,FORD,F-150,PICKUP TRUCK,RWD,GASOLINE/E85,46113,2016-11-23,23
E814D6F30C10BBCBDE857DF0C4CE2CD7,2016,FORD,FOCUS,PASSENGER CAR,FWD,GASOLINE/E85,11882,2017-01-18,12.4
EAE6D8F08163AEBE10024AD7FAA97D22,2016,FORD,FOCUS,PASSENGER CAR,FWD,GASOLINE/E85,48200,2017-03-24,12.4
285E01CB08C5FCA4DB5399842140136A,2016,FORD,FOCUS,PASSENGER CAR,FWD,GASOLINE/E85,44378,2016-12-15,12.4
07F638EA4E4E82087FACDB916C22C42B,2016,FORD,FOCUS,PASSENGER CAR,FWD,GASOLINE/E85,48068,2017-05-11,12.4
67E4DC820E6A8C7226A08CBF00CE9B8A,2016,FORD,FOCUS,PASSENGER CAR,FWD,GASOLINE/E85,71285,2016-12-02,12.4
B99686304FBB165A2E8B774840A05576,2016,FORD,FOCUS,PASSENGER CAR,FWD,GASOLINE/E85,12606,2017-02-01,12.4
C756ABCE541305AE79AB8B7CE1902856,2016,FORD,FOCUS,PASSENGER CAR,FWD,GASOLINE/E85,39367,2017-02-16,12.4
AD3D387A9348DECD4B8EC77C07A609BC,2017,FORD,EXPLORER,MULTIPURPOSE VEHICLE (MPV),4WD,GASOLINE,72439,2016-11-02,18.6
A1856F4E6F4BC3A5BCE225B9851C7DBD,2017,CHEVROLET,SILVERADO,PICKUP TRUCK,RWD,GASOLINE/E85,58265,2016-11-23,26
130F27B3D494EE98F47161FD846D70B7,2017,CHEVROLET,SILVERADO,PICKUP TRUCK,RWD,GASOLINE/E85,42647,2016-11-17,26
3D9CDC92B01CD1C76AB834DD2EAC2601,2016,FORD,FOCUS,PASSENGER CAR,FWD,GASOLINE/E85,21778,2016-12-19,12.4
4DDD565F148728402CB6DBCF0887543E,2016,FORD,FOCUS,PASSENGER CAR,FWD,GASOLINE/E85,106066,2016-12-27,12.4
445753610C2C0D1ADAC945C9AFDE3188,2016,FORD,FOCUS,PASSENGER CAR,FWD,GASOLINE/E85,76167,2017-01-26,12.4
411632CCF6BFC536B1BAD26BD232C517,2016,FORD,FOCUS,PASSENGER CAR,FWD,GASOLINE/E85,33991,2017-02-01,12.4
5F42DA60C7D22976B3F19F70B19D031B,2017,FORD,F-350,PICKUP TRUCK,4WD; DUAL REAR WHEELS,GASOLINE/E85,46697,2016-12-21,40
644C96CA8008726CDE6236AC126CA380,2017,CHEVROLET,SILVERADO,PICKUP TRUCK,RWD,GASOLINE/E85,18013,2017-03-06,34
BE50D4E394CE0683269A6E9161D1417B,2017,CHEVROLET,SILVERADO,PICKUP TRUCK,RWD,GASOLINE/E85,31519,2017-01-31,34
C4426CF934C56995DCFA807B4857600A,2017,CHEVROLET,SILVERADO,PICKUP TRUCK,RWD,GASOLINE/E85,16120,2017-02-13,34
FE1C073A49DAA8C33CD4A64F5A08CB8D,2017,CHEVROLET,SILVERADO,PICKUP TRUCK,RWD,GASOLINE/E85,44150,2017-01-24,34
1B67FABE7D388429CD3AB32C665FFC1C,2017,CHEVROLET,SILVERADO,PICKUP TRUCK,RWD,GASOLINE/E85,44000,2017-01-25,26
B82FF7C21FCC8824CC01FD3DE2057587,2017,FORD,TRANSIT VAN,VAN,RWD,GASOLINE/E85,49555,2017-03-13,25
6EB296240C78333313B1FA9B5F2DAC7D,2017,FORD,TRANSIT VAN,VAN,RWD,GASOLINE/E85,66142,2017-03-21,25
05F6E1F6E20295B1156A0E3921FA943A,2017,FORD,TRANSIT VAN,VAN,RWD,GASOLINE/E85,44402,2017-03-10,25
94420271D9E2CC3FA925A1AFF09469CC,2017,FORD,TRANSIT VAN,VAN,RWD,GASOLINE/E85,26639,2017-06-01,25
E32E0D154FC6C76F9161E12DC10B919D,2017,CHEVROLET,SILVERADO,PICKUP TRUCK,RWD,GASOLINE/E85,27905,2017-03-06,34
FD7DD1DF1CE22BF0617B51CEFB36E2DA,2017,CHEVROLET,SILVERADO,PICKUP TRUCK,RWD,GASOLINE/E85,43153,2017-03-19,34
5D80DA2A03E9B6076B6956D4C33206B7,2017,CHEVROLET,SILVERADO,PICKUP TRUCK,RWD,GASOLINE/E85,45348,2017-02-01,34
9CB3D72E8F30B4717D765F0B8350EA26,2017,CHEVROLET,SILVERADO,PICKUP TRUCK,RWD,GASOLINE/E85,45953,2017-02-21,34
77849F69D736EAE234B76576EC0C6092,2017,CHEVROLET,SILVERADO,PICKUP TRUCK,RWD,GASOLINE/E85,31057,2017-03-06,34
595567F69B42B0953753C6CEAA52B52C,2017,CHEVROLET,SILVERADO,PICKUP TRUCK,RWD,GASOLINE/E85,32152,2017-03-06,34
0E6E1866038F44A351D82FA14664DCAE,2017,CHEVROLET,SILVERADO,PICKUP TRUCK,RWD,GASOLINE/E85,55748,2017-02-06,34
D2E47E128A88747D6BBDC08D1D5E3909,2017,CHEVROLET,SILVERADO,PICKUP TRUCK,RWD,GASOLINE/E85,22738,2017-02-13,34
CF201E58E7410AA45149BF7901A9C61E,2017,CHEVROLET,SILVERADO,PICKUP TRUCK,RWD,GASOLINE/E85,53411,2017-02-14,34
C7C57754A9EFE98A16B55F69BFAF0B62,2017,CHEVROLET,SILVERADO,PICKUP TRUCK,RWD,GASOLINE/E85,63245,2017-02-27,34
A300A7CDAEDE149300F320F293F1E6CB,2017,CHEVROLET,SILVERADO,PICKUP TRUCK,RWD,GASOLINE/E85,18095,2017-02-24,34
2B61A2B6D532CCA8B6664AF29A49B42C,2017,CHEVROLET,SILVERADO,PICKUP TRUCK,RWD,GASOLINE/E85,24349,2017-01-30,34
533CA922EBC3BCA2DCBB2B1FABA7AFB7,2016,FORD,EXPLORER,MULTIPURPOSE VEHICLE (MPV),FWD,GASOLINE,100027,2016-09-02,18.6
A8FC83BFA9E29B6CA1C2B1127365FF2B,2017,CHEVROLET,SILVERADO,PICKUP TRUCK,RWD,GASOLINE/E85,40204,2017-03-20,34
76DB60070BFEC8DC6E57C821A79B53E8,2017,CHEVROLET,SILVERADO,PICKUP TRUCK,RWD,GASOLINE/E85,75871,2017-02-21,34
88956A2D3B421506E7383E4BD6A0ECEF,2017,CHEVROLET,SILVERADO,PICKUP TRUCK,RWD,GASOLINE/E85,44334,2017-03-07,34
0329D150ACE5D971A1436938146FB250,2017,CHEVROLET,SILVERADO,PICKUP TRUCK,RWD,GASOLINE/E85,33360,2017-02-24,34
0050A00DD8C4D032A140617CEADBF6F6,2017,CHEVROLET,SILVERADO,PICKUP TRUCK,RWD,GASOLINE/E85,39687,2017-02-08,34
4B1179467CBD6ACC0EE36500996600DE,2017,CHEVROLET,SILVERADO,PICKUP TRUCK,RWD,GASOLINE/E85,58063,2017-02-20,34
0E5E93C71FFBAA908C8AC8B9DC152626,2017,CHEVROLET,SILVERADO,PICKUP TRUCK,RWD,GASOLINE/E85,42257,2017-02-15,34
6C0BC530FCBE5FD9CEEE9838CDA7F98C,2017,CHEVROLET,SILVERADO,PICKUP TRUCK,RWD,GASOLINE/E85,40000,2017-02-20,34
6AD0D2181C066D592794F8B46126D29C,2017,CHEVROLET,SILVERADO,PICKUP TRUCK,RWD,GASOLINE/E85,37171,2017-02-08,34
25416CBAC16A5966DB8D3688D008FD77,2017,CHEVROLET,SILVERADO,PICKUP TRUCK,RWD,GASOLINE/E85,40269,2017-03-20,34
0382541D0919414A04D12E40EDCDFB4D,2017,CHEVROLET,SILVERADO,PICKUP TRUCK,RWD,GASOLINE/E85,64449,2017-01-26,34
75D0BB482095F7F765A490695F4D6787,2017,CHEVROLET,SILVERADO,PICKUP TRUCK,RWD,GASOLINE/E85,59771,2017-02-17,34
CB901E0D861DAE6C2C1AF7024D4F2BCA,2017,CHEVROLET,SILVERADO,PICKUP TRUCK,RWD,GASOLINE/E85,43154,2017-01-18,34
05EA6937170543D5F1486AC44FE95FC9,2017,CHEVROLET,SILVERADO,PICKUP TRUCK,RWD,GASOLINE/E85,54768,2017-01-19,34
45285B30F3903BB3D6E2EF6E5298B565,2017,CHEVROLET,SILVERADO,PICKUP TRUCK,RWD,GASOLINE/E85,86569,2017-02-13,34
26C2C11A8B6349F00291374D0FF2F957,2017,CHEVROLET,SILVERADO,PICKUP TRUCK,RWD,GASOLINE/E85,53160,2017-02-13,34
1A610C448781D7C8F8D6D1FE8FBAE4E3,2017,CHEVROLET,SILVERADO,PICKUP TRUCK,RWD,GASOLINE/E85,56877,2017-02-10,34
862738BF8530B9B00D11D9AF0D1AE0D4,2017,CHEVROLET,SILVERADO,PICKUP TRUCK,RWD,GASOLINE/E85,61962,2017-02-07,34
108E980B1F66C940885BD3FC9B44A112,2017,CHEVROLET,SILVERADO,PICKUP TRUCK,RWD,GASOLINE/E85,82002,2017-02-15,34
160E33727CA544A877FB745D46CB6FC8,2017,CHEVROLET,SILVERADO,PICKUP TRUCK,RWD,GASOLINE/E85,41464,2017-02-15,34
87BE5E7A523CAA8BD1297AB8D554A0B7,2017,CHEVROLET,SILVERADO,PICKUP TRUCK,RWD,GASOLINE/E85,47505,2017-02-03,34
4FB1C995FEB3C0FF554D5C8AC40D83B4,2017,CHEVROLET,SILVERADO,PICKUP TRUCK,RWD,GASOLINE/E85,74222,2017-02-10,34
1827F4775E8F0DAEE8BDF661374E83E7,2017,CHEVROLET,SILVERADO,PICKUP TRUCK,RWD,GASOLINE/E85,60187,2017-02-01,34
F4CBA75BD22DEB8221FE4AD19F7246FF,2017,CHEVROLET,SILVERADO,PICKUP TRUCK,RWD,GASOLINE/E85,47541,2017-01-23,34
9554D8CF7ED20548346B5A48A51DF089,2017,CHEVROLET,SILVERADO,PICKUP TRUCK,RWD,GASOLINE/E85,43902,2017-01-23,34
50D26088B584BC9A385117CC7847F441,2017,CHEVROLET,SILVERADO,PICKUP TRUCK,RWD,GASOLINE/E85,94119,2017-02-28,34
9D4DB87F555F743F725783083E529859,2017,CHEVROLET,SILVERADO,PICKUP TRUCK,RWD,GASOLINE/E85,21461,2017-03-02,34
16264D4D405C50A5885C57FA4CCE6465,2017,CHEVROLET,SILVERADO,PICKUP TRUCK,RWD,GASOLINE/E85,36656,2017-01-19,34
1429EC81AF0BEA5DAEE8AC693C269187,2017,CHEVROLET,SILVERADO,PICKUP TRUCK,RWD,GASOLINE/E85,54888,2016-12-17,34
501A2E4722C3BEEA021B0615F28DB9E1,2017,CHEVROLET,SILVERADO,PICKUP TRUCK,RWD,GASOLINE/E85,39033,2017-01-18,34
E9968FBA503FDCCF1B98322A308E716A,2017,CHEVROLET,SILVERADO,PICKUP TRUCK,RWD,GASOLINE/E85,27259,2017-02-02,34
A4BF2FE4B5223BC71F97E98F799307C1,2017,CHEVROLET,SILVERADO,PICKUP TRUCK,RWD,GASOLINE/E85,32164,2017-01-30,34
00426FDFCD4F35F2AAC33321AB0BC119,2017,CHEVROLET,SILVERADO,PICKUP TRUCK,RWD,GASOLINE/E85,28901,2017-02-20,34
9C5F0E8B9687C9E0426BFDD00B20CD64,2017,CHEVROLET,SILVERADO,PICKUP TRUCK,RWD,GASOLINE/E85,17500,2017-02-20,34
FB85F92351519F4BD790E154C8AB5DB6,2017,CHEVROLET,SILVERADO,PICKUP TRUCK,RWD,GASOLINE/E85,39878,2017-03-10,34
45E25E31959B317D6C8F0202FE7CF2A0,2017,CHEVROLET,SILVERADO,PICKUP TRUCK,RWD,GASOLINE/E85,34322,2017-02-16,34
89E1278637583F91653DC4A1A44C2A87,2017,CHEVROLET,SILVERADO,PICKUP TRUCK,RWD,GASOLINE/E85,24870,2017-02-16,34
BB8607421611CE114406D55C0C2ADF74,2017,CHEVROLET,SILVERADO,PICKUP TRUCK,RWD,GASOLINE/E85,18822,2017-02-16,34
4E42C8BFF04A03B833318F1D29F36271,2017,CHEVROLET,SILVERADO,PICKUP TRUCK,RWD,GASOLINE/E85,35883,2017-03-13,34
EAC4C414EB3F42D1EF0527837ABB3748,2017,CHEVROLET,SILVERADO,PICKUP TRUCK,RWD,GASOLINE/E85,40700,2017-02-15,34
70FBE1EAA80EF65FE9F01D9810EA52C9,2017,CHEVROLET,SILVERADO,PICKUP TRUCK,RWD,GASOLINE/E85,45132,2017-02-16,34
F55FC68F5E63F3B662899F8A02186662,2017,CHEVROLET,SILVERADO,PICKUP TRUCK,RWD,GASOLINE/E85,34342,2017-02-28,34
A603479BF033EEDBC8F57ACAAD327032,2017,CHEVROLET,SILVERADO,PICKUP TRUCK,RWD,GASOLINE/E85,24487,2017-03-27,34
A5980A11E7DE88320726D61584BF5706,2017,CHEVROLET,SILVERADO,PICKUP TRUCK,RWD,GASOLINE/E85,17477,2017-02-28,34
0E0EFFD9FB8E4D496240EF6A01211112,2017,CHEVROLET,SILVERADO,PICKUP TRUCK,RWD,GASOLINE/E85,61781,2017-03-06,34
0B8A5E6374EBF89AAA840DFC31B3C262,2017,CHEVROLET,SILVERADO,PICKUP TRUCK,RWD,GASOLINE/E85,33258,2017-03-06,34
4715F80266652C498EF05580D979894F,2017,CHEVROLET,SILVERADO,PICKUP TRUCK,RWD,GASOLINE/E85,41144,2017-02-17,34
78C575F8D17F97617278CB89AC9B57D0,2017,CHEVROLET,SILVERADO,PICKUP TRUCK,RWD,GASOLINE/E85,48727,2017-02-07,34
65AFE302201C6A2729C5B234D34D549E,2017,CHEVROLET,SILVERADO,PICKUP TRUCK,RWD,GASOLINE/E85,62655,2017-03-13,34
FBD61C0AB1F48567AFA2C112DBDB1818,2017,CHEVROLET,SILVERADO,PICKUP TRUCK,RWD,GASOLINE/E85,41795,2017-03-02,34
15904116C65496EC031DEB6DEC9D0143,2017,CHEVROLET,SILVERADO,PICKUP TRUCK,RWD,GASOLINE/E85,44165,2017-02-28,34
02AEAA1F0F8F026EF501C22FCA15C1EB,2017,CHEVROLET,SILVERADO,PICKUP TRUCK,RWD,GASOLINE/E85,38073,2017-02-22,34
E063E7CC5DFA09A5638AA48A393CFE32,2017,CHEVROLET,SILVERADO,PICKUP TRUCK,RWD,GASOLINE/E85,42710,2017-02-22,34
AA3DCDA2EF5FE2D296F452CC69D6366B,2017,CHEVROLET,SILVERADO,PICKUP TRUCK,RWD,GASOLINE/E85,59955,2017-02-24,34
346B5AF4E7AE1FB948AF85E650FC64DA,2017,CHEVROLET,SILVERADO,PICKUP TRUCK,RWD,GASOLINE/E85,19144,2017-03-14,34
CD1B145040D5D330652DE1FF827557E9,2017,CHEVROLET,SILVERADO,PICKUP TRUCK,RWD,GASOLINE/E85,42522,2017-04-06,34
F648B4CE31B3ED0EF8A9CFC9052BDEFB,2017,CHEVROLET,SILVERADO,PICKUP TRUCK,RWD,GASOLINE/E85,17702,2017-02-24,34
71094D25182676B13140CC923256084D,2017,CHEVROLET,SILVERADO,PICKUP TRUCK,RWD,GASOLINE/E85,17978,2017-02-24,34
9FD9E014944092CF4333B326F623088E,2017,CHEVROLET,SILVERADO,PICKUP TRUCK,RWD,GASOLINE/E85,60125,2017-01-18,34
0572A046BAFA411C6C3F7A2CAAB80FCF,2017,CHEVROLET,SILVERADO,PICKUP TRUCK,RWD,GASOLINE/E85,36940,2016-11-10,26
5C1EEB883918C4AD710AF2EA0C3E6A99,2017,CHEVROLET,SILVERADO,PICKUP TRUCK,RWD,GASOLINE/E85,46403,2016-12-28,34
9B1982A652A2A703A15C74DDC03F7C26,2017,CHEVROLET,SILVERADO,PICKUP TRUCK,RWD,GASOLINE/E85,29415,2017-01-18,34
3E94AA444F81A9C2F26EA15EBF8C2EBA,2017,CHEVROLET,SILVERADO,PICKUP TRUCK,RWD,GASOLINE/E85,37639,2017-01-10,34
AC13540758E0AC2061E73C187A725FDD,2017,CHEVROLET,SILVERADO,PICKUP TRUCK,RWD,GASOLINE/E85,17798,2017-03-20,34
0BFECF9573A45B878B1998A5179F8867,2017,CHEVROLET,SILVERADO,PICKUP TRUCK,RWD,GASOLINE/E85,47171,2017-01-11,34
9635EFD9A2551D66D76DC016164A419C,2017,CHEVROLET,SILVERADO,PICKUP TRUCK,RWD,GASOLINE/E85,53348,2016-12-27,34
ED9FEE92E9AEFBC9B70F787B37593797,2017,CHEVROLET,SILVERADO,PICKUP TRUCK,RWD,GASOLINE/E85,46879,2017-01-04,34
CE4CE9624A0D543C7438632A0AF9A70C,2017,CHEVROLET,SILVERADO,PICKUP TRUCK,RWD,GASOLINE/E85,36793,2016-12-08,34
0B967A3FB7213F72108649574166CB7F,2017,CHEVROLET,SILVERADO,PICKUP TRUCK,RWD,GASOLINE/E85,54596,2016-12-08,34
90BD8367C01BE5972E9AC60E28FB0B5E,2017,CHEVROLET,SILVERADO,PICKUP TRUCK,RWD,GASOLINE/E85,39627,2017-01-12,34
2C3C124B11A73F57D821B330161B766E,2017,CHEVROLET,SILVERADO,PICKUP TRUCK,RWD,GASOLINE/E85,39900,2017-02-06,34
F212195F76BD76F3829DE38FED0A54D4,2017,CHEVROLET,SILVERADO,PICKUP TRUCK,RWD,GASOLINE/E85,38536,2017-01-23,34
A23005A19D3B78B69287F55146AC58C2,2017,CHEVROLET,SILVERADO,PICKUP TRUCK,RWD,GASOLINE/E85,68670,2017-01-13,34
1FCF3E7D1FC9CE975291230D7985E1F5,2017,CHEVROLET,SILVERADO,PICKUP TRUCK,RWD,GASOLINE/E85,45001,2017-02-07,34
8B57D63CADB19D08B67D23A05E516A00,2017,CHEVROLET,SILVERADO,PICKUP TRUCK,RWD,GASOLINE/E85,33563,2017-01-11,34
9D90CAFB7349D18490971DB1A5F8EAA7,2017,CHEVROLET,SILVERADO,PICKUP TRUCK,RWD,GASOLINE/E85,76377,2017-01-19,34
445F070B42FE9E7F03A423D609FBF871,2017,CHEVROLET,SILVERADO,PICKUP TRUCK,RWD,GASOLINE/E85,32333,2017-01-19,34
C62EB41EC03AE93E0E6083DE1FC4F7B8,2017,CHEVROLET,SILVERADO,PICKUP TRUCK,RWD,GASOLINE/E85,26642,2017-01-19,34
8BFFA953F4DD21926A8572F8ABBBD03C,2017,CHEVROLET,SILVERADO,PICKUP TRUCK,RWD,GASOLINE/E85,44852,2017-01-10,34
21BC6FCB95B399D4B4273DF63B9F3247,2017,CHEVROLET,SILVERADO,PICKUP TRUCK,RWD,GASOLINE/E85,38467,2017-01-30,34
D202EE176D17DDB1277D3328205B7B52,2017,CHEVROLET,SILVERADO,PICKUP TRUCK,RWD,GASOLINE/E85,35332,2017-01-10,34
5F8F451BD130518ED24BB83B3AC0505E,2017,CHEVROLET,SILVERADO,PICKUP TRUCK,RWD,GASOLINE/E85,60523,2017-01-17,34
04D5B91851C341138DBEEF29E35FC721,2017,CHEVROLET,SILVERADO,PICKUP TRUCK,RWD,GASOLINE/E85,57505,2017-02-03,34
274EFA8970D19763C06A55CB55EEF190,2017,CHEVROLET,SILVERADO,PICKUP TRUCK,RWD,GASOLINE/E85,38777,2017-01-25,34
DBB8857BEC536E93C56BB6FD4ED78C54,2017,CHEVROLET,SILVERADO,PICKUP TRUCK,RWD,GASOLINE/E85,80394,2017-01-13,34
C434E6044EFA02253174571054515F72,2017,CHEVROLET,SILVERADO,PICKUP TRUCK,RWD,GASOLINE/E85,39180,2017-01-25,34
966EB2E437981D4791679B9539F95920,2017,CHEVROLET,SILVERADO,PICKUP TRUCK,RWD,GASOLINE/E85,82866,2017-01-11,34
C7AE9275D9E00B09D131ECAE18323AF5,2017,CHEVROLET,SILVERADO,PICKUP TRUCK,RWD,GASOLINE/E85,41053,2017-01-10,34
5FD1561C6642AE07258455950F951767,2017,CHEVROLET,SILVERADO,PICKUP TRUCK,RWD,GASOLINE/E85,24824,2017-01-27,34
42D613D33F5424BB93674FA9EAE7AC80,2017,CHEVROLET,SILVERADO,PICKUP TRUCK,RWD,GASOLINE/E85,57940,2017-04-21,34
72624BFA524AC5ACA7C7DD646AF7ED00,2017,CHEVROLET,SILVERADO,PICKUP TRUCK,RWD,GASOLINE/E85,60109,2017-02-01,34
96E5FE6A7DC558E301A3EC8FCF0D61FD,2017,CHEVROLET,SILVERADO,PICKUP TRUCK,RWD,GASOLINE/E85,35607,2017-01-23,34
D2F11EBADEE9913164E2F5041AE4FB29,2017,CHEVROLET,SILVERADO,PICKUP TRUCK,RWD,GASOLINE/E85,12418,2017-02-14,34
ED73D1F8F829968D8AD9F4F81E74ABE3,2017,CHEVROLET,SILVERADO,PICKUP TRUCK,RWD,GASOLINE/E85,41635,2017-02-15,34
208CC9D3EC25AF9C2487C2C841E65C7F,2017,CHEVROLET,SILVERADO,PICKUP TRUCK,RWD,GASOLINE/E85,39549,2017-04-21,34
8E9DDF057810A72E574ACE4CA8321080,2017,CHEVROLET,SILVERADO,PICKUP TRUCK,RWD,GASOLINE/E85,73114,2017-03-08,34
538399226315733EB6C0AECBF94EBE68,2017,CHEVROLET,SILVERADO,PICKUP TRUCK,RWD,GASOLINE/E85,29427,2017-02-22,34
96D8ECB18327CAFB8195797DE22CD6F1,2017,CHEVROLET,SILVERADO,PICKUP TRUCK,RWD,GASOLINE/E85,43252,2017-01-27,34
05B560D78F5BA196967A7705C57BA8DA,2017,CHEVROLET,SILVERADO,PICKUP TRUCK,RWD,GASOLINE/E85,18698,2017-02-20,34
0C7E43F42CF6E298D397E7F511B8D46B,2017,CHEVROLET,SILVERADO,PICKUP TRUCK,RWD,GASOLINE/E85,36334,2017-02-03,34
EB2DF0247C3C1CCEA2C9C1337C8C74DB,2017,CHEVROLET,SILVERADO,PICKUP TRUCK,RWD,GASOLINE/E85,72016,2017-01-30,34
EA580D342337CBC48C52477F1C6FABFE,2017,CHEVROLET,SILVERADO,PICKUP TRUCK,RWD,GASOLINE/E85,46000,2017-02-16,34
67121C2FE46F06E7622684B1A18EF4E8,2017,CHEVROLET,SILVERADO,PICKUP TRUCK,RWD,GASOLINE/E85,41219,2017-02-02,34
D50163CD70DB30AE6DA5CBABFCE2AEE6,2017,CHEVROLET,SILVERADO,PICKUP TRUCK,RWD,GASOLINE/E85,38160,2017-03-28,34
B98047A1B30D723568D82813072E4C9C,2017,CHEVROLET,SILVERADO,PICKUP TRUCK,RWD,GASOLINE/E85,28846,2017-03-20,34
2FAC42ABD5347AA5F6EDDC03D42EFAEE,2017,CHEVROLET,SILVERADO,PICKUP TRUCK,RWD,GASOLINE/E85,30171,2017-02-24,34
D1D7EAD462BDE8D70ADA2C668DF14E2B,2017,CHEVROLET,SILVERADO,PICKUP TRUCK,RWD,GASOLINE/E85,40607,2017-03-07,34
C0F2CCBA9F03E73FBCDD91066A8EF6D5,2017,CHEVROLET,SILVERADO,PICKUP TRUCK,RWD,GASOLINE/E85,67266,2017-02-21,34
401534F9F75EF5B8EBCF5053A91C8466,2017,CHEVROLET,SILVERADO,PICKUP TRUCK,RWD,GASOLINE/E85,28882,2017-01-20,34
A7B2222B3DA4DBFB0DDBFE209891C38D,2017,CHEVROLET,SILVERADO,PICKUP TRUCK,RWD,GASOLINE/E85,36002,2017-03-07,34
24DA1E5D58ED6D8DCF00D743559774D4,2017,CHEVROLET,SILVERADO,PICKUP TRUCK,RWD,GASOLINE/E85,45912,2017-03-07,34
C764E812509A28956D50A4FB4FB8A930,2017,CHEVROLET,SILVERADO,PICKUP TRUCK,RWD,GASOLINE/E85,71611,2017-02-14,34
27006C43B98067C468275983E3AE49C9,2017,CHEVROLET,SILVERADO,PICKUP TRUCK,RWD,GASOLINE/E85,22624,2017-05-11,34
12CB3737DBEBAD2762696A809B13BEC0,2017,CHEVROLET,SILVERADO,PICKUP TRUCK,RWD,GASOLINE/E85,30292,2017-02-13,34
E2C30BD3E476DFC3663B5C66EA398DA0,2017,CHEVROLET,SILVERADO,PICKUP TRUCK,RWD,GASOLINE/E85,85660,2017-01-26,34
461AC3531114DAB00221A88E72524505,2017,CHEVROLET,SILVERADO,PICKUP TRUCK,RWD,GASOLINE/E85,21541,2017-03-03,34
CFF15BED4DD88D9F7B22244B2B955EF0,2017,CHEVROLET,SILVERADO,PICKUP TRUCK,RWD,GASOLINE/E85,30722,2017-01-06,34
31DB104DD95956796C927CA6B37C13A0,2017,CHEVROLET,SILVERADO,PICKUP TRUCK,RWD,GASOLINE/E85,31866,2017-03-07,34
3023C0FA23FE2876C98311BE4CD3F8F5,2017,CHEVROLET,SILVERADO,PICKUP TRUCK,RWD,GASOLINE/E85,49630,2017-02-16,34
FCAE7D1A121CEEDC18447B1D97D6AA71,2017,CHEVROLET,SILVERADO,PICKUP TRUCK,RWD,GASOLINE/E85,60306,2017-03-09,34
A42366DC0A7A42F4910CAA687594851A,2017,CHEVROLET,SILVERADO,PICKUP TRUCK,RWD,GASOLINE/E85,60433,2017-03-06,34
4CD1C6C5723691197DC0B39982AADDF3,2017,CHEVROLET,SILVERADO,PICKUP TRUCK,RWD,GASOLINE/E85,33346,2017-03-07,34
AE60F8BB2E42FA3EE82F40B983F30BD4,2017,CHEVROLET,SILVERADO,PICKUP TRUCK,RWD,GASOLINE/E85,38940,2017-02-17,34
92DCF38A7312F33F2A88140B7C20F0E8,2017,CHEVROLET,SILVERADO,PICKUP TRUCK,RWD,GASOLINE/E85,39239,2017-01-26,34
92A05FC9133761780F1D590F42C8D912,2017,CHEVROLET,SILVERADO,PICKUP TRUCK,RWD,GASOLINE/E85,32177,2017-03-03,34
EC31CB4CF64FBEF42378F60AE28F7549,2017,CHEVROLET,SILVERADO,PICKUP TRUCK,RWD,GASOLINE/E85,17724,2017-03-03,34
FF2691B8D91790CD57A9BA4BD6A149AC,2017,CHEVROLET,SILVERADO,PICKUP TRUCK,RWD,GASOLINE/E85,23133,2017-02-15,34
6BDAAFFBA0E8AEAA0DFCECF5A4382E5E,2017,CHEVROLET,SILVERADO,PICKUP TRUCK,RWD,GASOLINE/E85,28471,2017-02-17,34
22C0659D8F5F02EF5FD8530F0CBB3C1D,2017,CHEVROLET,SILVERADO,PICKUP TRUCK,RWD,GASOLINE/E85,34358,2017-03-02,34
DF833D2B3D498CAD6D26A1C43091227F,2017,CHEVROLET,SILVERADO,PICKUP TRUCK,RWD,GASOLINE/E85,90123,2017-02-03,34
B7CA789516A390E1060442E52A6E7792,2017,CHEVROLET,SILVERADO,PICKUP TRUCK,RWD,GASOLINE/E85,67655,2017-02-06,34
19847EF1661E6A66813204746D781509,2017,CHEVROLET,SILVERADO,PICKUP TRUCK,RWD,GASOLINE/E85,23698,2017-03-07,34
6D7A937BF6256D25CAB9017AFB2A61E6,2017,CHEVROLET,SILVERADO,PICKUP TRUCK,RWD,GASOLINE/E85,38781,2017-02-10,34
7B64B3DC4860FF2F27BFE8041A2DDC5C,2017,CHEVROLET,SILVERADO,PICKUP TRUCK,RWD,GASOLINE/E85,43421,2017-03-06,34
892F1D2595518079691E48337CBAF5D4,2017,CHEVROLET,SILVERADO,PICKUP TRUCK,RWD,GASOLINE/E85,49389,2017-02-10,34
394E78CF7F78CD4A86A8DFB6575B560A,2017,CHEVROLET,SILVERADO,PICKUP TRUCK,RWD,GASOLINE/E85,25170,2017-02-15,34
41E358C9E8978DBDF0EB44999D53E65C,2017,CHEVROLET,SILVERADO,PICKUP TRUCK,RWD,GASOLINE/E85,61667,2017-02-16,34
B938D1DB1E311C584A8929F261C23C20,2017,FORD,EXPLORER,MULTIPURPOSE VEHICLE (MPV),FWD,GASOLINE,26500,2017-03-03,18.6
10256B64550F7837F607C6C7D5B2C35B,2017,CHEVROLET,SILVERADO,PICKUP TRUCK,RWD,GASOLINE/E85,26944,2017-06-29,26
495EDE2B3258B7140E2D70B3EE5EFB3E,2017,CHEVROLET,SILVERADO,PICKUP TRUCK,4WD,GASOLINE/E85,81319,2016-12-09,26
5EC276CEBE327AB956FE648868E90B55,2017,FORD,FOCUS,PASSENGER CAR,FWD,GASOLINE/E85,50,2017-03-13,12.4
AE827BAE44EA62F077E38D880CDFDDDF,2017,FORD,FOCUS,PASSENGER CAR,FWD,GASOLINE/E85,27491,2017-03-28,12.4
0F90A35772B9E54083DB7B9D45B8A110,2017,FORD,FOCUS,PASSENGER CAR,FWD,GASOLINE/E85,32963,2017-05-25,12.4
6AFAB426D1985AEE64528DDD50E87549,2017,FORD,FOCUS,PASSENGER CAR,FWD,GASOLINE/E85,77934,2017-03-22,12.4
12C1EA0FF26EDFFAAE5F96E3E69152C1,2017,FORD,FOCUS,PASSENGER CAR,FWD,GASOLINE/E85,41156,2017-04-20,12.4
102121976D58FE8DD9C0391AEC86D81E,2017,FORD,FOCUS,PASSENGER CAR,FWD,GASOLINE/E85,28805,2017-03-31,12.4
CF8D2C9BF960A4D834F15F1B8ECEB40B,2017,CHEVROLET,SILVERADO,PICKUP TRUCK,RWD,GASOLINE/E85,20960,2017-01-31,34
F921C1E54DDAACF4E33F7B341251491E,2017,CHEVROLET,SILVERADO,PICKUP TRUCK,RWD,GASOLINE/E85,13089,2017-02-28,34
C6426CC3FD73A108A934766A76610AF0,2017,CHEVROLET,SILVERADO,PICKUP TRUCK,RWD,GASOLINE/E85,16792,2017-02-21,34
FFFF4EB3467E721B490257E39F826219,2017,CHEVROLET,SILVERADO,PICKUP TRUCK,RWD,GASOLINE/E85,47254,2017-02-08,34
365C308B144FDA61FC66A436CACA43D2,2017,CHEVROLET,SILVERADO,PICKUP TRUCK,RWD,GASOLINE/E85,31803,2017-03-07,34
AA5AB0F9C1461FA12E0D6F841D83EE71,2017,CHEVROLET,SILVERADO,PICKUP TRUCK,RWD,GASOLINE/E85,59259,2017-04-21,34
AA57AECD0D38ED02D6AEABBAEC663F5C,2017,CHEVROLET,SILVERADO,PICKUP TRUCK,RWD,GASOLINE/E85,19214,2017-02-04,34
6D594B8DF1CAC78457CB08ABE9879748,2017,CHEVROLET,SILVERADO,PICKUP TRUCK,RWD,GASOLINE/E85,45650,2017-02-07,34
F6AEEC61CBBEC986AD2073AB2C89B717,2017,CHEVROLET,SILVERADO,PICKUP TRUCK,RWD,GASOLINE/E85,41219,2017-02-01,34
1BF96420C183714E0B3EBEE8DCE24629,2017,CHEVROLET,SILVERADO,PICKUP TRUCK,RWD,GASOLINE/E85,21897,2017-02-02,34
2A6B86106F85DB535C5B172B36309CDD,2017,CHEVROLET,SILVERADO,PICKUP TRUCK,RWD,GASOLINE/E85,50797,2017-03-14,34
7C774D1A13D85A5E9013048F40B7E0CB,2017,FORD,EXPLORER,MULTIPURPOSE VEHICLE (MPV),FWD,GASOLINE,41274,2016-10-24,18.6
906799CD4C70803886F206D4BCE1FDE8,2017,FORD,F-150,PICKUP TRUCK,RWD,GASOLINE,42206,2017-04-14,23
950BCCCDCF32DC17C4DACB5EDE5DC819,2017,FORD,F-150,PICKUP TRUCK,RWD,GASOLINE,27773,2017-03-24,23
228B2B5D6316A199A318D3204A10285B,2017,FORD,F-150,PICKUP TRUCK,RWD,GASOLINE,50713,2017-05-02,23
FABC61C679EA71AA6F90A04D7F153895,2017,FORD,F-150,PICKUP TRUCK,RWD,GASOLINE,29332,2017-04-20,23
9A194C68B32222146083222A5CC932A7,2017,FORD,F-150,PICKUP TRUCK,RWD,GASOLINE,52896,2017-05-17,23
8E410360FB1A5139E82B91DD6DD5C326,2017,FORD,F-150,PICKUP TRUCK,RWD,GASOLINE,30029,2017-03-27,23
FDF377AB3FE08C72662A1892980A70D5,2017,FORD,F-150,PICKUP TRUCK,RWD,GASOLINE,41659,2017-03-27,23
6D724DE62AA7AB1FFE860088D1139F2D,2017,FORD,F-150,PICKUP TRUCK,RWD,GASOLINE,52740,2017-05-08,23
42488FF8892571A153AFD7A8AA198BDC,2017,FORD,F-150,PICKUP TRUCK,RWD,GASOLINE,10133,2017-03-27,23
7B27385691E981F9E84958637FE2F783,2017,FORD,F-150,PICKUP TRUCK,RWD,GASOLINE,60674,2017-04-12,23
798EDF5940970703ADCC01A9812A4D0E,2017,FORD,F-150,PICKUP TRUCK,RWD,GASOLINE,1807,2017-03-23,23
5091F8190ACDBDD186E58ECEAB63AEC3,2017,FORD,F-150,PICKUP TRUCK,RWD,GASOLINE,54210,2017-04-13,23
2B3EF3BB0928054CF37F48F19AB3E602,2017,FORD,F-150,PICKUP TRUCK,RWD,GASOLINE,27814,2017-04-12,23
EF1F6F42C8FBFCD7D3E48F4A9638E886,2017,FORD,F-150,PICKUP TRUCK,RWD,GASOLINE,28990,2017-03-24,23
0A0AF7FA6694F79020DDBC5FDB34F3D4,2017,FORD,F-150,PICKUP TRUCK,RWD,GASOLINE,25917,2017-04-20,23
F302AFB4B4F3EBE601A94DF67BE899B2,2017,FORD,F-150,PICKUP TRUCK,RWD,GASOLINE,20638,2017-05-03,23
84254C6DC861F6351890E1ADE928311E,2017,FORD,F-150,PICKUP TRUCK,RWD,GASOLINE,26569,2017-03-22,23
1A0F2E4B356FFB3F063035AF0A56964F,2017,FORD,F-150,PICKUP TRUCK,RWD,GASOLINE,32971,2017-03-27,23
0B630607678F42EABFAF84C49CB7C78D,2017,FORD,F-150,PICKUP TRUCK,RWD,GASOLINE,555,2017-05-03,23
ED97043B16E35B22D1F09194532C8E75,2017,FORD,F-150,PICKUP TRUCK,RWD,GASOLINE,26889,2017-03-22,23
9ACE3345DC359D9C357A15367A689146,2017,FORD,F-150,PICKUP TRUCK,RWD,GASOLINE,25281,2017-03-22,23
83A3C3833204C03824F5A3FF5DD852C6,2017,FORD,F-150,PICKUP TRUCK,RWD,GASOLINE,21770,2017-03-27,23
EAD5CD703D5101A2739DEE07C479FA37,2017,FORD,F-150,PICKUP TRUCK,RWD,GASOLINE,47302,2017-04-13,23
42E387338AF7C7C558C8480A04CFDC08,2017,FORD,F-150,PICKUP TRUCK,RWD,GASOLINE,52867,2017-04-03,23
F064BB294A465862C0E5732D79518224,2017,FORD,F-150,PICKUP TRUCK,RWD,GASOLINE,28147,2017-03-29,23
1525C9B5BAC3C3DAD29EEDE282F48106,2017,FORD,F-150,PICKUP TRUCK,RWD,GASOLINE,39961,2017-04-14,23
A3DED24F75C765B99932EF0D4BC5EBDC,2017,FORD,F-150,PICKUP TRUCK,RWD,GASOLINE,65831,2017-04-12,23
8030FE868DAAB102894345B181767129,2017,FORD,F-150,PICKUP TRUCK,RWD,GASOLINE,65566,2017-04-12,23
6183F4D40EA355382F257ADA2023A75A,2017,FORD,F-150,PICKUP TRUCK,RWD,GASOLINE,17629,2017-04-13,23
45C3944A179A34549570FAE3EE4BEC2E,2017,FORD,F-150,PICKUP TRUCK,RWD,GASOLINE,61846,2017-04-21,23
24DFD23FC494B73F305E651C53E1FBBE,2017,FORD,F-150,PICKUP TRUCK,RWD,GASOLINE,39808,2017-04-19,23
D5FA1A9B3946F779195A8E26FD50DD13,2017,FORD,F-150,PICKUP TRUCK,RWD,GASOLINE,32815,2017-04-14,23
E88F87F3BCF50A50DF5BC23D05CC6260,2017,FORD,F-150,PICKUP TRUCK,RWD,GASOLINE,28773,2017-04-21,23
8DCB245D1FC427021AC9EA1F8CF9E193,2017,FORD,F-150,PICKUP TRUCK,RWD,GASOLINE,28899,2017-04-25,23
65C0625051AFC323387BBF071AABCA98,2017,FORD,F-150,PICKUP TRUCK,RWD,GASOLINE,43603,2017-05-02,23
B299235C0A9ECA3BFFE287BB99870CF1,2017,FORD,F-150,PICKUP TRUCK,RWD,GASOLINE,50321,2017-04-27,23
DC1482BF7C1719AE106AE5D7377B61FE,2017,FORD,F-150,PICKUP TRUCK,RWD,GASOLINE,72699,2017-04-12,23
9C47A3204C5A46DF85C5FE2B95466856,2017,FORD,F-150,PICKUP TRUCK,RWD,GASOLINE,19264,2017-04-18,23
A666AB31AA773E3A4C088749740F7D0E,2017,FORD,F-150,PICKUP TRUCK,RWD,GASOLINE,25772,2017-04-25,23
EA10FE7A1BB5C30B521047FFBFAA3C54,2017,FORD,F-150,PICKUP TRUCK,RWD,GASOLINE,30127,2017-07-06,23
1F55FECE47927BE13863F0665083F924,2017,FORD,F-150,PICKUP TRUCK,RWD,GASOLINE,35615,2017-05-12,23
1C6F92B002E31AD4C185F0D633972983,2017,FORD,F-150,PICKUP TRUCK,RWD,GASOLINE,29800,2017-05-11,23
35923900968831C1A689E7BB1F6C33CC,2017,FORD,F-150,PICKUP TRUCK,RWD,GASOLINE,58730,2017-04-13,23
133ED23DA9EB57A0D6E2021BEA0D4AE8,2017,FORD,F-150,PICKUP TRUCK,RWD,GASOLINE,25646,2017-03-10,23
4F014508B27F7A4D2169DC1D7FBF3CFB,2017,FORD,F-150,PICKUP TRUCK,RWD,GASOLINE,23190,2017-03-16,23
4255DBB65D6EB8DF165B359197D8A9FB,2017,FORD,F-150,PICKUP TRUCK,RWD,GASOLINE,18147,2017-06-06,23
D6C0CA39190334161CCDE86FCFA2B3AE,2017,FORD,F-150,PICKUP TRUCK,RWD,GASOLINE,13556,2017-03-27,23
0B36894F1AA73B22F9394A1F3B303BEC,2017,FORD,F-150,PICKUP TRUCK,4WD,GASOLINE,45541,2017-03-31,23
56802FF0E8714D3DDFBFF64B120C35CE,2017,FORD,F-150,PICKUP TRUCK,RWD,GASOLINE,34034,2017-03-07,23
ED9B5768CC1F2A8DDE1DB4C4578E841D,2017,FORD,F-150,PICKUP TRUCK,RWD,GASOLINE,52990,2017-03-10,23
B26BA49D6E13171F34523917EBB05AF1,2017,FORD,F-150,PICKUP TRUCK,RWD,GASOLINE,55155,2017-03-14,23
407F6BB29C4A8BA99E3EF30A06A3513A,2017,FORD,F-150,PICKUP TRUCK,RWD,GASOLINE,29281,2017-04-10,23
1E17A80A472F3F3317E123C60B411441,2017,FORD,F-150,PICKUP TRUCK,RWD,GASOLINE,51172,2017-03-14,23
8DE364C3DB8E0DEFA94BF5D9A723BCD7,2017,FORD,F-150,PICKUP TRUCK,RWD,GASOLINE,24000,2017-05-18,23
DB484CDEB7ED1DC5B079347C94A26D63,2017,FORD,F-150,PICKUP TRUCK,RWD,GASOLINE,55270,2017-03-27,23
802D33CC9798325D174236908015ED2C,2017,FORD,F-150,PICKUP TRUCK,RWD,GASOLINE,19738,2017-04-07,23
55E41420549A0AAEA1880DA4B5307930,2017,FORD,F-150,PICKUP TRUCK,RWD,GASOLINE,15894,2017-04-10,23
CF673DEB78F78B3D52BD4D0E066DEF6E,2017,FORD,F-150,PICKUP TRUCK,RWD,GASOLINE,32752,2017-04-10,23
750DB881C6322E290ED36644176B1182,2017,FORD,F-150,PICKUP TRUCK,RWD,GASOLINE,39307,2017-03-23,23
A23C55D1BA5EDAD7D9B88ABDDD61990D,2017,FORD,F-150,PICKUP TRUCK,RWD,GASOLINE,40875,2017-05-11,23
F8D053D111DE6C2AF86050B071C4A075,2017,FORD,F-150,PICKUP TRUCK,RWD,GASOLINE,40439,2017-03-06,23
B5CEF14FEE2183ACE80EBF2FF6B5927C,2017,FORD,F-150,PICKUP TRUCK,RWD,GASOLINE,35514,2017-04-03,23
2B1F8B076FFFE335FBDDC0208D68ED17,2017,FORD,F-150,PICKUP TRUCK,RWD,GASOLINE,40989,2017-03-03,23
4B6AF5666C52751F26DFECD703168644,2017,FORD,F-150,PICKUP TRUCK,RWD,GASOLINE,16538,2017-04-17,23
9964907D2524056AC7803080E7B83B1C,2017,FORD,F-150,PICKUP TRUCK,RWD,GASOLINE,40376,2017-03-07,23
04B6634BB1CD42947C6FB6D02E92848E,2017,FORD,F-150,PICKUP TRUCK,RWD,GASOLINE,41400,2017-03-22,23
896D7884DD5A943ACC93E61E08C2A595,2017,FORD,F-150,PICKUP TRUCK,RWD,GASOLINE,71798,2017-03-15,23
04E589D3BBC9714A9BDD5227F5FB5FDB,2017,FORD,F-150,PICKUP TRUCK,RWD,GASOLINE,47553,2017-03-20,23
3EE172CC337592CB48EA39683F353460,2017,FORD,F-150,PICKUP TRUCK,RWD,GASOLINE,70965,2017-03-17,23
19191A02505330F2D83B04724DD326B6,2017,FORD,F-150,PICKUP TRUCK,RWD,GASOLINE,23649,2017-04-17,23
A06778452F5A050137B0F112FB064D3E,2017,FORD,F-150,PICKUP TRUCK,RWD,GASOLINE,51832,2017-02-27,23
06F2F8968DB48C5F8C527AF8D7CC8E77,2017,FORD,F-150,PICKUP TRUCK,RWD,GASOLINE,47868,2017-03-02,23
2784E78FC9394CD28285DA82C6F5F2D9,2017,FORD,F-150,PICKUP TRUCK,RWD,GASOLINE,48997,2017-04-03,23
988664A355235B83468FF80E7393A953,2017,FORD,F-150,PICKUP TRUCK,RWD,GASOLINE,49196,2017-02-27,23
B16AFC8D4AF0993D29A09E750E427A19,2017,FORD,F-150,PICKUP TRUCK,RWD,GASOLINE,27010,2017-03-10,23
948D482A1E7103D474B3EBE8B023B27B,2017,CHEVROLET,COLORADO,PICKUP TRUCK,RWD,GASOLINE/E85,34406,2017-04-14,21
1B998E51143803447158CA7DF8B1FF1F,2017,CHEVROLET,COLORADO,PICKUP TRUCK,RWD,GASOLINE/E85,67850,2017-04-11,21
386C89CA80486A3823188999F2184236,2017,CHEVROLET,COLORADO,PICKUP TRUCK,RWD,GASOLINE/E85,38075,2017-06-16,21
A3D20AC0D94502939AA44D87C7240288,2017,FORD,FOCUS,PASSENGER CAR,FWD,GASOLINE/E85,43505,2017-07-06,12.4
C376D92198D15F0429177E22A297F93E,2017,FORD,FOCUS,PASSENGER CAR,FWD,GASOLINE/E85,3758,2017-07-11,12.4
6EDEFE0D6DA82D871313AD34DB3DCF9F,2017,FORD,FOCUS,PASSENGER CAR,FWD,GASOLINE/E85,42600,2017-05-12,12.4
652BA0B32A1E4C3E8DBAE75322313EEC,2017,FORD,FOCUS,PASSENGER CAR,FWD,GASOLINE/E85,24776,2017-05-10,12.4
2DD753FCBF8473F5769807DB8270005B,2017,FORD,F-150,PICKUP TRUCK,RWD,GASOLINE,52300,2017-04-19,23
1C0B32F9DA7FC11EEE82DC3C08778E15,2017,FORD,F-150,PICKUP TRUCK,RWD,GASOLINE,50443,2017-04-06,23
6C1E4271A040C53FFFE347F4DF0389E8,2017,FORD,F-150,PICKUP TRUCK,RWD,GASOLINE,26713,2017-03-17,23
6233C19E2E09A3A6FEBBD84FA25C2E26,2017,FORD,F-150,PICKUP TRUCK,RWD,GASOLINE,30170,2017-03-17,23
01C5E212FFBD5CB2BF504421DDC4A109,2017,FORD,F-150,PICKUP TRUCK,RWD,GASOLINE,50264,2017-03-21,23
7DC72443F32D0C9DEA11882945C46911,2017,FORD,F-150,PICKUP TRUCK,RWD,GASOLINE,42186,2017-03-17,23
889CF7F06A6E4DCB2FDE1406BEE42CA3,2017,FORD,F-150,PICKUP TRUCK,RWD,GASOLINE,18816,2017-03-16,23
09D4C6506B0B096A7FB07E200D52BEFA,2017,FORD,F-150,PICKUP TRUCK,RWD,GASOLINE,38680,2017-03-23,23
BEB02C9663C2ED3921AE416F75EDB96A,2017,FORD,F-150,PICKUP TRUCK,RWD,GASOLINE/E85,65899,2017-03-10,36
799F558D072CBEE0CC79B879F112751F,2017,FORD,F-150,PICKUP TRUCK,RWD,GASOLINE/E85,28581,2017-03-20,36
9674AB6926F70522C04D6A8D290157DA,2017,FORD,F-150,PICKUP TRUCK,RWD,GASOLINE/E85,52026,2017-03-28,36
D26E936E9972AF9359FC3882AD30F6C4,2017,FORD,F-150,PICKUP TRUCK,RWD,GASOLINE/E85,37628,2017-03-23,36
AD3F3A238FCA2A3A5E64C230895E6FFF,2017,FORD,F-150,PICKUP TRUCK,RWD,GASOLINE/E85,36428,2017-05-03,36
B8611383E54BA8016323744648FE46C3,2017,FORD,F-150,PICKUP TRUCK,RWD,GASOLINE/E85,40738,2017-04-17,36
2AC8D1D7C02BB0893B323B98169BAD48,2017,FORD,F-150,PICKUP TRUCK,RWD,GASOLINE/E85,35483,2017-04-20,36
5499777F17E0B5E8752F069CFE66266B,2017,FORD,F-150,PICKUP TRUCK,RWD,GASOLINE/E85,27734,2017-06-05,36
388DF1E8115A4C4F3F1EC0F672081F07,2017,FORD,FOCUS,PASSENGER CAR,FWD,GASOLINE/E85,25549,2017-06-28,12.4
D203C0095744D636DD4C1FB72A2165F0,2017,FORD,FOCUS,PASSENGER CAR,FWD,GASOLINE/E85,24350,2017-07-17,12.4
AB2073B4C0331BE187E080EFB53A7F48,2017,FORD,FOCUS,PASSENGER CAR,FWD,GASOLINE/E85,62739,2017-04-18,12.4
2AD6D4B2BB958DC2B97F23813A34B029,2017,FORD,FOCUS,PASSENGER CAR,FWD,GASOLINE/E85,30181,2017-06-05,12.4
30B3047D3C0D61D5F88ED64826C09531,2017,FORD,FOCUS,PASSENGER CAR,FWD,GASOLINE/E85,50430,2017-07-06,12.4
B9CA885ED58449EE6456E68927A4B27F,2017,FORD,F-150,PICKUP TRUCK,RWD,GASOLINE,32691,2017-04-06,23
D64639C5253855DF5079BF477425EA50,2017,FORD,F-150,PICKUP TRUCK,RWD,GASOLINE,26945,2017-04-18,23
548567C9538F3BA8E00ABF200C5C0BDB,2017,FORD,F-150,PICKUP TRUCK,RWD,GASOLINE,25537,2017-04-04,23
CA2BC9EC157F8C43ED475F679C4D981D,2017,FORD,F-150,PICKUP TRUCK,RWD,GASOLINE,31224,2017-05-11,23
FEFA17197BD73842A514D63AF1EF74FE,2017,FORD,F-150,PICKUP TRUCK,RWD,GASOLINE,68029,2017-04-13,23
B30876064AEB1EF124F2D2D85172865D,2017,FORD,F-150,PICKUP TRUCK,RWD,GASOLINE,28545,2017-04-05,23
F3ED211114AB13368B427894F877517F,2017,FORD,F-150,PICKUP TRUCK,RWD,GASOLINE,36789,2017-05-04,23
5011433792D6D05094169C546B01B56B,2017,FORD,F-150,PICKUP TRUCK,RWD,GASOLINE,51038,2017-05-15,23
C434F35821E849F96B1D27268ED03CA0,2017,FORD,F-150,PICKUP TRUCK,RWD,GASOLINE,35037,2017-06-27,23
393EC4D73AB19FDFC7F5CACB8C818550,2017,FORD,F-150,PICKUP TRUCK,RWD,GASOLINE,25479,2017-04-13,23
31283B268B44B001A8BBDA47227BD78D,2017,FORD,F-150,PICKUP TRUCK,RWD,GASOLINE,66346,2017-04-13,23
B3899D29DD8B55821AEE3D871DEB0752,2017,FORD,F-150,PICKUP TRUCK,RWD,GASOLINE/E85,57562,2017-04-19,23
D6CDAB3AD630DECFCF2E759EFEF2C636,2017,FORD,F-150,PICKUP TRUCK,RWD,GASOLINE/E85,41397,2017-05-24,36
620809DA19B16603D7F6FDC9B6341834,2017,FORD,F-150,PICKUP TRUCK,RWD,GASOLINE/E85,41531,2017-05-25,36
4531BC4F2C4B9045CB47687C61021444,2017,FORD,F-150,PICKUP TRUCK,RWD,GASOLINE/E85,38610,2017-04-21,36
464029FD442AD8AD4F5C0B0D30A4ADE6,2017,FORD,F-150,PICKUP TRUCK,RWD,GASOLINE/E85,85862,2017-04-14,36
E7B15DA53C25F546C79B1523DDA91A70,2017,FORD,F-150,PICKUP TRUCK,RWD,GASOLINE/E85,25423,2017-04-17,36
16D6B41E1FB4E58D7B75D23AB4951BA7,2017,FORD,F-150,PICKUP TRUCK,RWD,GASOLINE/E85,39441,2017-04-20,36
346BA49439037351665195AD8BF4AE16,2017,FORD,F-150,PICKUP TRUCK,RWD,GASOLINE/E85,45715,2017-06-06,36
6060AC10360E4BAAE75F89B8A848910C,2017,FORD,F-150,PICKUP TRUCK,RWD,GASOLINE/E85,42128,2017-05-08,36
3962AA4EDAD8FDEEC60E34F5CEB35653,2017,FORD,F-150,PICKUP TRUCK,RWD,GASOLINE/E85,47585,2017-05-18,36
A05AE444BF946500B91E8AE70441C713,2017,FORD,F-150,PICKUP TRUCK,RWD,GASOLINE/E85,50444,2017-06-27,36
7EEFA7F39E4537A18971E1E94F2986A5,2017,FORD,F-150,PICKUP TRUCK,RWD,GASOLINE/E85,40837,2017-04-20,36
9E42E8E68576CD534F9B213B9CCCBA73,2017,FORD,F-150,PICKUP TRUCK,RWD,GASOLINE/E85,48625,2017-06-22,36
EBE3F17C48A798A9C308B81787E81462,2017,FORD,F-150,PICKUP TRUCK,RWD,GASOLINE/E85,23553,2017-10-16,36
FC368D376F82623E2228074A0BE3AE01,2017,FORD,F-150,PICKUP TRUCK,RWD,GASOLINE/E85,50400,2017-08-17,36
90DFFEBABB812A4F4B1B3B5449D0C110,2017,FORD,F-150,PICKUP TRUCK,RWD,GASOLINE/E85,64011,2017-04-07,36
33240C293D8B6EF3342EC8EB622B0580,2017,FORD,F-150,PICKUP TRUCK,RWD,GASOLINE,13568,2017-03-24,23
1C40932CBCBFA787828373DACBFCB749,2017,FORD,ESCAPE,MULTIPURPOSE VEHICLE (MPV),FWD,GASOLINE,38558,2016-12-12,15.7
264F78206CFC7DA6440F4C30EE9CE6D2,2017,FORD,F-150,PICKUP TRUCK,RWD,GASOLINE,12171,2017-04-05,23
3886F6F170016C96C3D813680FD0EB1D,2017,FORD,F-150,PICKUP TRUCK,RWD,GASOLINE,132090,2017-03-23,23
A1D8661D9FB3A70BA32392FB7FC7B8F8,2017,FORD,F-150,PICKUP TRUCK,RWD,GASOLINE,55175,2017-03-31,23
0C262715EC8B8F1D293EC201A66F7D84,2017,FORD,F-150,PICKUP TRUCK,RWD,GASOLINE,22910,2017-03-31,23
76BD1944B1DE3B8EA26CA36A7D818588,2017,FORD,F-150,PICKUP TRUCK,RWD,GASOLINE,28974,2017-03-24,23
7FAAE72C9EE5D3CE0CA7B1AF388CC02D,2017,FORD,F-150,PICKUP TRUCK,RWD,GASOLINE,47439,2017-03-31,23
4AC54115C936BF2090852D8DEE61E141,2017,FORD,F-150,PICKUP TRUCK,RWD,GASOLINE,43873,2017-06-22,23
340DBC4627EAC4801EB7727E1D223197,2017,FORD,F-150,PICKUP TRUCK,RWD,GASOLINE,50530,2017-03-16,23
88BC474A26C413D9FE4F71C85A8C8E40,2017,FORD,F-150,PICKUP TRUCK,RWD,GASOLINE,22643,2017-05-18,23
367EF3780ABBF5D6692DFD5FA4741296,2017,FORD,F-150,PICKUP TRUCK,RWD,GASOLINE,62848,2017-04-05,23
53A8DF5489EEDF330206B2BED92E6294,2017,FORD,F-150,PICKUP TRUCK,RWD,GASOLINE,60586,2017-05-18,23
F0DF82FFF3DF500115FB9F71CEFF2F55,2017,FORD,F-150,PICKUP TRUCK,RWD,GASOLINE,53220,2017-03-30,23
CF490DA0276185DE1C359BAA0ABE21BD,2017,FORD,F-150,PICKUP TRUCK,RWD,GASOLINE,38072,2017-04-14,23
BE8E81F20987ACF2FF8BF8ACE8584B9E,2017,FORD,F-150,PICKUP TRUCK,RWD,GASOLINE,33432,2017-03-22,23
3BF4ADF6E1429FAC5314F58594DB2BC2,2017,FORD,F-150,PICKUP TRUCK,RWD,GASOLINE,46257,2017-03-17,23
F8E9FD4F84DA58E493632528A9E44D87,2017,FORD,F-150,PICKUP TRUCK,RWD,GASOLINE,54116,2017-03-24,23
1B8EDDCB8F645D904BF2913A0EFCA3AF,2017,FORD,F-150,PICKUP TRUCK,RWD,GASOLINE/E85,28440,2017-07-06,36
F7BB4DF636E974C4C4140633E4884C13,2017,FORD,F-150,PICKUP TRUCK,RWD,GASOLINE/E85,69737,2017-04-20,36
6CA613F034370DF2AFF8ED8573CDF6C1,2017,FORD,F-150,PICKUP TRUCK,RWD,GASOLINE/E85,29154,2017-05-02,36
40640BFA1F6E1A3FC9E5A1C9521192E0,2017,FORD,F-150,PICKUP TRUCK,RWD,GASOLINE/E85,37302,2017-05-15,36
E2FCFAD83529845D2C2EAA019926F899,2017,FORD,F-150,PICKUP TRUCK,RWD,GASOLINE/E85,25400,2017-07-28,36
639D545DF550F0A903B615424FF93335,2017,FORD,F-150,PICKUP TRUCK,RWD,GASOLINE/E85,25545,2017-04-22,36
7F5B331FF4B23181FF92380990514FDD,2017,FORD,F-150,PICKUP TRUCK,RWD,GASOLINE/E85,41501,2017-06-28,36
423054220B9EA87A7E467F9F1E266F7B,2017,FORD,F-150,PICKUP TRUCK,RWD,GASOLINE/E85,55380,2017-04-21,36
3F0800ED5AA0B36E707C813D65BE6C5C,2017,FORD,F-150,PICKUP TRUCK,RWD,GASOLINE/E85,32410,2017-11-20,36
2F2587B107739496BE4EE2834C96C58C,2017,FORD,F-150,PICKUP TRUCK,RWD,GASOLINE/E85,46797,2017-04-12,36
81CB4930BE8AF20FC5BDF2F56122F497,2017,FORD,F-150,PICKUP TRUCK,RWD,GASOLINE/E85,47922,2017-04-03,36
2F4B2F64F281833228257DFA0D283BE8,2017,FORD,F-150,PICKUP TRUCK,RWD,GASOLINE/E85,33825,2017-04-20,36
1EC258980151EA7D723757A0FBC04C92,2017,FORD,F-150,PICKUP TRUCK,RWD,GASOLINE/E85,12609,2017-03-22,36
4627015A33BEFB9C3E665F66F0F9C2C8,2017,FORD,F-150,PICKUP TRUCK,RWD,GASOLINE/E85,42174,2017-04-18,36
2F962677401121EA2EBFA4F3B1BA3E0B,2017,FORD,F-150,PICKUP TRUCK,RWD,GASOLINE/E85,38008,2017-03-23,36
991F67ECF5199F9D06797789769AA3FD,2017,FORD,F-150,PICKUP TRUCK,RWD,GASOLINE/E85,13068,2017-03-29,36
3A693375A7E5DFDBAD8634C33CEC30FA,2017,FORD,F-150,PICKUP TRUCK,RWD,GASOLINE,58618,2017-03-22,23
C934C886B1348198C3C06936263C8908,2017,FORD,F-150,PICKUP TRUCK,RWD,GASOLINE,28126,2017-04-17,23
CA4BF5AB4A5B7B4C02DC609DC5C21EF2,2017,FORD,F-150,PICKUP TRUCK,RWD,GASOLINE,38783,2017-04-17,23
CC0EABA001C48C4F1C49B61F9932C03A,2017,FORD,F-150,PICKUP TRUCK,RWD,GASOLINE,27138,2017-03-24,23
085C55ADACBA695E1A0F7E124B2F38EA,2017,FORD,F-150,PICKUP TRUCK,RWD,GASOLINE,35660,2017-04-04,23
D897BB722FCB0BE5A8FE3E40534A1193,2017,FORD,F-150,PICKUP TRUCK,RWD,GASOLINE,78002,2017-03-06,23
FB8EE061BAE6DC79FB4DECC6F2A369C2,2017,FORD,F-150,PICKUP TRUCK,RWD,GASOLINE,47710,2017-03-16,23
E30EF5C68EFD7F7BE5D6B4F71275E666,2017,FORD,F-150,PICKUP TRUCK,RWD,GASOLINE,27600,2017-04-06,23
CE8335FD13511D5E664736BD7084D210,2017,FORD,F-150,PICKUP TRUCK,RWD,GASOLINE,40140,2017-05-01,23
0FD388699CC46262BB43AC03C392C1F7,2017,FORD,F-150,PICKUP TRUCK,RWD,GASOLINE,50698,2017-03-30,23
4DBFB0314BC3B4E912A853D89D38F89A,2017,FORD,F-150,PICKUP TRUCK,RWD,GASOLINE,27384,2017-04-05,23
F49FB9C55E53008D5962AA0733B3AA23,2017,FORD,F-150,PICKUP TRUCK,RWD,GASOLINE,32672,2017-03-03,23
92CA576A68924B57AEA15AB9BFB47C26,2017,FORD,F-150,PICKUP TRUCK,RWD,GASOLINE,31186,2017-04-06,23
F2D479FC7FDAAFEEF84587A6C4C28E12,2017,FORD,F-150,PICKUP TRUCK,RWD,GASOLINE,11760,2017-03-07,23
2144E3FACD720FADCEEBEE0624F580FD,2017,FORD,F-150,PICKUP TRUCK,RWD,GASOLINE,38267,2017-05-26,23
9A79CCBD5CA3571BD39A192F3F767BF6,2017,FORD,F-150,PICKUP TRUCK,RWD,GASOLINE,44693,2017-03-28,23
A0B865B8B4BF207C57E66026BF75CEEC,2017,FORD,F-150,PICKUP TRUCK,RWD,GASOLINE,35768,2017-05-15,23
0E16EB6E9176ACEE3E44E984FA5BE7DD,2017,FORD,F-150,PICKUP TRUCK,RWD,GASOLINE/E85,46201,2017-04-11,36
0E0C95CB70F70DE1C4C5942787A374A6,2017,FORD,F-150,PICKUP TRUCK,RWD,GASOLINE/E85,250097,2017-04-08,36
185CBB02CF9029A5F879C4EAE943D9C6,2017,FORD,F-150,PICKUP TRUCK,RWD,GASOLINE/E85,47752,2017-04-11,36
E63CFD2F11188E7FA23B2B7FC86D2268,2017,FORD,F-150,PICKUP TRUCK,RWD,GASOLINE/E85,62693,2017-03-24,36
5A2319836F62CED61EE4FE40D04D5502,2017,FORD,F-150,PICKUP TRUCK,RWD,GASOLINE/E85,35599,2017-04-06,36
D0AC57D843195889749E073DBD38C74B,2017,FORD,F-150,PICKUP TRUCK,RWD,GASOLINE/E85,31655,2017-03-27,36
F22444F76AA6BC3035A6CB5309AFDDF4,2017,FORD,F-150,PICKUP TRUCK,RWD,GASOLINE/E85,31095,2017-04-05,36
D3A968BBA0904D9DAE0BF14ABB6DF7C3,2017,FORD,F-150,PICKUP TRUCK,RWD,GASOLINE/E85,32618,2017-04-05,36
06C1AF40EAB420D04D5930EFE907594D,2017,FORD,F-150,PICKUP TRUCK,RWD,GASOLINE/E85,41672,2017-04-14,36
6D65A2521CA9F70EC0E5D5DF7F1BEAAC,2017,FORD,F-150,PICKUP TRUCK,RWD,GASOLINE,26410,2017-02-20,0
C9F4DB5901B229759CEB54876A3C9B19,2017,FORD,F-150,PICKUP TRUCK,RWD,GASOLINE,60319,2017-02-23,0
8EFB736A3E0B02D84D3C06CC11CDD3B4,2017,FORD,F-150,PICKUP TRUCK,RWD,GASOLINE,40379,2017-02-17,0
73387CA7519FCFEC5D43E804FD657C81,2017,FORD,F-150,PICKUP TRUCK,RWD,GASOLINE,37595,2017-02-24,0
0D729AC34474DE62A96631A0115CF15E,2017,FORD,F-150,PICKUP TRUCK,RWD,GASOLINE,22663,2017-02-28,0
CAAE8D4A71867D0B8DD51343F544243F,2017,FORD,F-150,PICKUP TRUCK,RWD,GASOLINE,78298,2017-02-27,0
86325D74C36FAB1E173A6788DBFD39BF,2017,FORD,F-150,PICKUP TRUCK,RWD,GASOLINE,35083,2017-02-25,0
1A52559F29FFE5B048F7C4EE39756D0F,2017,FORD,F-150,PICKUP TRUCK,RWD,GASOLINE,25176,2017-05-15,23
4594955B147EDFD3F63F328F7412D9C6,2017,FORD,F-150,PICKUP TRUCK,RWD,GASOLINE,33417,2017-04-13,23
221774C3B46D8127E0EAB8B88F69893B,2017,FORD,F-150,PICKUP TRUCK,RWD,GASOLINE,74240,2017-03-09,23
3AFB7F6B55B7141CD0E05EE867675C4A,2017,FORD,F-150,PICKUP TRUCK,RWD,GASOLINE,50085,2017-03-17,23
81034A6ECE3D8982B726CFC94FE89E93,2017,FORD,F-150,PICKUP TRUCK,RWD,GASOLINE,34088,2017-06-09,23
4E42E88E5E5EEE59418342BFA0401D45,2017,FORD,F-150,PICKUP TRUCK,RWD,GASOLINE,38431,2017-08-08,23
9383BBAF944A958170896A25EE8E12D4,2017,FORD,F-150,PICKUP TRUCK,RWD,GASOLINE,47353,2017-05-17,23
24F5E1866FEDD010D244FF77E85AA2F1,2017,FORD,F-150,PICKUP TRUCK,RWD,GASOLINE,41192,2017-03-17,23
20B53D040E9396E436CFC86E6384ACEC,2017,FORD,F-150,PICKUP TRUCK,RWD,GASOLINE,46771,2017-04-25,23
A2F400B0E53FA3D9550FC0FE38FC5DC4,2017,FORD,F-150,PICKUP TRUCK,RWD,GASOLINE,42045,2017-05-02,23
831A660869F0ABB0E28EA64DE308956E,2017,FORD,F-150,PICKUP TRUCK,RWD,GASOLINE,44947,2017-04-21,23
4086F65CA1D84B679EC77A2E4F6CC20B,2017,FORD,F-150,PICKUP TRUCK,RWD,GASOLINE,17178,2017-04-10,23
12A3CD78C25B00DC04955620EC8CC96A,2017,FORD,F-150,PICKUP TRUCK,RWD,GASOLINE,68583,2017-07-06,23
D9541E26A3A7789758E914915F622389,2017,FORD,F-150,PICKUP TRUCK,RWD,GASOLINE,27197,2017-07-13,23
90F1EC5A0EF3CB6962D31BC346E8C92F,2017,FORD,F-150,PICKUP TRUCK,RWD,GASOLINE,38948,2017-03-28,23
324F2C2B1710BCAA07EAC745C05C43B5,2017,FORD,F-150,PICKUP TRUCK,RWD,GASOLINE,43501,2017-03-07,23
37454E48CACAA9518794382EEB28B453,2017,FORD,F-150,PICKUP TRUCK,RWD,GASOLINE,68442,2017-03-03,0
697FFE24FDF6B3F4D675D5C0CAE7BAFB,2017,FORD,F-150,PICKUP TRUCK,RWD,GASOLINE,46347,2017-03-10,0
A186D262C194BFDB58B6F3FAC80163F7,2017,FORD,F-150,PICKUP TRUCK,RWD,GASOLINE,31095,2017-02-15,0
687A9818518B64A2CE215590439CF548,2017,FORD,F-150,PICKUP TRUCK,RWD,GASOLINE,74667,2017-04-04,0
04872EC561FC77D996A2F8AA32697FB1,2017,FORD,F-150,PICKUP TRUCK,RWD,GASOLINE,62140,2017-03-07,0
9C39034FA1B8A4902A81DFFE8702AC60,2017,FORD,F-150,PICKUP TRUCK,RWD,GASOLINE,39611,2017-03-22,0
C1C3EAB7E46D76A53B514AB241AC14AE,2017,FORD,F-150,PICKUP TRUCK,RWD,GASOLINE,28890,2017-03-13,0
CF3D22810EA4DFA36BF8E9F473B72FB6,2017,FORD,F-150,PICKUP TRUCK,RWD,GASOLINE,57794,2017-02-24,0
88D82A5AE65A2DE54B8F10F344DD0564,2017,FORD,F-150,PICKUP TRUCK,RWD,GASOLINE,48919,2017-03-08,0
FEF116E46D89F466D5933C9260182818,2017,FORD,F-150,PICKUP TRUCK,RWD,GASOLINE,87900,2017-02-23,0
6DE2F76B68B58EE50804D48D03745FC4,2017,FORD,F-150,PICKUP TRUCK,RWD,GASOLINE,37314,2017-04-26,0
E9BBBC8EA1B3882E56125D9DEEF06324,2017,FORD,F-150,PICKUP TRUCK,RWD,GASOLINE,31502,2017-02-23,0
2B6F0600D591036D42915143CADC5B0C,2017,FORD,F-150,PICKUP TRUCK,RWD,GASOLINE,41639,2017-03-07,0
4603D88C07D538BAD05AF3CC6E33249A,2017,FORD,F-150,PICKUP TRUCK,RWD,GASOLINE,50464,2017-02-27,0
825E8A2C7E370CC58955722ED54A6B00,2017,FORD,F-150,PICKUP TRUCK,RWD,GASOLINE,33075,2017-02-23,0
3747BFE7FC43BBD92652380EADE77EEE,2017,FORD,F-150,PICKUP TRUCK,RWD,GASOLINE,63040,2017-03-06,0
0DDAD52163F69B0241F648BE2F9B7432,2017,FORD,F-150,PICKUP TRUCK,RWD,GASOLINE,36881,2017-04-05,23
8CE523802CADD11BBF4D76C61CCC25E6,2017,FORD,F-150,PICKUP TRUCK,RWD,GASOLINE,27071,2017-04-18,23
494C26560F731F5365DAC108BFC08D71,2017,FORD,F-150,PICKUP TRUCK,RWD,GASOLINE,36916,2017-03-28,23
87059A54B3463FF92675E3F2E77B44C6,2017,FORD,F-150,PICKUP TRUCK,RWD,GASOLINE,84050,2017-04-07,23
D57C7288E9656F8DD38D2500540531A9,2017,FORD,F-150,PICKUP TRUCK,RWD,GASOLINE,24528,2017-03-23,23
8CFD6B53A527EDC0FEFD6D6626E1D2A7,2017,FORD,F-150,PICKUP TRUCK,RWD,GASOLINE,22808,2017-04-05,23
6CA23756D386B203995B49CEABDBC3E7,2017,FORD,F-150,PICKUP TRUCK,RWD,GASOLINE,28673,2017-03-23,23
4B5A5A663C5AE1AFA5C3398F8B1D4061,2017,FORD,F-150,PICKUP TRUCK,RWD,GASOLINE,21617,2017-05-22,23
5C2838D064D023900F0C0D49077F06A1,2017,FORD,F-150,PICKUP TRUCK,RWD,GASOLINE,53442,2017-04-20,23
2B93729495CB0FDD45E14AD5A5E3E295,2017,FORD,F-150,PICKUP TRUCK,RWD,GASOLINE,40444,2017-04-18,23
173CC1B03E12622231CB38A532E5710D,2017,FORD,F-150,PICKUP TRUCK,RWD,GASOLINE,34987,2017-04-20,23
1F539D493EEC2865107F4F78EA84440B,2017,FORD,F-150,PICKUP TRUCK,RWD,GASOLINE,39829,2017-03-27,23
0C7A2A0685F4C30A081881DA922DF5E7,2017,FORD,F-150,PICKUP TRUCK,RWD,GASOLINE,38643,2017-03-20,23
C68DC693E09099431268DF8D45EE1C59,2017,FORD,F-150,PICKUP TRUCK,RWD,GASOLINE,47174,2017-05-02,23
C2D942293B250846FA280FD45EB716FF,2017,FORD,F-150,PICKUP TRUCK,RWD,GASOLINE,42723,2017-05-31,23
0E8EF30B128FC4EF36DDEBB91A24755D,2017,FORD,F-150,PICKUP TRUCK,RWD,GASOLINE,33019,2017-06-16,23
1427FD882C219E812F9BBCF1A5CEEA5B,2017,FORD,F-150,PICKUP TRUCK,RWD,GASOLINE,28393,2017-02-28,0
6D0F9F0DFB440AB81B075C7B95D1B925,2017,FORD,F-150,PICKUP TRUCK,RWD,GASOLINE,45882,2017-03-03,0
3D3EC70C546669785B8F5FABC93D52F4,2017,FORD,F-150,PICKUP TRUCK,RWD,GASOLINE,28340,2017-02-27,0
5D0300E5188E36289D917FC4CF673D7A,2017,FORD,F-150,PICKUP TRUCK,RWD,GASOLINE,36915,2017-03-01,0
96909ED033ADAB9F7C3B9077D9040CD4,2017,FORD,F-150,PICKUP TRUCK,RWD,GASOLINE,33481,2017-02-27,0
0F55DE49F4C0655B2F92044BD6676CB1,2017,FORD,F-150,PICKUP TRUCK,RWD,GASOLINE,33125,2017-03-06,0
EF6622FB859A5EF016A8F99A6155A6F1,2017,FORD,F-150,PICKUP TRUCK,RWD,GASOLINE,25813,2017-03-04,0
359A3A929855C8828870A3527E87E4C5,2017,FORD,F-150,PICKUP TRUCK,RWD,GASOLINE,161337,2017-03-03,0
CE63C2F0A356F15FE4E02A50D48825FE,2017,FORD,F-150,PICKUP TRUCK,RWD,GASOLINE,41180,2017-03-03,0
D54664450B247AE04C2E5822F1090BD8,2017,FORD,F-150,PICKUP TRUCK,RWD,GASOLINE,47722,2017-02-24,0
61C94661AF23B0A39E2B45CCA1B9A0E7,2017,FORD,F-150,PICKUP TRUCK,4WD,GASOLINE,53161,2017-04-25,23
A54B86222D55BB0FEFC6BAB2B7887D2B,2017,CHEVROLET,SILVERADO,PICKUP TRUCK,4WD,GASOLINE/E85,79171,2016-12-02,26
7C2591BB84AC876A80B51AE3FC783930,2017,FORD,E-450 SUPER DUTY,VAN,4X2,GASOLINE,7810,2017-06-02,55
3FFF05CFF55F75C5FFD88941B55D3C21,2017,FORD,E-450 SUPER DUTY,VAN,4X2,GASOLINE,7768,2017-06-01,55
507B1F5768D2D6A730810145DF5991B2,2017,FORD,FOCUS,PASSENGER CAR,FWD,GASOLINE/E85,37168,2017-05-08,12.4
DC6DBB6BDE2328D38B43610FF123DFC3,2017,FORD,FOCUS,PASSENGER CAR,FWD,GASOLINE/E85,11536,2017-03-10,12.4
9895699DDBC2E6CA3F09EE57E2A3EC26,2017,FORD,FOCUS,PASSENGER CAR,FWD,GASOLINE/E85,8987,2017-06-23,12.4
7BF0F2D36B8EFA1C37F2DF869FF042BF,2017,FORD,FOCUS,PASSENGER CAR,FWD,GASOLINE/E85,25200,2017-03-13,12.4
7601D237015729DA1CFEF3C247DA31C6,2017,FORD,FOCUS,PASSENGER CAR,FWD,GASOLINE/E85,46092,2017-03-17,12.4
BD9A57631C3C256A0400257A818BA514,2017,FORD,FOCUS,PASSENGER CAR,FWD,GASOLINE/E85,16237,2017-03-23,12.4
F210A21D58B7851344FEDA870DD8030C,2017,FORD,FOCUS,PASSENGER CAR,FWD,GASOLINE/E85,15346,2017-04-26,12.4
6E8D50169934777B3822258F8794CAC9,2017,FORD,FOCUS,PASSENGER CAR,FWD,GASOLINE/E85,25856,2017-02-03,12.4
6AF97845DCE807DB2CE18F08E4BD4DE6,2017,FORD,FOCUS,PASSENGER CAR,FWD,GASOLINE/E85,16738,2017-04-26,12.4
B89DF5A19AFF7FE335E52E28774CFB8F,2017,FORD,FOCUS,PASSENGER CAR,FWD,GASOLINE/E85,29926,2017-04-26,12.4
93C91938AACF4737746716D9A709B71E,2017,FORD,FOCUS,PASSENGER CAR,FWD,GASOLINE/E85,41018,2017-04-26,12.4
F1645E7C27C2F3CAE51B5AC3777C7B4C,2017,FORD,FOCUS,PASSENGER CAR,FWD,GASOLINE/E85,22341,2017-01-26,12.4
B371EBC6BB566957A0C5676F874A3E68,2017,FORD,FOCUS,PASSENGER CAR,FWD,GASOLINE/E85,45214,2017-05-17,12.4
945ED4D9F3D324DCBAFD0728FCFCDB1E,2017,FORD,FOCUS,PASSENGER CAR,FWD,GASOLINE/E85,40456,2017-05-19,12.4
2019B7B6060EAEC941510C5466778C67,2017,FORD,FOCUS,PASSENGER CAR,FWD,GASOLINE/E85,31705,2017-03-15,12.4
1E3FD29571DFB593CEE9D7BDF0489C0F,2017,FORD,FOCUS,PASSENGER CAR,FWD,GASOLINE/E85,13189,2017-05-16,12.4
925DB5928DEAA44D5AB1C3C0019A1C12,2017,FORD,FOCUS,PASSENGER CAR,FWD,GASOLINE/E85,44327,2017-03-08,12.4
7A249CC38FF6E6FF7D62406A9004966B,2017,FORD,FOCUS,PASSENGER CAR,FWD,GASOLINE/E85,35628,2017-03-31,12.4
01CF9CAB9275246945B73F66E887DFC7,2017,FORD,FOCUS,PASSENGER CAR,FWD,GASOLINE/E85,42599,2017-03-07,12.4
43178E0C720D7C4196091BE7335112B4,2017,FORD,FOCUS,PASSENGER CAR,FWD,GASOLINE/E85,41395,2017-03-28,12.4
ACA7CE9343AB07225368A917D1C0DFDB,2017,FORD,FOCUS,PASSENGER CAR,FWD,GASOLINE/E85,16746,2017-03-06,12.4
1CA9BAE1D4DF6B3DE5E4C1C03BE93E71,2017,FORD,FOCUS,PASSENGER CAR,FWD,GASOLINE/E85,59953,2017-03-03,12.4
BE7F32B5A9B02C99E3A64F17907C70E1,2017,FORD,FOCUS,PASSENGER CAR,FWD,GASOLINE/E85,31303,2017-03-01,12.4
CD08C4ADBA98CA144DB05C0E17073FD7,2017,FORD,FOCUS,PASSENGER CAR,FWD,GASOLINE/E85,44731,2017-05-02,12.4
E274AB7E9485EF9DB51CDFA43D1C9FEB,2017,FORD,FOCUS,PASSENGER CAR,FWD,GASOLINE/E85,28120,2017-03-23,12.4
A64FE9A918830496B2C872D2682256B3,2017,FORD,FOCUS,PASSENGER CAR,FWD,GASOLINE/E85,46171,2017-02-16,12.4
27AFA516F6FE415163A773A122EBEBB0,2017,FORD,FOCUS,PASSENGER CAR,FWD,GASOLINE/E85,16523,2017-03-30,12.4
9D4E89C8EA94842B32AFA3264D0D8677,2017,CHEVROLET,SILVERADO,PICKUP TRUCK,RWD,GASOLINE/E85,49645,2017-01-25,34
C18B4AAF4C8F5AB7190F665224E021A6,2017,CHEVROLET,SILVERADO,PICKUP TRUCK,RWD,GASOLINE/E85,61838,2017-02-03,34
26A893FEBD602F278C0A1C8262D89512,2017,CHEVROLET,SILVERADO,PICKUP TRUCK,RWD,GASOLINE/E85,73527,2017-02-03,34
8CAF7C42B8B6E6B83B9D512BC57A717D,2017,CHEVROLET,SILVERADO,PICKUP TRUCK,RWD,GASOLINE/E85,41202,2017-02-08,34
CB3219FE287AF5AB0DED56C6E0D81E5C,2017,CHEVROLET,SILVERADO,PICKUP TRUCK,RWD,GASOLINE/E85,47610,2017-02-24,34
A517A7E74134DEA7EA10A06ACA8E002E,2017,CHEVROLET,SILVERADO,PICKUP TRUCK,RWD,GASOLINE/E85,55927,2017-01-18,34
DEEC702784FCD41A518A3B6E5F85B1A0,2017,CHEVROLET,SILVERADO,PICKUP TRUCK,RWD,GASOLINE/E85,28203,2017-02-21,34
C13D30498160C678493A8A654C8762C9,2017,CHEVROLET,SILVERADO,PICKUP TRUCK,RWD,GASOLINE/E85,59686,2017-02-21,34
4ED92D18BDA218414C7B7516F4D2FCEB,2017,CHEVROLET,SILVERADO,PICKUP TRUCK,RWD,GASOLINE/E85,41535,2017-03-23,34
2E0DCEB37E9861CCBFF0BF8029374DC2,2017,FORD,F-150,PICKUP TRUCK,RWD,GASOLINE/E85,41719,2017-03-01,36
AF07F229615285FCE4730739F70A7AB4,2017,CHEVROLET,SILVERADO,PICKUP TRUCK,RWD,GASOLINE/E85,35515,2017-03-02,34
2461FD7D25CE538BEBA3585B5705BB16,2017,CHEVROLET,SILVERADO,PICKUP TRUCK,RWD,GASOLINE/E85,48343,2017-05-30,34
B0537F464216A7BF175095B38BD6FC57,2017,CHEVROLET,SILVERADO,PICKUP TRUCK,RWD,GASOLINE/E85,35052,2017-03-06,34
F7CA367E6D9F39F1BDCCB67AC3ADA28A,2017,CHEVROLET,SILVERADO,PICKUP TRUCK,RWD,GASOLINE/E85,58182,2017-03-08,34
0BFDE3235B92B2A77D934345FEBE995A,2017,FORD,F-150,PICKUP TRUCK,RWD,GASOLINE/E85,35271,2017-03-02,36
6AD6F5343DEFCBD17055428CCC3BA644,2017,FORD,F-150,PICKUP TRUCK,RWD,GASOLINE/E85,27976,2017-03-17,36
D8BF58BBD3761F1DC48A5A6738DB5686,2017,FORD,F-150,PICKUP TRUCK,RWD,GASOLINE/E85,704583,2017-02-06,36
ECC632EA5172E33F5437DC269086E86D,2017,FORD,F-150,PICKUP TRUCK,RWD,GASOLINE/E85,59600,2017-02-06,36
DD0B487B569F01C5446B83D86AF41B5B,2017,FORD,F-150,PICKUP TRUCK,RWD,GASOLINE/E85,67926,2017-02-06,36
C34103DFF6193DE7A6E0206CAC9E44A3,2017,FORD,F-150,PICKUP TRUCK,RWD,GASOLINE/E85,61341,2017-02-16,36
AB5A72F194BB04A6CDCDBB1C609FBB12,2017,FORD,F-150,PICKUP TRUCK,RWD,GASOLINE/E85,61865,2017-02-03,36
B379315BAD182A5DDC76B8306B85F580,2017,FORD,F-150,PICKUP TRUCK,RWD,GASOLINE/E85,49829,2017-02-13,36
6436B3B1DE38BDA307148717E49A8AC1,2017,FORD,F-150,PICKUP TRUCK,RWD,GASOLINE/E85,43948,2017-03-02,36
DDA2416DEFD8D0C68D81A6BF48A4A776,2017,FORD,F-150,PICKUP TRUCK,RWD,GASOLINE/E85,50049,2017-02-15,36
C05A3AEE8EBC2DDB1DA84FAB8C394533,2017,FORD,F-150,PICKUP TRUCK,RWD,GASOLINE/E85,51639,2017-03-02,36
47C79C94571BA141127995F1D140C4CF,2017,FORD,F-150,PICKUP TRUCK,RWD,GASOLINE/E85,64791,2017-02-06,36
5A128CBABF0258DCC9F22663AFF2C4C0,2017,FORD,F-150,PICKUP TRUCK,RWD,GASOLINE/E85,75858,2017-01-23,36
BC8E2831DD1ED17D19842B444C8B94D6,2017,FORD,F-150,PICKUP TRUCK,RWD,GASOLINE/E85,67982,2017-02-13,36
413602A7B8C65EA19A2EC53FBA109596,2018,FORD,F-150,PICKUP TRUCK,RWD,GASOLINE/E85,5867,2018-07-25,23
D78056D2F264C7A135E867FA1BE7D985,2018,TOYOTA,CAMRY,PASSENGER CAR,FWD,GASOLINE,,2018-10-17,16
ADD9B2D785879459DB4EF4367C6C079C,2017,FORD,F-150,PICKUP TRUCK,4WD,GASOLINE,47850,2017-03-27,23
354F9147757A366815D82FA38010600E,2017,CHEVROLET,COLORADO,PICKUP TRUCK,RWD,GASOLINE/E85,28442,2017-06-28,21
8833F7A10E339038A19E59006F2478AF,2017,FORD,EXPLORER,MULTIPURPOSE VEHICLE (MPV),FWD,GASOLINE,31731,2017-02-06,18.6
7E80333C7D5222D3BECE4070E19DCA66,2017,FORD,EXPLORER,MULTIPURPOSE VEHICLE (MPV),FWD,GASOLINE,76700,2016-09-02,18.6
9FD239B738000399E8B6EDD7F78C9B5C,2017,FORD,E-450 SUPER DUTY,VAN,4X2,GASOLINE,23153,2017-06-08,55
92178DB8C6BE81B4D8955AC5EC6FF64A,2017,FORD,E-450 SUPER DUTY,VAN,4X2,GASOLINE,6469,2017-06-07,55
436842A23FAE4828F2BF609F80C40802,2017,FORD,EXPLORER,MULTIPURPOSE VEHICLE (MPV),FWD,GASOLINE,17367,2016-10-21,18.6
81346D4B9744E9DFD3B5E7D1D94CD0F4,2017,CHEVROLET,SILVERADO,PICKUP TRUCK,4WD,GASOLINE/E85,37319,2017-01-12,26
0A33F7110159A152A60D0E3D69D91C34,2017,CHEVROLET,COLORADO,PICKUP TRUCK,RWD,GASOLINE/E85,26945,2017-04-21,21
2BA425125B23335574F0D32E922C7598,2017,CHEVROLET,COLORADO,PICKUP TRUCK,RWD,GASOLINE/E85,55263,2017-05-30,21
7D7027201EFC647B2323F771ADD36B2C,2017,CHEVROLET,COLORADO,PICKUP TRUCK,RWD,GASOLINE/E85,43815,2017-04-10,21
D2362503D45A3668670F1CFAE8ECBA19,2017,CHEVROLET,COLORADO,PICKUP TRUCK,RWD,GASOLINE/E85,53384,2017-06-14,21
CD1409DA7F686CA53EF4D3DCB49F67B1,2017,CHEVROLET,COLORADO,PICKUP TRUCK,RWD,GASOLINE/E85,16575,2017-05-18,21
C562302EE12014B4659EADCE782010B9,2017,CHEVROLET,COLORADO,PICKUP TRUCK,RWD,GASOLINE/E85,17873,2017-05-18,21
37979100BB8273574DF33E3EE4B684A5,2017,CHEVROLET,COLORADO,PICKUP TRUCK,RWD,GASOLINE/E85,12872,2017-05-12,21
EB5ACAC8E4E91BB80668FFBAFE37AA04,2017,CHEVROLET,COLORADO,PICKUP TRUCK,RWD,GASOLINE/E85,33189,2017-06-09,21
795922D5663876ED801D4500512031B6,2017,CHEVROLET,COLORADO,PICKUP TRUCK,RWD,GASOLINE/E85,23204,2017-08-08,21
ABC497ECC4E0D40565735F9122344797,2017,CHEVROLET,COLORADO,PICKUP TRUCK,RWD,GASOLINE/E85,21892,2017-07-28,21
D98B6477FF6AD46313427A10B62447B9,2017,CHEVROLET,COLORADO,PICKUP TRUCK,RWD,GASOLINE/E85,63250,2017-05-15,21
F25E9642758B90B75A7C0752675EE2DA,2017,CHEVROLET,COLORADO,PICKUP TRUCK,RWD,GASOLINE/E85,23955,2017-07-06,21
1BDC1759A13D8B8A0317D220EDC0D68B,2017,CHEVROLET,COLORADO,PICKUP TRUCK,RWD,GASOLINE/E85,8027,2017-08-08,21
F2B4D0DC76B1508E3224C5BA7F0B4067,2017,CHEVROLET,COLORADO,PICKUP TRUCK,RWD,GASOLINE/E85,16975,2017-06-26,21
B040FBF807BEB1C97F2BF0E6EDACD9FD,2017,CHEVROLET,COLORADO,PICKUP TRUCK,RWD,GASOLINE/E85,15676,2017-06-27,21
BB50BF2819C79D6F4BA9E15DE21931CC,2017,CHEVROLET,COLORADO,PICKUP TRUCK,RWD,GASOLINE/E85,17549,2017-06-30,21
A64B24D744FBCFA4277D1D88ABD42E04,2017,CHEVROLET,COLORADO,PICKUP TRUCK,RWD,GASOLINE/E85,19247,2017-07-27,21
A1CB435A9231516C79E6483F568718D5,2017,CHEVROLET,COLORADO,PICKUP TRUCK,RWD,GASOLINE/E85,23681,2017-07-06,21
7CA19B3FAF19DDFAF7B4E1FAA701CEDE,2017,CHEVROLET,COLORADO,PICKUP TRUCK,RWD,GASOLINE/E85,25822,2017-06-13,21
59F80C52A33F346C6254C33252529DFC,2017,CHEVROLET,COLORADO,PICKUP TRUCK,RWD,GASOLINE/E85,13568,2017-05-22,21
C839070A3A663A31208B99E7C7F9CDAB,2017,CHEVROLET,COLORADO,PICKUP TRUCK,RWD,GASOLINE/E85,34504,2017-05-01,21
3D485FD6604825D997982B0538D6C863,2017,CHEVROLET,COLORADO,PICKUP TRUCK,RWD,GASOLINE/E85,56731,2017-05-05,21
D4DC5C8D8345060AF425E88DD8BB4AF5,2017,CHEVROLET,COLORADO,PICKUP TRUCK,RWD,GASOLINE/E85,76179,2017-04-24,21
2174A39590B5E0415A67E52B02B7545D,2017,FORD,F-150,PICKUP TRUCK,4WD,GASOLINE,73523,2017-05-15,23
4372B0DACE4E6315D2B1BAD44FB515B0,2016,FORD,F-150,PICKUP TRUCK,RWD,GASOLINE,56369,2016-12-19,23
81849F5F2EE39A7ABB033A7EEEB66296,2017,FORD,FOCUS,PASSENGER CAR,FWD,GASOLINE/E85,48827,2017-03-31,12.4
23F0F13237F04E19C8E0CEDF20846CE0,2017,FORD,F-650,TRUCK,4X2; DUAL REAR WHEELS,GASOLINE,7819,2017-10-20,0
894865F911EECA2C4C5D5E4D305FDCAC,2017,FORD,F-650,TRUCK,4X2; DUAL REAR WHEELS,GASOLINE,8989,2017-09-25,0
D3E1D506F5AA641536221B4835D2620A,2017,FORD,FOCUS,PASSENGER CAR,FWD,GASOLINE/E85,20141,2017-08-31,12.4
5FB5DAF52C776D8CB46724A6A80D89E5,2017,FORD,FOCUS,PASSENGER CAR,FWD,GASOLINE/E85,15068,2017-08-31,12.4
19A1F794A12D7855E507CB85E3BD5DC6,2017,FORD,FOCUS,PASSENGER CAR,FWD,GASOLINE/E85,123,2017-06-29,12.4
9CA20702C4F71339D527DF1199AB480B,2017,FORD,FOCUS,PASSENGER CAR,FWD,GASOLINE/E85,44598,2017-06-20,12.4
84B0165E7A83EFE39AEFB8F877F6C1B1,2017,FORD,E-450 SUPER DUTY,VAN,4X2,GASOLINE,21586,2017-09-12,55
E86419FB6DA0C807578D6ACDCCF4A041,2017,FORD,E-450 SUPER DUTY,VAN,4X2,GASOLINE,11614,2017-09-05,55
F0FC2772D03DF6175FB3834B7348C06C,2017,FORD,E-450 SUPER DUTY,VAN,4X2,GASOLINE,51406,2017-09-14,55
0714A2CB94E00019787D8E21F200B1B9,2017,CHEVROLET,COLORADO,PICKUP TRUCK,4WD,GASOLINE/E85,39789,2017-05-25,21
C8C02C5934DBE544D2408D20FEE3F745,2017,CHEVROLET,SILVERADO,PICKUP TRUCK,4WD,GASOLINE/E85,64462,2016-12-21,34
BC8B7422E07FF4148C00F10657DFDF36,2017,FORD,FOCUS,PASSENGER CAR,FWD,GASOLINE/E85,3406,2017-07-26,12.4
CCC616C776DFABD95A6CB5A61A9E2065,2017,FORD,F-650,TRUCK,4X2; DUAL REAR WHEELS,GASOLINE,15950,2017-09-25,0
3FF248D0914BE45B62870FAD007AB7B7,2017,FORD,F-650,TRUCK,4X2; DUAL REAR WHEELS,GASOLINE,10469,2017-09-29,0
BBDE72E3C8915DAF72C4F8C8D8FD1010,2017,FORD,E-450 SUPER DUTY,VAN,4X2,GASOLINE,14682,2017-11-03,55
FB072F0471F1DF14A414045EB03DE4F5,2017,FORD,E-450 SUPER DUTY,VAN,4X2,GASOLINE,6035,2017-11-06,55
45513D57BFDE6FFF46315960A04B945A,2017,FORD,F-150,PICKUP TRUCK,RWD,GASOLINE/E85,24196,2017-06-29,23
77994FEB7A255B94AF78CBD20FEAC0F6,2017,FORD,FOCUS,PASSENGER CAR,FWD,GASOLINE/E85,41685,2017-06-29,12.4
67E25FC6B19F7773457D919610AA969A,2017,FORD,FOCUS,PASSENGER CAR,FWD,GASOLINE/E85,16644,2017-07-28,12.4
CE12B22F86AF91232030AD747F756D66,2017,FORD,FOCUS,PASSENGER CAR,FWD,GASOLINE/E85,15463,2017-08-16,12.4
B6416B2C6B0A3A257077963DE0E16B7F,2017,FORD,FOCUS,PASSENGER CAR,FWD,GASOLINE/E85,30857,2017-08-23,12.4
644875BCFF2512054AA5C598AA958202,2017,CHEVROLET,SILVERADO,PICKUP TRUCK,RWD,GASOLINE/E85,40769,2017-07-03,34
031D75D6538828B974A98738520DF1CB,2017,FORD,FOCUS,PASSENGER CAR,FWD,GASOLINE/E85,21982,2017-08-03,12.4
2FBB22E90311CDC09107AB1EC6B7CD14,2017,FORD,FOCUS,PASSENGER CAR,FWD,GASOLINE/E85,16091,2017-09-08,12.4
C4D58C8443A79A900F57F6DC2D3DFC66,2017,FORD,FOCUS,PASSENGER CAR,FWD,GASOLINE/E85,26500,2017-06-30,12.4
142C6525DDDF7C8D4F2C39D4A3B2AB6D,2017,FORD,FOCUS,PASSENGER CAR,FWD,GASOLINE/E85,15982,2017-07-05,12.4
0C24B55F4C165022A9C224990A0F4CAA,2017,FORD,F-150,PICKUP TRUCK,4WD,GASOLINE,82185,2017-08-03,23
5D1A3B1C1630CB87FB38B5D6CE63722E,2017,FORD,FOCUS,PASSENGER CAR,FWD,GASOLINE/E85,21152,2017-08-03,12.4
03E6A2DB5DEE7D49A9D8EDB8C991BA31,2017,FORD,FOCUS,PASSENGER CAR,FWD,GASOLINE/E85,100,2017-08-29,12.4
BC9FE452D1AEAC5AD307A2FA09EA272E,2017,FORD,FOCUS,PASSENGER CAR,FWD,GASOLINE/E85,3916,2017-08-29,12.4
3693A0B3427B75D0180C2A4C741FA965,2017,CHEVROLET,COLORADO,PICKUP TRUCK,4WD,GASOLINE/E85,10434,2017-08-03,21
33B82389A782B63E34142271591625A9,2017,CHEVROLET,COLORADO,PICKUP TRUCK,4WD,GASOLINE/E85,19747,2017-08-03,21
7834FF9C2806EDBDC0D7803960C192A9,2017,CHEVROLET,COLORADO,PICKUP TRUCK,4WD,GASOLINE/E85,18956,2017-08-03,21
B10D7F44D9061286607306B1E25F79CC,2017,CHEVROLET,COLORADO,PICKUP TRUCK,4WD,GASOLINE/E85,,2017-08-03,21
2ABDC36E2550B1DE058FF0E60391A887,2017,FORD,TRANSIT VAN,VAN,RWD,GASOLINE/E85,27988,2017-06-30,25
69EFDC5FA56BEEDCD2E62983488AAFC0,2017,CHEVROLET,COLORADO,PICKUP TRUCK,RWD,GASOLINE/E85,14605,2017-09-13,21
4BC7A8C7C703DF87C41DD661FE0E86E6,2017,CHEVROLET,COLORADO,PICKUP TRUCK,RWD,GASOLINE/E85,17655,2017-07-26,21
9D8F18ED7DE4FD1DFE4C3317D1795E97,2017,FORD,TRANSIT VAN,VAN,RWD,GASOLINE/E85,13630,2017-07-07,25
7F17A087A150D23AF0AEF0F7F014C77A,2017,FORD,TRANSIT VAN,VAN,RWD,GASOLINE/E85,21604,2017-10-04,25
F9513F63C4470D210AD13F7810ED2C4F,2017,FORD,TRANSIT VAN,VAN,RWD,GASOLINE/E85,41644,2017-06-06,25
604E6CC31A7B61AD43F6AD1141B2AEA2,2017,FORD,TRANSIT VAN,VAN,RWD,GASOLINE/E85,44285,2017-08-29,25
DC7B7EA179FA4417438E2FE76E258964,2017,FORD,TRANSIT VAN,VAN,RWD,GASOLINE/E85,20887,2017-06-26,25
AE08CD22A7EFF10C623F917C668F9B71,2017,FORD,TRANSIT VAN,VAN,RWD,GASOLINE/E85,58035,2017-07-06,25
2B6C89F06F47BA95A2CFC2ADD8A3CF19,2017,FORD,TRANSIT VAN,VAN,RWD,GASOLINE/E85,36777,2017-07-26,25
ABFF2E67944DCCA342D8FE95E7DBC728,2017,FORD,TRANSIT VAN,VAN,RWD,GASOLINE/E85,57782,2017-08-02,25
02314498705FDB076A15BADA869A752F,2017,FORD,TRANSIT VAN,VAN,RWD,GASOLINE/E85,38451,2017-06-15,25
B4D1FEC25F0E68E1DBE4E6CF5621BBCF,2017,FORD,TRANSIT VAN,VAN,RWD,GASOLINE/E85,16797,2017-07-19,25
DE2071B3D7B02718ECED5ECB51A89604,2017,FORD,TRANSIT VAN,VAN,RWD,GASOLINE/E85,47388,2017-10-05,25
BE5FE7AD7B276A7102D3927C092FA3F5,2017,FORD,TRANSIT VAN,VAN,RWD,GASOLINE/E85,18370,2017-09-22,25
C2EA98B9E42DF6DF5165FA9C6E54D561,2018,TOYOTA,TACOMA,PICKUP TRUCK,RWD,GASOLINE,14104,2018-06-15,21.1
68E32FDC09C81EBAAE9C87B4496823C1,2018,TOYOTA,TACOMA,PICKUP TRUCK,RWD,GASOLINE,2874,2018-09-07,21.1
D4375EDEC59E628650BC92D0D6BD48E3,2018,TOYOTA,TACOMA,PICKUP TRUCK,RWD,GASOLINE,600,2018-09-07,21.1
3DFBABD42AF2044FF8ECA5234A6CE607,2018,TOYOTA,TACOMA,PICKUP TRUCK,RWD,GASOLINE,,2018-10-11,21.1
A799160DA25CE8E9A1CC54CFAC153D00,2017,FORD,TRANSIT VAN,VAN,RWD,GASOLINE/E85,25805,2017-07-12,25
4C198988588A59B86F5F3640A2D2859B,2017,FORD,TRANSIT VAN,VAN,RWD,GASOLINE/E85,17963,2017-10-04,25
B4EF915AA0D23959538C775A56DE0BDC,2017,FORD,TRANSIT VAN,VAN,RWD,GASOLINE/E85,40087,2017-10-03,25
12D370697B50CD1FE040DB787C19CA03,2017,FORD,TRANSIT VAN,VAN,RWD,GASOLINE/E85,14120,2017-08-11,25
8B04DFE2C7C1F1DDF595A02E4B38863D,2017,FORD,TRANSIT VAN,VAN,RWD,GASOLINE/E85,43522,2017-09-12,25
9FE59B1EFEA0CB6B029998DBF276FF03,2017,FORD,TRANSIT VAN,VAN,RWD,GASOLINE/E85,35316,2017-07-26,25
14E3C9542AC5CF90BEEF676AF01B6A50,2017,FORD,TRANSIT VAN,VAN,RWD,GASOLINE/E85,40939,2017-09-13,25
136649718F2E9062CAD4829A1061CDCB,2017,FORD,TRANSIT VAN,VAN,RWD,GASOLINE/E85,51549,2017-06-20,25
C4E2D7724A621AB405D3000DD5CC7935,2018,TOYOTA,TACOMA,PICKUP TRUCK,RWD,GASOLINE,1509,2018-07-03,21.1
1C9BC7B60F80D569D51BB5AD1AAB4803,2018,TOYOTA,TACOMA,PICKUP TRUCK,RWD,GASOLINE,254,2018-08-22,21.1
5FA396E734590573CA6B14BC887A967C,2018,TOYOTA,TACOMA,PICKUP TRUCK,RWD,GASOLINE,4714,2018-08-24,21.1
CCACC1FF23F355BB78319C0890226D2E,2018,TOYOTA,TACOMA,PICKUP TRUCK,RWD,GASOLINE,9096,2018-08-28,21.1
E018B7047404A07215A785B8444BE91D,2018,TOYOTA,TACOMA,PICKUP TRUCK,RWD,GASOLINE,2882,2018-09-07,21.1
15DF0586B85A2B454DDAC4F6F5EB591E,2018,TOYOTA,TACOMA,PICKUP TRUCK,RWD,GASOLINE,1712,2018-08-23,21.1
7F5C2322A04E46191770EDF7366D7EF0,2018,TOYOTA,TACOMA,PICKUP TRUCK,RWD,GASOLINE,6623,2018-08-24,21.1
9F10E172A903E691BA24B4D3E9811379,2018,TOYOTA,TUNDRA,PICKUP TRUCK,RWD,GASOLINE,6473,2018-08-20,38
0568BE30217B83DA3D0141DAC06CEBC4,2017,FORD,F-150,PICKUP TRUCK,4WD,GASOLINE,49961,2017-04-25,23
9D24C581E771A332704BC983BFF5879B,2017,FORD,F-150,PICKUP TRUCK,4WD,GASOLINE,89093,2017-06-23,23
01356B248FB3E2F3C6FB0E7310DDC1E5,2017,FORD,F-150,PICKUP TRUCK,4WD,GASOLINE,31298,2017-08-04,23
9269ADBDDE7493FE92C8FBED9CA3CEB8,2017,CHEVROLET,COLORADO,PICKUP TRUCK,4WD,GASOLINE/E85,32639,2017-05-31,21
1DB6CAAA53D72248BCA2F61746AC581D,2017,CHEVROLET,COLORADO,PICKUP TRUCK,4WD,GASOLINE/E85,52406,2017-05-22,21
4C0D3B22ADB73BA3D0534151F1642D9C,2017,CHEVROLET,SILVERADO,PICKUP TRUCK,RWD,GASOLINE/E85,11888,2017-05-25,36
D65FE57EDE8B80D42047209A12153705,2017,FORD,F-150,PICKUP TRUCK,4WD,GASOLINE,52297,2017-05-22,23
A9B40CD69599CB8103EB3DF293E6AF0E,2017,FORD,F-150,PICKUP TRUCK,4WD,GASOLINE,57691,2017-06-01,23
8BFE036CFA1C1308E07E51C87153EDBC,2017,FORD,FOCUS,PASSENGER CAR,FWD,GASOLINE/E85,31802,2017-05-11,12.4
BDCF2B6B938DD1133E8E96DF3CC0E428,2018,TOYOTA,TACOMA,PICKUP TRUCK,RWD,GASOLINE,1416,2018-10-03,21.1
2FC66264FDE9ECABC10067F374582EC2,2018,TOYOTA,TACOMA,PICKUP TRUCK,RWD,GASOLINE,3449,2018-09-07,21.1
03EC2CC748611176EB367D979627119E,2018,TOYOTA,TACOMA,PICKUP TRUCK,RWD,GASOLINE,1932,2018-09-07,21.1
FED3ABB6F59765375178985FF76D2763,2018,TOYOTA,TACOMA,PICKUP TRUCK,RWD,GASOLINE,,2018-08-22,21.1
3977502125180E659084A45FECA6D916,2018,TOYOTA,TACOMA,PICKUP TRUCK,RWD,GASOLINE,1481,2018-08-14,21.1
0C777913D9347CAE26D917BAD055F8CE,2018,TOYOTA,TACOMA,PICKUP TRUCK,RWD,GASOLINE,2590,2018-09-07,21.1
C6FE18A95A49B404063F497973F5D75B,2018,TOYOTA,TACOMA,PICKUP TRUCK,RWD,GASOLINE,1580,2018-08-24,21.1
752FED1D516F487BCFA1896BA3989E44,2018,TOYOTA,TACOMA,PICKUP TRUCK,RWD,GASOLINE,5234,2018-07-10,21.1
AFBB7A4F163E26A8E50BAFCEC3FC11F5,2018,TOYOTA,TACOMA,PICKUP TRUCK,RWD,GASOLINE,4241,2018-08-22,21.1
6E0A0E2D6B90EC312298C6A53926FCA1,2018,TOYOTA,TACOMA,PICKUP TRUCK,RWD,GASOLINE,1125,2018-08-22,21.1
A6CDC6A8EB8000AD0480463E0BA79C39,2018,TOYOTA,TACOMA,PICKUP TRUCK,RWD,GASOLINE,3124,2018-08-16,21.1
6713909774F8CF6716C6A434A52422EB,2018,TOYOTA,TACOMA,PICKUP TRUCK,RWD,GASOLINE,,2018-09-12,21.1
5E4D7FD1DAEAAACB7771D42598384E3A,2018,TOYOTA,TACOMA,PICKUP TRUCK,RWD,GASOLINE,3953,2018-09-07,21.1
4F91453AAC25D2E1DDFE332CA9A83C9E,2018,TOYOTA,TACOMA,PICKUP TRUCK,RWD,GASOLINE,2809,2018-08-16,21.1
19AA43BC737D5A460C403085F1E0E9A6,2018,TOYOTA,TACOMA,PICKUP TRUCK,RWD,GASOLINE,7123,2018-09-07,21.1
B366D7985FE3C4C2305AA9EBDE285B6E,2018,TOYOTA,TACOMA,PICKUP TRUCK,RWD,GASOLINE,4623,2018-09-07,21.1
E7C916CE1A34B150D201B09E8357FA4E,2018,TOYOTA,TACOMA,PICKUP TRUCK,RWD,GASOLINE,,2018-10-03,21.1
657FD6AFC2E535CE0D2839C12C8A3BDE,2018,TOYOTA,TACOMA,PICKUP TRUCK,RWD,GASOLINE,3607,2018-08-23,21.1
173FC23454554A7E49E87B650987807B,2018,TOYOTA,TACOMA,PICKUP TRUCK,RWD,GASOLINE,2632,2018-08-22,21.1
D616CBC82CB67E16A3AD5D0E46A70978,2018,TOYOTA,TACOMA,PICKUP TRUCK,RWD,GASOLINE,,2018-09-07,21.1
296741C8A9E4EA38546D3E4D29D7312F,2018,TOYOTA,TACOMA,PICKUP TRUCK,RWD,GASOLINE,,2018-10-03,21.1
708ABB13A5E8089FCEDADDE575552136,2018,TOYOTA,TACOMA,PICKUP TRUCK,RWD,GASOLINE,,2018-10-03,21.1
95024FDAC43FD1562A682ACD80385250,2018,TOYOTA,TACOMA,PICKUP TRUCK,RWD,GASOLINE,,2018-10-03,21.1
DF08761D4F9E468CA1E5D04210465805,2018,TOYOTA,TACOMA,PICKUP TRUCK,RWD,GASOLINE,1240,2018-09-07,21.1
D953347769562B093B76E6B9C4CA6E54,2018,TOYOTA,TACOMA,PICKUP TRUCK,RWD,GASOLINE,3300,2018-08-24,21.1
FDF8A97953DB7559AE9DE974D1950221,2018,TOYOTA,TACOMA,PICKUP TRUCK,RWD,GASOLINE,2678,2018-09-07,21.1
2A597F0B77A3401B8DF09BC2B6BCC268,2018,TOYOTA,TACOMA,PICKUP TRUCK,RWD,GASOLINE,,2018-10-11,21.1
D8DAFA41ECFD685C9BEB8879AC4CB4E3,2018,TOYOTA,TACOMA,PICKUP TRUCK,RWD,GASOLINE,5502,2018-08-23,21.1
4A6BB2F979922DDF46D10233E62578EF,2017,FORD,FOCUS,PASSENGER CAR,FWD,GASOLINE/E85,21616,2017-08-25,12.4
07CB44A62EC0F4C1A50CCE9C9D38D007,2017,FORD,F-150,PICKUP TRUCK,4WD,GASOLINE,47499,2017-04-06,23
92C80B35A70A4D1BF0F3BA2BCBAE42D0,2018,TOYOTA,TACOMA,PICKUP TRUCK,RWD,GASOLINE,1522,2018-08-24,21.1
566E25C2AE8A08EAE60F5FDF6E518D08,2017,FORD,FOCUS,PASSENGER CAR,FWD,GASOLINE/E85,35098,2017-08-02,12.4
93328CEDCCCF51553DA2631B7D9DC369,2017,FORD,FOCUS,PASSENGER CAR,FWD,GASOLINE/E85,12409,2017-07-07,12.4
92F629DC158E6D2634E44CA9AD3EEF65,2017,FORD,FOCUS,PASSENGER CAR,FWD,GASOLINE/E85,19988,2017-07-06,12.4
3BE50C51E13A04BD1C405686E5ED356B,2017,FORD,FOCUS,PASSENGER CAR,FWD,GASOLINE/E85,33574,2017-07-28,12.4
1A9E5A22A69309DF84A875BCB66296C7,2017,FORD,FOCUS,PASSENGER CAR,FWD,GASOLINE/E85,11800,2017-07-28,12.4
FCBE14F48ACB56797B3B9F6E8D1AB637,2017,FORD,FOCUS,PASSENGER CAR,FWD,GASOLINE/E85,29705,2017-06-21,12.4
43982434188AECDFA4EE11DC424737F5,2017,FORD,FOCUS,PASSENGER CAR,FWD,GASOLINE/E85,36727,2017-08-09,12.4
6C555772AB9E72FF5070E9A770C61C54,2017,FORD,FOCUS,PASSENGER CAR,FWD,GASOLINE/E85,8712,2017-06-30,12.4
183601E9251F00E8BAFE7DF0CFA8DCB6,2017,FORD,FOCUS,PASSENGER CAR,FWD,GASOLINE/E85,5200,2017-07-03,12.4
B594045E4C536065EF2672C9E9865F59,2017,FORD,FOCUS,PASSENGER CAR,FWD,GASOLINE/E85,20047,2017-07-03,12.4
7207BCFFF4006AB9E16CFE883FD88346,2017,FORD,FOCUS,PASSENGER CAR,FWD,GASOLINE/E85,47150,2017-07-05,12.4
FDAC366670E2280463362ECD24137DC1,2017,FORD,FOCUS,PASSENGER CAR,FWD,GASOLINE/E85,799,2017-07-05,12.4
B7FD1937D47532F18898C5E21DECA18B,2017,FORD,FOCUS,PASSENGER CAR,FWD,GASOLINE/E85,34305,2017-06-21,12.4
DAC1344691884700177511E665B4682E,2017,FORD,FOCUS,PASSENGER CAR,FWD,GASOLINE/E85,6370,2017-07-28,12.4
3FF8E5E966D4787ECEB354CCF76EC228,2017,FORD,FOCUS,PASSENGER CAR,FWD,GASOLINE/E85,20950,2017-07-06,12.4
56D84D5075D85100210E3E9FCABF3DE9,2017,FORD,FOCUS,PASSENGER CAR,FWD,GASOLINE/E85,14895,2017-07-27,12.4
9177B30A1A4B9755A0F3AEF745753FB3,2017,FORD,FOCUS,PASSENGER CAR,FWD,GASOLINE/E85,46264,2017-07-14,12.4
05977A9501430E72D7A44FABB41DD364,2017,FORD,FOCUS,PASSENGER CAR,FWD,GASOLINE/E85,18739,2017-06-23,12.4
5FA0CF2A041AED886F2251AF42EE6D9F,2017,FORD,FOCUS,PASSENGER CAR,FWD,GASOLINE/E85,17823,2017-07-26,12.4
465D0AAF6A5D6BC061CC68010FDE3C61,2017,FORD,FOCUS,PASSENGER CAR,FWD,GASOLINE/E85,18177,2017-07-07,12.4
5AAF216C40DFC51D6D48136F48E6EF11,2017,CHEVROLET,COLORADO,PICKUP TRUCK,4WD,GASOLINE/E85,11137,2017-10-13,21
0F995D697126A43926687CD29C24608E,2018,TOYOTA,TACOMA,PICKUP TRUCK,RWD,GASOLINE,3537,2018-07-03,21.1
32180230364B18959B08F9021BAC2412,2018,TOYOTA,TACOMA,PICKUP TRUCK,RWD,GASOLINE,21,2018-10-11,21.1
8C7832DF45CC2C60C7F0D9C61D63AE4F,2018,TOYOTA,TACOMA,PICKUP TRUCK,RWD,GASOLINE,12518,2018-06-15,21.1
987C9B959669A8CE656BE9AE07A0616B,2018,TOYOTA,TACOMA,PICKUP TRUCK,RWD,GASOLINE,6898,2018-08-16,21.1
A83CDB90E7BF388D05BF5E5F59DAD4AF,2018,TOYOTA,TACOMA,PICKUP TRUCK,RWD,GASOLINE,1506,2018-10-03,21.1
4D82BA0A54A9C755F26ED8EC1E11C669,2018,TOYOTA,TACOMA,PICKUP TRUCK,RWD,GASOLINE,11230,2018-06-15,21.1
FD93DDA4A650CF2499DE2975C76FC9C4,2017,FORD,FOCUS,PASSENGER CAR,FWD,GASOLINE/E85,16811,2017-06-30,12.4
BBD6E5F4EA8E3D9B60E217EC54DC76B6,2017,FORD,FOCUS,PASSENGER CAR,FWD,GASOLINE/E85,40221,2017-07-07,12.4
EC1E722867E896586B0A5C238C5CFC86,2017,FORD,FOCUS,PASSENGER CAR,FWD,GASOLINE/E85,34000,2017-06-29,12.4
EBA12B3436D5A6953D8EFAA40CFF91F7,2017,FORD,FOCUS,PASSENGER CAR,FWD,GASOLINE/E85,31440,2017-05-24,12.4
CF22239FC887D9821A927008EF729ECF,2017,FORD,FOCUS,PASSENGER CAR,FWD,GASOLINE/E85,29070,2017-06-28,12.4
439534C9C799829F419FC470897F4521,2017,FORD,FOCUS,PASSENGER CAR,FWD,GASOLINE/E85,54936,2017-08-02,12.4
75ED4AE73697BB760AF2BB71CB80B2E3,2017,FORD,FOCUS,PASSENGER CAR,FWD,GASOLINE/E85,42138,2017-06-28,12.4
A60B2FFEF14809D046AA24F2E6E45D60,2017,FORD,FOCUS,PASSENGER CAR,FWD,GASOLINE/E85,20582,2017-06-22,12.4
1F033E8D4052C047053E79F49E118D76,2017,FORD,FOCUS,PASSENGER CAR,FWD,GASOLINE/E85,21090,2017-07-11,12.4
CCD5FF878232405A059DE09299C74887,2017,FORD,FOCUS,PASSENGER CAR,FWD,GASOLINE/E85,12825,2017-08-15,12.4
6325655E788B5DF1C89C5C0D8C10533C,2017,FORD,FOCUS,PASSENGER CAR,FWD,GASOLINE/E85,20936,2017-08-04,12.4
9011D80902F5E04ABBA5C4BB1D90B2A8,2017,FORD,FOCUS,PASSENGER CAR,FWD,GASOLINE/E85,16481,2017-07-20,12.4
087EF121DE5F2784E74B32EE8724DB7E,2017,FORD,F-150,PICKUP TRUCK,RWD,GASOLINE,37903,2017-07-25,23
444F8CAD433BD34D1961277215E048CD,2017,FORD,F-150,PICKUP TRUCK,RWD,GASOLINE,27433,2017-05-23,23
4F0BD15D7AEF611E0CC5C9CC73CCDC2B,2017,FORD,F-150,PICKUP TRUCK,RWD,GASOLINE,50563,2017-06-15,23
850FDE1B5A526828519CFE182BBFD8D1,2017,FORD,F-150,PICKUP TRUCK,RWD,GASOLINE,25987,2017-06-01,23
33D60BB614BA61DFC0E611679D5943E8,2017,FORD,F-150,PICKUP TRUCK,RWD,GASOLINE,16923,2017-05-30,23
70529148E38F51BD0D1621544B6E2421,2017,FORD,F-150,PICKUP TRUCK,RWD,GASOLINE,24929,2017-06-08,23
62AD37889A62519B2F6CFD763B95C68B,2017,FORD,F-150,PICKUP TRUCK,RWD,GASOLINE,32161,2017-06-08,23
8BA634C296F2F313FAE588BB1D760D02,2017,FORD,F-150,PICKUP TRUCK,RWD,GASOLINE,23690,2017-05-26,23
6A1516F639C0A1D011FD2FBB7B64DB43,2017,FORD,F-150,PICKUP TRUCK,RWD,GASOLINE,43466,2017-07-14,23
370BB261F832EF840532C8C743A97AB5,2017,FORD,F-150,PICKUP TRUCK,RWD,GASOLINE,50135,2017-07-14,23
FB20EB6D303F2213BAE1EA5F1C741BA8,2017,FORD,F-150,PICKUP TRUCK,RWD,GASOLINE,13293,2017-06-23,23
DBDF85C05682172A8A87C4C6375E31B6,2017,FORD,F-150,PICKUP TRUCK,RWD,GASOLINE,30721,2017-09-22,23
9F4509120593BB680FFC7B86D4A78029,2017,FORD,F-150,PICKUP TRUCK,RWD,GASOLINE,29618,2017-09-06,23
60FC4A1FC0A5B12D5CC97FDA4116D681,2017,FORD,F-150,PICKUP TRUCK,RWD,GASOLINE,23371,2017-08-11,23
6B5B1596EDD5D3C6D0581EED9A22EFBC,2017,FORD,F-150,PICKUP TRUCK,RWD,GASOLINE,22036,2017-08-30,23
84517EDDBE13DD0D637AD1844D84DCEE,2017,FORD,F-150,PICKUP TRUCK,RWD,GASOLINE,29533,2017-09-22,23
55B38AFB40D9E3A8C97948C6089D5C99,2017,FORD,F-150,PICKUP TRUCK,RWD,GASOLINE,14225,2017-08-31,23
6BD1AB184AA3E51F532D4FC4F0525C45,2017,FORD,F-150,PICKUP TRUCK,RWD,GASOLINE,37188,2017-07-21,23
FDBE1AA32456CC681DCBCE3D0B7FF2FE,2017,FORD,F-150,PICKUP TRUCK,RWD,GASOLINE,21157,2017-08-22,23
6C9B2BF8D4188EDC77BC7BAD674BCE81,2017,FORD,F-150,PICKUP TRUCK,RWD,GASOLINE,52945,2017-07-05,23
68A36F1E8898D5C727BB3B05D20552E6,2017,FORD,F-150,PICKUP TRUCK,RWD,GASOLINE,20908,2017-06-30,23
B4FFD1659D80D1DD39645D2E72CF8F62,2017,FORD,F-150,PICKUP TRUCK,RWD,GASOLINE,13465,2017-06-13,23
8F175B3A5D1658F353E2CE4FFBE4867E,2017,FORD,F-150,PICKUP TRUCK,RWD,GASOLINE,21184,2017-07-27,23
A76546F043A5D7CACA837EE520682D04,2017,FORD,F-150,PICKUP TRUCK,RWD,GASOLINE,33760,2017-06-27,23
72BB6F0CFF83E1FD41D7DBBEF134892E,2017,FORD,F-150,PICKUP TRUCK,RWD,GASOLINE,17612,2017-07-19,23
5AC4223F92D1CDF158C7E4F539172DCD,2017,FORD,F-150,PICKUP TRUCK,RWD,GASOLINE,25911,2017-09-12,23
7DEDB84E9799536F293E7868B6B597EB,2017,FORD,F-150,PICKUP TRUCK,RWD,GASOLINE,56135,2017-07-13,23
119F7FF57A31CBBFE22DDDD1E5783059,2017,FORD,F-150,PICKUP TRUCK,RWD,GASOLINE,23339,2017-06-07,23
D9497D4C0D2511424B8784D6ADBC020D,2017,FORD,F-150,PICKUP TRUCK,RWD,GASOLINE,30261,2017-06-23,23
252B33AB96AE5A31EBEB3503CDE5E411,2017,FORD,F-150,PICKUP TRUCK,RWD,GASOLINE,24972,2017-07-07,23
063DF335D720D4D637DBAAC2A9F8E702,2017,FORD,F-150,PICKUP TRUCK,RWD,GASOLINE,45101,2017-08-30,23
D4B3B5869BF5B9F2B72A6D77CC7F893E,2017,FORD,F-150,PICKUP TRUCK,RWD,GASOLINE,66130,2017-06-21,23
FECC132704260E1B637E76B03DDAC276,2017,FORD,F-150,PICKUP TRUCK,RWD,GASOLINE,23926,2017-06-15,23
02C9862ACE2AF5BBC3ED4462A04A9F20,2017,FORD,F-150,PICKUP TRUCK,RWD,GASOLINE,47003,2017-08-01,23
AFB6F3142E5744BE3B833E40F20FB5ED,2017,FORD,F-150,PICKUP TRUCK,RWD,GASOLINE,25220,2017-08-08,23
AA41A6861D05987F661569332C29D840,2017,FORD,F-150,PICKUP TRUCK,RWD,GASOLINE,23367,2017-07-20,23
EAD2CCD7E84EA6521594BAB3AE760B49,2017,FORD,F-150,PICKUP TRUCK,RWD,GASOLINE,36412,2017-05-23,23
5F54257208B3B3AAE9F49C2FDF0B9163,2017,FORD,F-150,PICKUP TRUCK,RWD,GASOLINE,19506,2017-08-28,23
C0FB0F0D728CB7BA60D9AF6B2723899F,2017,FORD,F-150,PICKUP TRUCK,RWD,GASOLINE,58230,2017-07-13,23
D7F5EBCD21785BE5BD3D56C8D0A4EA51,2017,FORD,F-150,PICKUP TRUCK,RWD,GASOLINE,52107,2017-04-20,23
CC2FC0EFA1B17C5E465F4EEAB3B13313,2017,FORD,F-150,PICKUP TRUCK,RWD,GASOLINE,37964,2017-04-28,23
2FCCF890125167B1DA10B903DB145CC7,2017,FORD,F-150,PICKUP TRUCK,RWD,GASOLINE,33710,2017-06-28,23
8FC7C14DF119E15EDB975DD69B6B7E96,2017,FORD,F-150,PICKUP TRUCK,RWD,GASOLINE,30536,2017-04-19,23
26A99E704FCC93952CDD63B3C329ADC7,2017,FORD,F-150,PICKUP TRUCK,RWD,GASOLINE,28393,2017-05-11,23
A12A9E131D1F4816B93F0DA0F34C29DD,2017,FORD,F-150,PICKUP TRUCK,RWD,GASOLINE,38102,2017-08-23,23
29CC1781B4987AECAE0F7552251EA236,2017,FORD,F-150,PICKUP TRUCK,RWD,GASOLINE,23274,2017-06-23,23
6ACCD5B0702DD5E7B7EDD1ABF97FCDCC,2017,FORD,F-150,PICKUP TRUCK,RWD,GASOLINE,29455,2017-07-17,23
1CB0AB15FF615699FB3D7FE0B7D2169E,2017,FORD,F-150,PICKUP TRUCK,RWD,GASOLINE,25581,2017-06-15,23
5DD7BCD863491680A21074272F4B3C35,2017,FORD,F-150,PICKUP TRUCK,RWD,GASOLINE,46335,2017-06-23,23
BB7F22FE3B10D32818F3B775393163A2,2017,FORD,F-150,PICKUP TRUCK,RWD,GASOLINE,43011,2017-07-28,23
12BB171982C786CE858875D062FB76F3,2017,FORD,F-150,PICKUP TRUCK,RWD,GASOLINE,37690,2017-07-24,23
7E896807B33B137C0B8517A385709117,2017,FORD,F-150,PICKUP TRUCK,RWD,GASOLINE,55672,2017-08-25,23
6C5E7743E968676177C4BDA29CC0A287,2017,FORD,F-150,PICKUP TRUCK,RWD,GASOLINE,16010,2017-10-03,23
E7DFEA678DA8D015D2C16AB9D6F17AC4,2017,FORD,F-150,PICKUP TRUCK,RWD,GASOLINE,49626,2017-08-03,23
58FF8B63EC16A8545030995892BC4037,2017,FORD,F-150,PICKUP TRUCK,RWD,GASOLINE,51240,2017-05-22,23
4900F5770EDFDA82FAE4662A31E07216,2017,FORD,F-150,PICKUP TRUCK,RWD,GASOLINE,31650,2017-06-14,23
BB9AF5CA677E821BCB5B4448F16C35EA,2017,FORD,F-150,PICKUP TRUCK,RWD,GASOLINE,39736,2017-06-02,23
F1CB8DF5D044B7F2F3FE068093329FFD,2017,FORD,F-150,PICKUP TRUCK,RWD,GASOLINE,39791,2017-05-10,23
F152F9D3AA5100DD0AAE5ECD98936D8D,2017,FORD,F-150,PICKUP TRUCK,RWD,GASOLINE,26114,2017-06-22,23
5BEFB5E35C0EBDFBD5E597CFE92232E6,2017,FORD,F-150,PICKUP TRUCK,RWD,GASOLINE,38884,2017-05-24,23
FF54A6164696C9593ADAF0A1E2288950,2017,FORD,F-150,PICKUP TRUCK,RWD,GASOLINE,23166,2017-05-26,23
DA370E8420734CE983D78AF0591408FB,2017,FORD,F-150,PICKUP TRUCK,RWD,GASOLINE,40320,2017-04-14,23
74C5650008EF55142310F5895C0C59B9,2017,FORD,F-150,PICKUP TRUCK,RWD,GASOLINE,48717,2017-06-13,23
F36AD7257E5667729D33B658FC118F91,2017,FORD,F-150,PICKUP TRUCK,RWD,GASOLINE,40604,2017-04-21,23
61EB359E42362D2C09D63251F70B1404,2017,FORD,F-150,PICKUP TRUCK,RWD,GASOLINE,47076,2017-05-30,23
832CBA82FDBD1DCD513CCFD9A12993FF,2017,FORD,FOCUS,PASSENGER CAR,FWD,GASOLINE/E85,60200,2017-07-27,12.4
50DBF297E845BB05AFC8B7CFA3E57680,2017,FORD,FOCUS,PASSENGER CAR,FWD,GASOLINE/E85,22929,2017-07-10,12.4
D56F13B233134D20EC4D7BDF1AA7ECE9,2017,FORD,FOCUS,PASSENGER CAR,FWD,GASOLINE/E85,16413,2017-08-09,12.4
6429B09A84F207035CCE208B3890E611,2017,FORD,FOCUS,PASSENGER CAR,FWD,GASOLINE/E85,25669,2017-07-26,12.4
749796C3F601B747F4A5112C42941F3B,2017,FORD,FOCUS,PASSENGER CAR,FWD,GASOLINE/E85,36850,2017-06-29,12.4
A8716479A31EEEDA31ECD7D76EEAC129,2017,FORD,FOCUS,PASSENGER CAR,FWD,GASOLINE/E85,,2017-07-14,12.4
CE459D053704831BE237DF6882FBB592,2017,FORD,F-150,PICKUP TRUCK,RWD,GASOLINE,33450,2017-06-15,23
010A07804A260342A0043DCE79B3ACEC,2017,FORD,F-150,PICKUP TRUCK,RWD,GASOLINE,32814,2017-05-23,23
CC862B44FD5767AEF9678406B0724D83,2017,FORD,F-150,PICKUP TRUCK,RWD,GASOLINE,69367,2017-06-06,23
18B95B57A7FB300C3C0C664951285BE0,2017,FORD,F-150,PICKUP TRUCK,RWD,GASOLINE,23346,2017-06-23,23
A84E77CA82E11788AA92A308248A2E99,2017,FORD,FOCUS,PASSENGER CAR,FWD,GASOLINE/E85,41999,2017-07-11,12.4
8148A865900E6CEA964D5FCE9F21F200,2017,FORD,F-150,PICKUP TRUCK,RWD,GASOLINE,19889,2017-05-30,23
A363F14C1B0F2383AADE67497677AACD,2017,FORD,F-150,PICKUP TRUCK,RWD,GASOLINE,51749,2017-04-25,23
E20EBC60A2E85A20E3466080ED017ACF,2017,FORD,F-150,PICKUP TRUCK,RWD,GASOLINE,41246,2017-05-09,23
38E38DC5697EA7D59ED743780CB27470,2017,FORD,F-150,PICKUP TRUCK,RWD,GASOLINE,28673,2017-05-08,23
AF803A551C7592F560CC90B65AEF9E35,2017,FORD,F-150,PICKUP TRUCK,RWD,GASOLINE,62829,2017-04-11,23
08D48E5C8CB1E3FCB2CC8392F0B3D2D6,2017,FORD,F-150,PICKUP TRUCK,RWD,GASOLINE,51579,2017-04-10,23
1963E990CB8DB16789BDE25E5BCB4EEA,2017,FORD,F-150,PICKUP TRUCK,RWD,GASOLINE,44957,2017-05-15,23
7D9F093245BA40E70B6B3F09C8F502B7,2017,FORD,F-150,PICKUP TRUCK,RWD,GASOLINE,49547,2017-05-05,23
E09A689A786BAA1F9CC2802747672F84,2017,FORD,F-150,PICKUP TRUCK,RWD,GASOLINE,36819,2017-04-28,23
112E77D95C5E1C2FC7E095971727DDE1,2017,FORD,F-150,PICKUP TRUCK,RWD,GASOLINE,48457,2017-03-17,23
D0E203D828880D674443C4AD674BACD9,2017,FORD,F-150,PICKUP TRUCK,RWD,GASOLINE,29991,2017-04-12,23
480F81D52B27A67754443569DE2A7C33,2017,FORD,F-150,PICKUP TRUCK,RWD,GASOLINE,32294,2017-05-22,23
718CBA1E0CAC0A466A7E6A13E52FD1BF,2017,FORD,F-150,PICKUP TRUCK,RWD,GASOLINE,34406,2017-04-10,23
CB3A095F83AE7BEEE1492ADDA9791E2B,2017,FORD,F-150,PICKUP TRUCK,RWD,GASOLINE,54012,2017-05-02,23
6D0EC86CEEBBC635C04AAD41899787B5,2017,FORD,F-150,PICKUP TRUCK,RWD,GASOLINE,13099,2017-04-27,23
BDA7481BE90CCA07FA42C4CEF9E6C809,2017,FORD,F-150,PICKUP TRUCK,RWD,GASOLINE,48117,2017-05-04,23
FA73DCF91FCE241F3E3A4D6E20AED938,2017,FORD,F-150,PICKUP TRUCK,RWD,GASOLINE,46597,2017-05-22,23
216A44D8393DBCBD5C279003976A9A7C,2017,CHEVROLET,SILVERADO,PICKUP TRUCK,4WD,GASOLINE/E85,60368,2017-01-24,34
0C5E859F57E045E9EC50223AE6EBE78D,2017,FORD,F-150,PICKUP TRUCK,RWD,GASOLINE,71745,2017-02-15,23
29107BEC58E7D2FB5A9F3E88163C96EE,2018,TOYOTA,TACOMA,PICKUP TRUCK,RWD,GASOLINE,3303,2018-10-01,21.1
B2F96D96DBF957F69D7B48E2AE723141,2018,TOYOTA,TACOMA,PICKUP TRUCK,RWD,GASOLINE,,2018-09-24,21.1
27192F9FA57D168FFD31CC423B90C6D4,2018,TOYOTA,TACOMA,PICKUP TRUCK,RWD,GASOLINE,299,2018-10-23,21.1
D7CB93108530FB32FAA5DC94BFCF7627,2018,TOYOTA,TACOMA,PICKUP TRUCK,RWD,GASOLINE,2807,2018-09-17,21.1
A06C219841BA5BEE078B74527CA62138,2018,TOYOTA,TACOMA,PICKUP TRUCK,RWD,GASOLINE,2222,2018-09-30,21.1
21ED3699B9111FB584D5A27B54D9CEC6,2018,TOYOTA,TACOMA,PICKUP TRUCK,RWD,GASOLINE,197,2018-10-22,21.1
17E6D51F3BFFC0517696923E854A94CF,2018,TOYOTA,TACOMA,PICKUP TRUCK,RWD,GASOLINE,1216,2018-10-12,21.1
9570EC0BF30AA2B6062CE4887780A367,2018,TOYOTA,TACOMA,PICKUP TRUCK,RWD,GASOLINE,972,2018-08-24,21.1
E2E82A118F13DB2AD520E5089C322B79,2018,TOYOTA,TACOMA,PICKUP TRUCK,RWD,GASOLINE,,2018-10-08,21.1
945530D36B28525531B8F93EE6E184B5,2018,TOYOTA,TACOMA,PICKUP TRUCK,RWD,GASOLINE,4122,2018-09-17,21.1
1853EF3C1922A2C455EE8E5F193383CA,2018,TOYOTA,TACOMA,PICKUP TRUCK,RWD,GASOLINE,4388,2018-08-28,21.1
1520E0D02A97EC2E3EE609E5A59BD300,2018,TOYOTA,TACOMA,PICKUP TRUCK,RWD,GASOLINE,,2018-10-02,21.1
095359C124BFBFBF134531E12445499E,2018,TOYOTA,TACOMA,PICKUP TRUCK,RWD,GASOLINE,3010,2018-10-02,21.1
20073852A3BED9553B4ED86D90A21E61,2018,TOYOTA,TACOMA,PICKUP TRUCK,RWD,GASOLINE,550,2018-08-23,21.1
732C998DEE62307AFD1C2C8F3DC67D5B,2018,TOYOTA,TACOMA,PICKUP TRUCK,RWD,GASOLINE,1271,2018-09-30,21.1
4C6217F10FACAAB1A693C4A82B5ECDEA,2018,TOYOTA,TACOMA,PICKUP TRUCK,RWD,GASOLINE,4261,2018-09-27,21.1
ADFE9FDCEF63AE76DFFB1BA22DACEEC8,2018,TOYOTA,TACOMA,PICKUP TRUCK,RWD,GASOLINE,4378,2018-09-18,21.1
C6DE95D3599A635ABBF6B5B0D7FAD0D6,2018,TOYOTA,TACOMA,PICKUP TRUCK,RWD,GASOLINE,,2018-09-18,21.1
5E2C5F0D097DD044B240B2B83A24BD34,2018,TOYOTA,TACOMA,PICKUP TRUCK,RWD,GASOLINE,3901,2018-09-10,21.1
5BE2691E20251CA129432D0C3C07FE34,2018,TOYOTA,TACOMA,PICKUP TRUCK,RWD,GASOLINE,2140,2018-09-11,21.1
8ACE52F0E4FD45491F3D9843997C25D1,2018,TOYOTA,TUNDRA,PICKUP TRUCK,RWD,GASOLINE,4580,2018-09-18,26.4
E88F24BCF09B72A0B83E6491E0FE8B52,2018,TOYOTA,TUNDRA,PICKUP TRUCK,RWD,GASOLINE,8825,2018-06-11,38
840979E9B3021F05081472B83817CEFC,2018,TOYOTA,TUNDRA,PICKUP TRUCK,RWD,GASOLINE,7100,2018-07-27,38
960EB7879ACBEAB1ACD5CDC847D97E89,2018,TOYOTA,TACOMA,PICKUP TRUCK,RWD,GASOLINE,3108,2018-09-13,21.1
7B0DBDA2E0FCB44E959223823EFF7F2B,2018,TOYOTA,TACOMA,PICKUP TRUCK,RWD,GASOLINE,1518,2018-09-25,21.1
0AC79D11304E167A2FDB35ECC7B1479F,2018,TOYOTA,TACOMA,PICKUP TRUCK,RWD,GASOLINE,2131,2018-09-11,21.1
E4848DF2EBF3B79DFBE1EF6CA1688695,2018,TOYOTA,TACOMA,PICKUP TRUCK,RWD,GASOLINE,3614,2018-09-11,21.1
30E376F397C3FA7F52E3EC8A19597906,2018,TOYOTA,TACOMA,PICKUP TRUCK,RWD,GASOLINE,4009,2018-08-23,21.1
E3C69FB2DAF34C3212218AAB775704F5,2018,TOYOTA,TACOMA,PICKUP TRUCK,RWD,GASOLINE,,2018-10-12,21.1
AC96450B7E3AA4DA478A3D6EB034FA9F,2018,TOYOTA,TACOMA,PICKUP TRUCK,RWD,GASOLINE,,2018-10-24,21.1
0D8001EF3192C015E9DE1ABC3CECD4F3,2018,TOYOTA,TACOMA,PICKUP TRUCK,RWD,GASOLINE,6720,2018-08-15,21.1
9BE16194024D7D2A6724C914A36EEDBB,2018,TOYOTA,TACOMA,PICKUP TRUCK,RWD,GASOLINE,4992,2018-09-21,21.1
B6599D81394A0A6A453DA28D4DBE7112,2018,TOYOTA,TACOMA,PICKUP TRUCK,RWD,GASOLINE,1616,2018-09-19,21.1
57979EA28909FC4F93BC9915AE09C84E,2018,TOYOTA,TACOMA,PICKUP TRUCK,RWD,GASOLINE,4450,2018-08-29,21.1
72DCCA39FB6DFC31A32705581D0DEE00,2018,TOYOTA,TACOMA,PICKUP TRUCK,RWD,GASOLINE,6116,2018-09-14,21.1
03B4568FDB1EAF33D0774B8DFB9201D7,2018,TOYOTA,TACOMA,PICKUP TRUCK,RWD,GASOLINE,,2018-10-30,21.1
CC98F4572E50EDEA4C780C957A5D0F70,2018,TOYOTA,TACOMA,PICKUP TRUCK,RWD,GASOLINE,,2018-10-19,21.1
45D6C1526804FDE8E9B7457EFE0DBE72,2018,TOYOTA,TACOMA,PICKUP TRUCK,RWD,GASOLINE,763,2018-10-19,21.1
63F6CA3A33501C1099294208FE209421,2018,TOYOTA,TACOMA,PICKUP TRUCK,RWD,GASOLINE,1288,2018-10-09,21.1
371D728A43FEAA58C1E21065148A1E7C,2018,TOYOTA,TACOMA,PICKUP TRUCK,RWD,GASOLINE,1890,2018-09-28,21.1
76E156516B2531E25143EDFF451B515F,2018,TOYOTA,TACOMA,PICKUP TRUCK,RWD,GASOLINE,130,2018-08-24,21.1
C893DC991B6EC39F226990B8FD240993,2018,TOYOTA,TACOMA,PICKUP TRUCK,RWD,GASOLINE,,2018-10-31,21.1
09922BA12A4B0A83D92ABA6EC95C4F9D,2018,TOYOTA,TACOMA,PICKUP TRUCK,RWD,GASOLINE,,2018-10-30,21.1
B3C307FCD87980D6DC92673A33801E43,2018,TOYOTA,TACOMA,PICKUP TRUCK,RWD,GASOLINE,3734,2018-08-24,21.1
D6A8615D90D41676BD8A2EEEC7CA445E,2018,TOYOTA,TACOMA,PICKUP TRUCK,RWD,GASOLINE,5453,2018-08-27,21.1
23A6C4CCFEDBEFB4D0D27DAFAD0B6E1E,2018,TOYOTA,TACOMA,PICKUP TRUCK,RWD,GASOLINE,298,2018-10-19,21.1
44751648C0F42D33DDCFD8C4AC0A84CF,2018,TOYOTA,TACOMA,PICKUP TRUCK,RWD,GASOLINE,,2018-10-16,21.1
82A885EFE35CB41519BA69488190F5C2,2018,TOYOTA,TACOMA,PICKUP TRUCK,RWD,GASOLINE,,2018-09-26,21.1
B46F6338A27C440A52B762575F0B223E,2018,FORD,EXPLORER,MULTIPURPOSE VEHICLE (MPV),FWD,GASOLINE,3967,2018-06-05,18.6
A121519562C7B95DDF9F17118672D98E,2018,TOYOTA,TACOMA,PICKUP TRUCK,RWD,GASOLINE,7,2018-10-22,21.1
14A8E6AC5B149F859E0C8D583907C1C8,2018,TOYOTA,TACOMA,PICKUP TRUCK,RWD,GASOLINE,1368,2018-10-02,21.1
AB5C34D01C517618D993FA768FAF0984,2018,TOYOTA,TACOMA,PICKUP TRUCK,RWD,GASOLINE,,2018-10-19,21.1
61E2637A5EA644B4F53852147A418343,2018,TOYOTA,TACOMA,PICKUP TRUCK,RWD,GASOLINE,1545,2018-10-18,21.1
32C7393B96A40B8337A63815AB3980C6,2018,TOYOTA,TACOMA,PICKUP TRUCK,RWD,GASOLINE,3108,2018-09-17,21.1
C3903E4165694E6B88F9861291B209F2,2018,TOYOTA,TACOMA,PICKUP TRUCK,RWD,GASOLINE,1050,2018-10-08,21.1
EA9B6BEABD77F6B32B3F234F853B10FA,2018,TOYOTA,TACOMA,PICKUP TRUCK,RWD,GASOLINE,777,2018-10-18,21.1
47C0E51D441761A18861D6F71A03DE45,2018,TOYOTA,TACOMA,PICKUP TRUCK,RWD,GASOLINE,3636,2018-08-23,21.1
AB0F1DBBF6636887A7E8834F0139A28D,2018,TOYOTA,TACOMA,PICKUP TRUCK,RWD,GASOLINE,1998,2018-10-03,21.1
9A4AABEFE6FB98ED3275BCF249E0EC4F,2018,TOYOTA,TACOMA,PICKUP TRUCK,RWD,GASOLINE,84,2018-10-19,21.1
05EB2DEF125C1AFE986C0ADD01B568B7,2018,TOYOTA,TACOMA,PICKUP TRUCK,RWD,GASOLINE,2367,2018-08-24,21.1
16C6CC71528D41C84D5DAAACB31DB241,2018,CHEVROLET,COLORADO,PICKUP TRUCK,RWD,GASOLINE/E85,3017,2018-09-06,21
8D8414887613E711846A693AF2A07C68,2018,TOYOTA,RAV4,MULTIPURPOSE VEHICLE (MPV),FWD,GASOLINE,4107,2018-09-18,15.9
563B09BB7C6C4A50B07D474E7F0BB569,2018,TOYOTA,RAV4,MULTIPURPOSE VEHICLE (MPV),FWD,GASOLINE,4253,2018-08-16,15.9
31BE45AF8A1C9A5985DFA30F07CD7879,2018,TOYOTA,RAV4,MULTIPURPOSE VEHICLE (MPV),FWD,GASOLINE,6533,2018-07-30,15.9
57D394966ED9F551EABEF8E84314C993,2018,FORD,EXPLORER,MULTIPURPOSE VEHICLE (MPV),4WD,GASOLINE,,2018-09-21,18.6
4B2C989F2A020484BE4BDE88CD363225,2018,FORD,EXPLORER,MULTIPURPOSE VEHICLE (MPV),4WD,GASOLINE,,2018-09-21,18.6
64D82A4C35E6FF7485AAC15075E54B4F,2018,FORD,EXPLORER,MULTIPURPOSE VEHICLE (MPV),4WD,GASOLINE,,2018-10-26,18.6
639868FFB0AB9898F639AFAF28E76E83,2018,FORD,EXPLORER,MULTIPURPOSE VEHICLE (MPV),4WD,GASOLINE,,2018-09-14,18.6
B6D0752C414772B3DE0FFE2632E5CC4D,2018,FORD,TRANSIT VAN,VAN,RWD,GASOLINE/E85,11572,2018-06-21,25
17D570EDF5D5E521F93C29805FB8BD5F,2019,TOYOTA,COROLLA,PASSENGER CAR,FWD,GASOLINE,8009,2018-07-24,13.2
79882DBAC16735642871DFE805FAC660,2019,TOYOTA,COROLLA,PASSENGER CAR,FWD,GASOLINE,595,2018-07-24,13.2
4B3663E7BD7A7CE474A82CD3B9E48A0F,2018,TOYOTA,TACOMA,PICKUP TRUCK,RWD,GASOLINE,6384,2018-07-24,21.1
083D668F2EAAA7438B65192D887DC278,2018,TOYOTA,TACOMA,PICKUP TRUCK,RWD,GASOLINE,4206,2018-07-12,21.1
5B8BD35899F2882F5B297BC2FC8D1B3C,2018,TOYOTA,TACOMA,PICKUP TRUCK,RWD,GASOLINE,3378,2018-09-10,21.1
302125EB55D6FCBFE3244F36F8FBC920,2018,TOYOTA,TACOMA,PICKUP TRUCK,RWD,GASOLINE,4284,2018-07-24,21.1
78B6446D51A80D9A14F2D940914ABD3B,2018,TOYOTA,TACOMA,PICKUP TRUCK,RWD,GASOLINE,,2018-07-12,21.1
418C5596A5CBAB3B2BD678D6A9E51E6B,2018,TOYOTA,TACOMA,PICKUP TRUCK,RWD,GASOLINE,10787,2018-06-15,21.1
CAC4D9DB022B0803AAB14DABCE242C48,2018,TOYOTA,TACOMA,PICKUP TRUCK,RWD,GASOLINE,2266,2018-06-13,21.1
803B2149CBC8ECF3B4B5AA0192C17CE6,2018,TOYOTA,TUNDRA,PICKUP TRUCK,RWD,GASOLINE,3355,2018-08-02,26.4
F6DE3FB4A28ABAE868A395C5DE503F46,2018,TOYOTA,TACOMA,PICKUP TRUCK,RWD,GASOLINE,3287,2018-07-12,21.1
B8E1219F0264E9084225B00B2B2C4836,2018,TOYOTA,TACOMA,PICKUP TRUCK,RWD,GASOLINE,14401,2018-06-13,21.1
065215E89EFC6A09B6E652EF051CB690,2018,TOYOTA,TACOMA,PICKUP TRUCK,RWD,GASOLINE,11583,2018-06-15,21.1
666DBE3FDD043AE5AF91E5A5457CFF9F,2018,TOYOTA,TACOMA,PICKUP TRUCK,RWD,GASOLINE,4200,2018-06-13,21.1
F8658DAF570DBA119D1BD3F026F5BC55,2018,TOYOTA,TACOMA,PICKUP TRUCK,RWD,GASOLINE,11043,2018-06-15,21.1
DB47070B20D93CA89CBD9BCA283886CA,2018,TOYOTA,TACOMA,PICKUP TRUCK,RWD,GASOLINE,6500,2018-06-15,21.1
9EAD3AA2BFD990F9A848B9726DF18555,2018,TOYOTA,TACOMA,PICKUP TRUCK,RWD,GASOLINE,10375,2018-06-15,21.1
DBD70DB717550F1AF037C5C82D257613,2018,TOYOTA,TACOMA,PICKUP TRUCK,RWD,GASOLINE,7963,2018-06-15,21.1
82C8644A9E8E820376E42966036A0EF8,2018,TOYOTA,TACOMA,PICKUP TRUCK,RWD,GASOLINE,12159,2018-07-10,21.1
F62B3BE93B6D1C881C92F82688790BAF,2018,TOYOTA,TACOMA,PICKUP TRUCK,RWD,GASOLINE,3067,2018-07-20,21.1
12FE8A45CF896AC3F6075D78F393F6AC,2018,TOYOTA,TACOMA,PICKUP TRUCK,RWD,GASOLINE,768,2018-07-10,21.1
C53F945951C4B77FF56836CAC96E0BFF,2018,TOYOTA,TACOMA,PICKUP TRUCK,RWD,GASOLINE,5536,2018-06-21,21.1
D522989064A74D50D1E798426E7B7D5E,2018,TOYOTA,TACOMA,PICKUP TRUCK,RWD,GASOLINE,6627,2018-07-10,21.1
23F95D2FBA0B73D164AD155CE9A2A111,2018,TOYOTA,COROLLA,PASSENGER CAR,FWD,GASOLINE,5291,2018-07-30,13.2
B1961F2D293DBE7856FD374B42364787,2018,TOYOTA,TACOMA,PICKUP TRUCK,RWD,GASOLINE,841,2018-09-10,21.1
2C03FE73F30DFCB577C338C63C7FFEB3,2018,TOYOTA,TACOMA,PICKUP TRUCK,RWD,GASOLINE,6182,2018-07-12,21.1
EEF054C17940CB11B26B3D9C52E27177,2018,TOYOTA,TACOMA,PICKUP TRUCK,RWD,GASOLINE,8951,2018-06-15,21.1
86406B50C733144AE56E31CDB29F7887,2018,TOYOTA,TACOMA,PICKUP TRUCK,RWD,GASOLINE,6978,2018-06-27,21.1
AE7EA066AEA7D66311C25DF1010D9E5B,2018,TOYOTA,TACOMA,PICKUP TRUCK,RWD,GASOLINE,7030,2018-06-08,21.1
1D83CA05BD39ECDD6D74C69294E27FAA,2018,TOYOTA,TACOMA,PICKUP TRUCK,RWD,GASOLINE,6820,2018-07-10,21.1
BFFB5BB846FD9859570A40F2D5B593E2,2018,TOYOTA,TACOMA,PICKUP TRUCK,RWD,GASOLINE,950,2018-07-30,21.1
F01F99EF9C1C68B8A1BB9C5C70F8B3CF,2018,TOYOTA,TACOMA,PICKUP TRUCK,RWD,GASOLINE,13369,2018-06-13,21.1
EB54A6A37B617552AC9C2F08FAEE0007,2018,TOYOTA,TACOMA,PICKUP TRUCK,RWD,GASOLINE,6200,2018-06-27,21.1
192A6E6802E20A178733346DC6E3B3BE,2018,TOYOTA,TACOMA,PICKUP TRUCK,RWD,GASOLINE,6165,2018-06-18,21.1
121C190FD6B3E15E3B6F8A5646B2229C,2018,TOYOTA,TACOMA,PICKUP TRUCK,RWD,GASOLINE,8334,2018-06-21,21.1
503CF96960B546D017F8F928B65619FE,2018,TOYOTA,TACOMA,PICKUP TRUCK,RWD,GASOLINE,4711,2018-08-03,21.1
B8AB951AE1049F437D744F512AACD383,2018,TOYOTA,TACOMA,PICKUP TRUCK,RWD,GASOLINE,5530,2018-06-21,21.1
8DD532E69C4925C29DDFF790D65D10D7,2018,TOYOTA,TACOMA,PICKUP TRUCK,RWD,GASOLINE,7979,2018-06-21,21.1
5BD929A7EA400711F95F367CE619672C,2018,TOYOTA,TACOMA,PICKUP TRUCK,RWD,GASOLINE,5211,2018-06-21,21.1
701FA0A3D64E2E98E24ADCDD11F6796F,2018,TOYOTA,TUNDRA,PICKUP TRUCK,RWD,GASOLINE,13468,2018-07-25,26.4
2051FB423388324B83C633C1F2B81FF3,2018,TOYOTA,TUNDRA,PICKUP TRUCK,RWD,GASOLINE,5905,2018-07-25,26.4
DCE6EBA8606F4A479730E09CD97F21AC,2018,TOYOTA,TACOMA,PICKUP TRUCK,RWD,GASOLINE,2399,2018-07-24,21.1
91A0CD8A3AF7095B94E51223DAF89049,2018,TOYOTA,TACOMA,PICKUP TRUCK,RWD,GASOLINE,11591,2018-06-15,21.1
6CDDCCEED9D98F07907B0DC048495E52,2018,TOYOTA,TUNDRA,PICKUP TRUCK,RWD,GASOLINE,901,2018-07-20,26.4
5A0AF2EF3E66777DECCE5EB631297E8F,2018,TOYOTA,TACOMA,PICKUP TRUCK,RWD,GASOLINE,1639,2018-09-10,21.1
52C03DF68F91B995819732949D0491C2,2018,TOYOTA,TACOMA,PICKUP TRUCK,RWD,GASOLINE,5708,2018-07-25,21.1
4975483246453775FAEC3C0C2A0ACC6F,2018,TOYOTA,TACOMA,PICKUP TRUCK,RWD,GASOLINE,5236,2018-06-08,21.1
54C173411DA3057E6CB6C6FA50B4E4F0,2018,TOYOTA,TACOMA,PICKUP TRUCK,RWD,GASOLINE,4193,2018-06-21,21.1
BC0206D90F091989619A681B9179A733,2018,TOYOTA,TACOMA,PICKUP TRUCK,RWD,GASOLINE,5277,2018-08-07,21.1
2096625682C1A1C5ED2FBF72A41F6330,2018,TOYOTA,TUNDRA,PICKUP TRUCK,RWD,GASOLINE,12386,2018-06-15,26.4
4FC1BAFBE7CBBD0B0BD46B62839259A4,2018,TOYOTA,TACOMA,PICKUP TRUCK,RWD,GASOLINE,489,2018-07-30,21.1
4660AC34DEF381F223D61AB52E8CE1F6,2018,TOYOTA,TACOMA,PICKUP TRUCK,RWD,GASOLINE,2030,2018-07-30,21.1
7BD3EFF014D3C7A0F58EF6052BA84BC3,2018,TOYOTA,TACOMA,PICKUP TRUCK,RWD,GASOLINE,5325,2018-07-24,21.1
269880A183B68E5D6FC617CB691E40B5,2018,TOYOTA,TACOMA,PICKUP TRUCK,RWD,GASOLINE,14168,2018-06-13,21.1
C7DAC7CFA85C57103A1154BEA37BB2FD,2018,TOYOTA,TACOMA,PICKUP TRUCK,RWD,GASOLINE,8149,2018-06-15,21.1
8766802E2570E8E47EA1E077D2CC19FA,2018,TOYOTA,TACOMA,PICKUP TRUCK,RWD,GASOLINE,11485,2018-06-15,21.1
C60791F93B2E0A073A54B55AE5A6D2B3,2018,TOYOTA,TACOMA,PICKUP TRUCK,RWD,GASOLINE,1462,2018-06-27,21.1
EDBD134A8590EAA713EA306F7028A7F4,2018,TOYOTA,TACOMA,PICKUP TRUCK,RWD,GASOLINE,18,2018-07-03,21.1
0A2AA58BD29C9B5076DC0F228C65962C,2018,TOYOTA,TACOMA,PICKUP TRUCK,RWD,GASOLINE,15,2018-06-13,21.1
3CE2120D7AB04994DE22390FE59B90AE,2018,TOYOTA,TACOMA,PICKUP TRUCK,RWD,GASOLINE,3400,2018-08-18,21.1
4D8431EE349E7AB80E49DDA719FAD3DC,2018,TOYOTA,TACOMA,PICKUP TRUCK,RWD,GASOLINE,10778,2018-07-10,21.1
16AE6CDB665E867060A6DF53B4CF49A9,2018,TOYOTA,TACOMA,PICKUP TRUCK,RWD,GASOLINE,4005,2018-08-10,21.1
036867B5CAA9BCB506CCBC97AE577360,2018,TOYOTA,TACOMA,PICKUP TRUCK,RWD,GASOLINE,6885,2018-06-18,21.1
2F7284389D9718C98E6A3823637571E3,2018,TOYOTA,TACOMA,PICKUP TRUCK,RWD,GASOLINE,8386,2018-08-23,21.1
4C36296170206C13E93B6781F1B876FE,2018,TOYOTA,TACOMA,PICKUP TRUCK,RWD,GASOLINE,21,2018-06-15,21.1
699CED17C92C71309C32D68F7A07C84D,2018,TOYOTA,TACOMA,PICKUP TRUCK,RWD,GASOLINE,32,2018-08-22,21.1
BF5ACC8077A6B723F7E47E00B82C1E0D,2018,TOYOTA,TACOMA,PICKUP TRUCK,RWD,GASOLINE,,2018-08-16,21.1
D292687284926854BF641CF8464A2B92,2018,TOYOTA,TACOMA,PICKUP TRUCK,RWD,GASOLINE,3210,2018-08-23,21.1
2CADB528189F92450785EFE40C8C0149,2018,TOYOTA,TACOMA,PICKUP TRUCK,RWD,GASOLINE,,2018-08-02,21.1
D58D21E3B8977A3A251BB3568CC02028,2018,TOYOTA,TACOMA,PICKUP TRUCK,RWD,GASOLINE,2097,2018-07-30,21.1
684B46C2FCB3530650E87A26B778B4B6,2018,TOYOTA,TUNDRA,PICKUP TRUCK,4WD,GASOLINE,5450,2018-07-18,38
C79D6C465A13D29F675DDBCE2C26B624,2018,TOYOTA,TACOMA,PICKUP TRUCK,RWD,GASOLINE,5029,2018-06-18,21.1
4067C1AB7F867E0F2178DDDE75F5DF12,2018,TOYOTA,TACOMA,PICKUP TRUCK,RWD,GASOLINE,3300,2018-08-23,21.1
F99CA2411A873C3CA060179CA51BA259,2018,TOYOTA,TACOMA,PICKUP TRUCK,RWD,GASOLINE,373,2018-07-25,21.1
8ED3F395DD0C4AF0ED3848BD018600CE,2018,TOYOTA,TACOMA,PICKUP TRUCK,RWD,GASOLINE,1200,2018-08-16,21.1
50B9BF719058CE209589BDDA5A96C85A,2018,TOYOTA,TACOMA,PICKUP TRUCK,RWD,GASOLINE,4226,2018-08-16,21.1
7C26F961C309072F3FD6CD2E1AF5C8DD,2018,TOYOTA,TACOMA,PICKUP TRUCK,RWD,GASOLINE,,2018-08-23,21.1
FE4C9291CD029EAC712DD60FD1A657DC,2018,TOYOTA,TACOMA,PICKUP TRUCK,RWD,GASOLINE,16,2018-09-11,21.1
1F1626CFC37F781E6E1CC5C9D9504744,2018,TOYOTA,TACOMA,PICKUP TRUCK,RWD,GASOLINE,3908,2018-08-10,21.1
0A861DA1808AFFF273B73ADA761C565F,2018,TOYOTA,TACOMA,PICKUP TRUCK,RWD,GASOLINE,2954,2018-08-02,21.1
851A56BE483D95EC4B7D8741F567F1F5,2018,TOYOTA,TACOMA,PICKUP TRUCK,RWD,GASOLINE,3769,2018-08-13,21.1
F841A51F6969B5AAD048B84E3DD2E727,2017,CHEVROLET,EXPRESS,VAN,RWD,GASOLINE/E85,,2018-02-28,31
66DCABB5E92EDB68B4AD46942C9DFB07,2018,FORD,EXPLORER,MULTIPURPOSE VEHICLE (MPV),FWD,GASOLINE,17108,2018-06-15,18.6
0FAA1DBCE655823C7F2CFBA7423B9CB7,2018,TOYOTA,TACOMA,PICKUP TRUCK,RWD,GASOLINE,1094,2018-07-12,21.1
4C8434AF09A1FAC65C365F43466B9401,2018,TOYOTA,TACOMA,PICKUP TRUCK,RWD,GASOLINE,1661,2018-07-12,21.1
C2D238B0F7D173F801B7F0E49D480846,2018,TOYOTA,TACOMA,PICKUP TRUCK,RWD,GASOLINE,5090,2018-06-15,21.1
CD60B62ADCAB49692A79BA00584CFEF1,2018,TOYOTA,TACOMA,PICKUP TRUCK,RWD,GASOLINE,,2018-08-22,21.1
CF3B3983E885C0F2698F200E393DE806,2018,TOYOTA,TACOMA,PICKUP TRUCK,RWD,GASOLINE,4669,2018-06-15,21.1
E219951E0B5E4E24C09D60B9E51EF460,2018,TOYOTA,TACOMA,PICKUP TRUCK,RWD,GASOLINE,585,2018-08-03,21.1
B7E0C125CD95A48EF3CBDEF149B4C902,2018,TOYOTA,TACOMA,PICKUP TRUCK,4WD,GASOLINE,7767,2018-05-31,21.1
FF31D4F01054684DEFA9C5788217A294,2018,TOYOTA,TACOMA,PICKUP TRUCK,RWD,GASOLINE,7570,2018-08-03,21.1
DCADE9D79678901E5480085AABDB8B0E,2018,TOYOTA,TACOMA,PICKUP TRUCK,RWD,GASOLINE,15,2018-06-15,21.1
EE5450E3752572CC6735912A96BCC74B,2018,TOYOTA,TACOMA,PICKUP TRUCK,RWD,GASOLINE,,2018-09-12,21.1
2DBE9650EDBF6217888D2557B6D1B054,2018,TOYOTA,TACOMA,PICKUP TRUCK,RWD,GASOLINE,,2018-09-12,21.1
26FAFD4A8ADB1F84744B28E016443086,2018,TOYOTA,TACOMA,PICKUP TRUCK,RWD,GASOLINE,6782,2018-01-18,21.1
D3B4ED36287DB79C932666CB8588B332,2018,TOYOTA,TACOMA,PICKUP TRUCK,RWD,GASOLINE,,2018-08-23,21.1
E17850D869B0B37468445428E0262D51,2018,TOYOTA,TACOMA,PICKUP TRUCK,RWD,GASOLINE,,2018-08-23,21.1
9F8DF081ED753207AC9F235E0141B491,2018,TOYOTA,TACOMA,PICKUP TRUCK,RWD,GASOLINE,,2018-08-23,21.1
A52211BCF98D073E68792E02C5C56BA9,2018,TOYOTA,TACOMA,PICKUP TRUCK,RWD,GASOLINE,,2018-08-23,21.1
8953895A2E21D6929B622BD5B3B758C5,2018,TOYOTA,TACOMA,PICKUP TRUCK,RWD,GASOLINE,5049,2018-09-07,21.1
E0AA6FD1FBA17C022D9DA15D4FD76ED4,2018,TOYOTA,TACOMA,PICKUP TRUCK,RWD,GASOLINE,3225,2018-08-23,21.1
6DB9841C83FAE12BFF70B1AD63D7D897,2018,TOYOTA,TACOMA,PICKUP TRUCK,RWD,GASOLINE,8776,2018-08-16,21.1
905585F022A6A07404BF999AD2D0BDE9,2018,FORD,EXPLORER,MULTIPURPOSE VEHICLE (MPV),FWD,GASOLINE,4118,2018-08-23,18.6
289A6A1AB463A2C5222049F32A74ED7D,2018,FORD,F-150,PICKUP TRUCK,4WD,GASOLINE/E85,,2018-09-28,26
6D65493AD2D2A14EE4632031755182E5,2018,TOYOTA,RAV4,MULTIPURPOSE VEHICLE (MPV),4WD,GASOLINE,,2018-10-24,15.9
A2816D886EF5B4A7C565DBCBC576639A,2017,ISUZU,NPR-XD,TRUCK,4X2,GASOLINE,,2018-10-15,0
